  trim USDCAD H4: bars_from=2006-01-04T00:00:00+00:00 dropped 1,680 of 35,786 bars
  trim USDCAD D1: bars_from=2006-01-04T00:00:00+00:00 dropped 319 of 6,855 bars
  trim USDCHF H4: bars_from=2006-01-04T00:00:00+00:00 dropped 1,686 of 35,802 bars
  trim USDCHF D1: bars_from=2006-01-04T00:00:00+00:00 dropped 320 of 6,856 bars
  trim DE40 H4: bars_from=2006-01-04T00:00:00+00:00 dropped 956 of 26,119 bars
  trim DE40 D1: bars_from=2006-01-04T00:00:00+00:00 dropped 259 of 5,545 bars
  trim AUDJPY H4: bars_from=2006-01-04T00:00:00+00:00 dropped 1,679 of 35,807 bars
  trim AUDJPY D1: bars_from=2006-01-04T00:00:00+00:00 dropped 317 of 6,857 bars
  trim EURJPY H4: bars_from=2006-01-04T00:00:00+00:00 dropped 1,683 of 35,822 bars
  trim EURJPY D1: bars_from=2006-01-04T00:00:00+00:00 dropped 321 of 6,859 bars
  trim GBPJPY H4: bars_from=2006-01-04T00:00:00+00:00 dropped 1,683 of 35,796 bars
  trim GBPJPY D1: bars_from=2006-01-04T00:00:00+00:00 dropped 319 of 6,852 bars
  trim USDJPY H4: bars_from=2006-01-04T00:00:00+00:00 dropped 1,694 of 35,833 bars
  trim USDJPY D1: bars_from=2006-01-04T00:00:00+00:00 dropped 320 of 6,859 bars
  trim AUDUSD H4: bars_from=2006-01-04T00:00:00+00:00 dropped 1,682 of 35,842 bars
  trim AUDUSD D1: bars_from=2006-01-04T00:00:00+00:00 dropped 319 of 6,869 bars
  trim EURUSD H4: bars_from=2006-01-04T00:00:00+00:00 dropped 1,702 of 35,882 bars
  trim EURUSD D1: bars_from=2006-01-04T00:00:00+00:00 dropped 324 of 6,879 bars
  trim GBPUSD H4: bars_from=2006-01-04T00:00:00+00:00 dropped 1,683 of 35,810 bars
  trim GBPUSD D1: bars_from=2006-01-04T00:00:00+00:00 dropped 320 of 6,862 bars
  trim NZDUSD H4: bars_from=2006-01-04T00:00:00+00:00 dropped 1,676 of 35,796 bars
  trim NZDUSD D1: bars_from=2006-01-04T00:00:00+00:00 dropped 321 of 6,860 bars
  trim US500 H4: bars_from=2006-01-04T00:00:00+00:00 dropped 1,598 of 34,708 bars
  trim US500 D1: bars_from=2006-01-04T00:00:00+00:00 dropped 311 of 6,757 bars
  trim XAGUSD H4: bars_from=2006-01-04T00:00:00+00:00 dropped 0 of 33,368 bars
  trim XAGUSD D1: bars_from=2006-01-04T00:00:00+00:00 dropped 0 of 6,438 bars
  trim XAUUSD H4: bars_from=2006-01-04T00:00:00+00:00 dropped 0 of 33,439 bars
  trim XAUUSD D1: bars_from=2006-01-04T00:00:00+00:00 dropped 0 of 6,448 bars
  trim EURGBP H4: bars_from=2006-01-04T00:00:00+00:00 dropped 1,686 of 35,804 bars
  trim EURGBP D1: bars_from=2006-01-04T00:00:00+00:00 dropped 320 of 6,854 bars
  trim UK100 H4: bars_from=2006-01-04T00:00:00+00:00 dropped 906 of 26,027 bars
  trim UK100 D1: bars_from=2006-01-04T00:00:00+00:00 dropped 253 of 5,513 bars
==== run_discovery_campaign 2026-09-30T01:56:26+00:00 ====
campaign_id: k5_generated_families_oanda_mid
engine_version: engine_v3_realism (required engine_v3_realism: ok)
account_ccy: GBP
fx_label: SeriesFxSource(GBP; daily closes as-of bar close; max_staleness=4 days 00:00:00; pivot=USD; GBPCAD@ds_153cddfe3f59e1209da60a6c, GBPCHF@ds_6bad225daea5df07f9319374, EURGBP@ds_dc307b45fa2d2ec9ba010a06, GBPJPY@ds_e349d738b2104e6b155a2ec1, GBPUSD@ds_12849393c960a8aae970127a; fallback via_usd where the direct cross has no fresh rate for CAD, CHF, EUR, JPY using USDCAD@ds_1f556ebf7564ba9dd4b2d28c, USDCHF@ds_0de0ec59ebfd379cd2ed3978, EURUSD@ds_a919ff4d7be2b3b803731bbd, USDJPY@ds_f68583a7243d71629e19871b)
calendar: official: 339 events, declared 2024-01-01 00:00:00+00:00 .. 2026-12-04 13:30:00+00:00, currencies EUR, GBP, JPY, USD; policy enforce-where-covered; allow_empty_calendar=True
calendar_coverage: 32 series, share of bars inside the declared span 12.9% .. 14.9% (per series below and in calendar_coverage.json)
construction_policy: construction_v2 (run_validation default 'research_default': allocator equal_risk, tier probationary, lifecycle paper, config_sha256 4fb48d89a56b, correlation unmeasured (unmeasured_correlation=0.3))
gate_set: v2.0.0-audit (min_trades=400)
bars_from: 2006-01-04T00:00:00+00:00
universe: 16 instrument(s) AUDJPY AUDUSD DE40 EURGBP EURJPY EURUSD GBPJPY GBPUSD NZDUSD UK100 US500 USDCAD USDCHF USDJPY XAGUSD XAUUSD; timeframes H4 D1
seeds_requested: all (every document in research/strategies and --generated-dir)
generated_documents: 100 from research/generated, manifest sha256 4f87aaedb5fbb63887e462953793d006a6d28f68fa0188f3d27233d6f513148e
budget: max_evaluations=100000 generations=0 grid=8x2 folds=4
external_prior_trials: 8496
data_root: var/datastore
====
  fx EURGBP: {"dataset_version_id": "ds_dc307b45fa2d2ec9ba010a06", "source_timeframe": "D1", "derivation": "D1 closes stamped at bar close (open + 1 day)", "first_known": "2005-01-03 00:00:00+00:00", "last_known": "2026-09-30 00:00:00+00:00", "observations": 6854, "gaps_over_max_staleness": 0}
  fx EURUSD: {"dataset_version_id": "ds_a919ff4d7be2b3b803731bbd", "source_timeframe": "D1", "derivation": "D1 closes stamped at bar close (open + 1 day)", "first_known": "2005-01-03 00:00:00+00:00", "last_known": "2026-09-30 00:00:00+00:00", "observations": 6879, "gaps_over_max_staleness": 0}
  fx GBPCAD: {"dataset_version_id": "ds_153cddfe3f59e1209da60a6c", "source_timeframe": "D1", "derivation": "D1 closes stamped at bar close (open + 1 day)", "first_known": "2005-01-03 00:00:00+00:00", "last_known": "2026-09-30 00:00:00+00:00", "observations": 6857, "gaps_over_max_staleness": 0}
  fx GBPCHF: {"dataset_version_id": "ds_6bad225daea5df07f9319374", "source_timeframe": "D1", "derivation": "D1 closes stamped at bar close (open + 1 day)", "first_known": "2005-01-03 00:00:00+00:00", "last_known": "2026-09-30 00:00:00+00:00", "observations": 6849, "gaps_over_max_staleness": 0}
  fx GBPJPY: {"dataset_version_id": "ds_e349d738b2104e6b155a2ec1", "source_timeframe": "D1", "derivation": "D1 closes stamped at bar close (open + 1 day)", "first_known": "2005-01-03 00:00:00+00:00", "last_known": "2026-09-30 00:00:00+00:00", "observations": 6852, "gaps_over_max_staleness": 0}
  fx GBPUSD: {"dataset_version_id": "ds_12849393c960a8aae970127a", "source_timeframe": "D1", "derivation": "D1 closes stamped at bar close (open + 1 day)", "first_known": "2005-01-03 00:00:00+00:00", "last_known": "2026-09-30 00:00:00+00:00", "observations": 6862, "gaps_over_max_staleness": 0}
  fx USDCAD: {"dataset_version_id": "ds_1f556ebf7564ba9dd4b2d28c", "source_timeframe": "D1", "derivation": "D1 closes stamped at bar close (open + 1 day)", "first_known": "2005-01-03 00:00:00+00:00", "last_known": "2026-09-30 00:00:00+00:00", "observations": 6855, "gaps_over_max_staleness": 0}
  fx USDCHF: {"dataset_version_id": "ds_0de0ec59ebfd379cd2ed3978", "source_timeframe": "D1", "derivation": "D1 closes stamped at bar close (open + 1 day)", "first_known": "2005-01-03 00:00:00+00:00", "last_known": "2026-09-30 00:00:00+00:00", "observations": 6856, "gaps_over_max_staleness": 0}
  fx USDJPY: {"dataset_version_id": "ds_f68583a7243d71629e19871b", "source_timeframe": "D1", "derivation": "D1 closes stamped at bar close (open + 1 day)", "first_known": "2005-01-03 00:00:00+00:00", "last_known": "2026-09-30 00:00:00+00:00", "observations": 6859, "gaps_over_max_staleness": 0}
  fx route AUDJPY D1: 6,540 bars direct, 0 via_usd, 0 without a rate
  fx route AUDJPY H4: 34,128 bars direct, 0 via_usd, 0 without a rate
  fx route AUDUSD D1: 6,550 bars direct, 0 via_usd, 0 without a rate
  fx route AUDUSD H4: 34,160 bars direct, 0 via_usd, 0 without a rate
  fx route DE40 D1: 5,286 bars direct, 0 via_usd, 0 without a rate
  fx route DE40 H4: 25,163 bars direct, 0 via_usd, 0 without a rate
  fx route EURJPY D1: 6,538 bars direct, 0 via_usd, 0 without a rate
  fx route EURJPY H4: 34,139 bars direct, 0 via_usd, 0 without a rate
  fx route EURUSD D1: 6,555 bars direct, 0 via_usd, 0 without a rate
  fx route EURUSD H4: 34,180 bars direct, 0 via_usd, 0 without a rate
  fx route GBPJPY D1: 6,533 bars direct, 0 via_usd, 0 without a rate
  fx route GBPJPY H4: 34,113 bars direct, 0 via_usd, 0 without a rate
  fx route GBPUSD D1: 6,542 bars direct, 0 via_usd, 0 without a rate
  fx route GBPUSD H4: 34,127 bars direct, 0 via_usd, 0 without a rate
  fx route NZDUSD D1: 6,539 bars direct, 0 via_usd, 0 without a rate
  fx route NZDUSD H4: 34,120 bars direct, 0 via_usd, 0 without a rate
  fx route US500 D1: 6,446 bars direct, 0 via_usd, 0 without a rate
  fx route US500 H4: 33,110 bars direct, 0 via_usd, 0 without a rate
  fx route USDCAD D1: 6,536 bars direct, 0 via_usd, 0 without a rate
  fx route USDCAD H4: 34,106 bars direct, 0 via_usd, 0 without a rate
  fx route USDCHF D1: 6,536 bars direct, 0 via_usd, 0 without a rate
  fx route USDCHF H4: 34,116 bars direct, 0 via_usd, 0 without a rate
  fx route USDJPY D1: 6,539 bars direct, 0 via_usd, 0 without a rate
  fx route USDJPY H4: 34,139 bars direct, 0 via_usd, 0 without a rate
  fx route XAGUSD D1: 6,438 bars direct, 0 via_usd, 0 without a rate
  fx route XAGUSD H4: 33,368 bars direct, 0 via_usd, 0 without a rate
  fx route XAUUSD D1: 6,448 bars direct, 0 via_usd, 0 without a rate
  fx route XAUUSD H4: 33,439 bars direct, 0 via_usd, 0 without a rate
  calendar AUDJPY H4: 34,128 bars 2006-01-04..2026-09-29, 13.0% inside the declared span, not carried: AUD
  calendar AUDJPY D1: 6,540 bars 2006-01-04..2026-09-29, 13.1% inside the declared span, not carried: AUD
  calendar AUDUSD H4: 34,160 bars 2006-01-04..2026-09-29, 12.9% inside the declared span, not carried: AUD
  calendar AUDUSD D1: 6,550 bars 2006-01-04..2026-09-29, 13.1% inside the declared span, not carried: AUD
  calendar DE40 H4: 25,163 bars 2006-01-04..2026-09-29, 14.9% inside the declared span
  calendar DE40 D1: 5,286 bars 2006-01-04..2026-09-29, 13.2% inside the declared span
  calendar EURGBP H4: 34,118 bars 2006-01-04..2026-09-29, 13.0% inside the declared span
  calendar EURGBP D1: 6,534 bars 2006-01-04..2026-09-29, 13.2% inside the declared span
  calendar EURJPY H4: 34,139 bars 2006-01-04..2026-09-29, 12.9% inside the declared span
  calendar EURJPY D1: 6,538 bars 2006-01-04..2026-09-29, 13.2% inside the declared span
  calendar EURUSD H4: 34,180 bars 2006-01-04..2026-09-29, 12.9% inside the declared span
  calendar EURUSD D1: 6,555 bars 2006-01-04..2026-09-29, 13.1% inside the declared span
  calendar GBPJPY H4: 34,113 bars 2006-01-04..2026-09-29, 13.0% inside the declared span
  calendar GBPJPY D1: 6,533 bars 2006-01-04..2026-09-29, 13.2% inside the declared span
  calendar GBPUSD H4: 34,127 bars 2006-01-04..2026-09-29, 13.0% inside the declared span
  calendar GBPUSD D1: 6,542 bars 2006-01-04..2026-09-29, 13.1% inside the declared span
  calendar NZDUSD H4: 34,120 bars 2006-01-04..2026-09-29, 13.0% inside the declared span, not carried: NZD
  calendar NZDUSD D1: 6,539 bars 2006-01-04..2026-09-29, 13.2% inside the declared span, not carried: NZD
  calendar UK100 H4: 25,121 bars 2006-01-04..2026-09-29, 14.9% inside the declared span
  calendar UK100 D1: 5,260 bars 2006-01-04..2026-09-29, 13.2% inside the declared span
  calendar US500 H4: 33,110 bars 2006-01-04..2026-09-29, 13.3% inside the declared span
  calendar US500 D1: 6,446 bars 2006-01-04..2026-09-29, 13.3% inside the declared span
  calendar USDCAD H4: 34,106 bars 2006-01-04..2026-09-29, 13.0% inside the declared span, not carried: CAD
  calendar USDCAD D1: 6,536 bars 2006-01-04..2026-09-29, 13.2% inside the declared span, not carried: CAD
  calendar USDCHF H4: 34,116 bars 2006-01-04..2026-09-29, 13.0% inside the declared span, not carried: CHF
  calendar USDCHF D1: 6,536 bars 2006-01-04..2026-09-29, 13.2% inside the declared span, not carried: CHF
  calendar USDJPY H4: 34,139 bars 2006-01-04..2026-09-29, 12.9% inside the declared span
  calendar USDJPY D1: 6,539 bars 2006-01-04..2026-09-29, 13.2% inside the declared span
  calendar XAGUSD H4: 33,368 bars 2006-03-20..2026-09-29, 13.2% inside the declared span
  calendar XAGUSD D1: 6,438 bars 2006-03-20..2026-09-29, 13.3% inside the declared span
  calendar XAUUSD H4: 33,439 bars 2006-03-19..2026-09-29, 13.1% inside the declared span
  calendar XAUUSD D1: 6,448 bars 2006-03-20..2026-09-29, 13.3% inside the declared span
seeds: ['donchian_breakout_atr', 'fib_golden_pocket_pullback', 'ichimoku_kumo_trend', 'macd_ema_trend_hybrid', 'rsi_band_mean_reversion', 'tsmom_dual_horizon', 'gen_bv_donchian_close_break_adx_gate_swing_tp_short', 'gen_bv_donchian_close_break_adx_gate_tp_r', 'gen_bv_donchian_close_break_none_swing_tp_long', 'gen_bv_donchian_close_break_session_time_exit', 'gen_bv_donchian_fresh_cross_adx_gate_swing_tp_long', 'gen_bv_donchian_fresh_cross_none_swing_tp_short', 'gen_bv_donchian_fresh_cross_none_time_exit', 'gen_bv_donchian_fresh_cross_none_trail', 'gen_bv_donchian_fresh_cross_session_swing_tp_short', 'gen_bv_donchian_fresh_cross_session_time_exit', 'gen_bv_kc_break_adx_gate_time_exit', 'gen_bv_kc_break_none_swing_tp_long', 'gen_bv_kc_break_none_tp_r', 'gen_bv_kc_break_rvol_gate_time_exit', 'gen_bv_kc_break_rvol_gate_tp_r', 'gen_bv_kc_break_session_trail', 'gen_ic_kumo_chikou_flip_adx_gate_swing_tp_long', 'gen_ic_kumo_chikou_flip_none_swing_tp_short', 'gen_ic_kumo_chikou_flip_rvol_gate_swing_tp_long', 'gen_ic_kumo_chikou_flip_rvol_gate_time_exit', 'gen_ic_kumo_chikou_flip_session_time_exit', 'gen_ic_kumo_kijun_cross_adx_gate_swing_tp_long', 'gen_ic_kumo_kijun_cross_adx_gate_tp_r', 'gen_ic_kumo_kijun_cross_none_swing_tp_short', 'gen_ic_kumo_kijun_cross_rvol_gate_trail', 'gen_ic_kumo_kijun_cross_session_tp_r', 'gen_ic_kumo_kijun_cross_session_trail', 'gen_ic_kumo_tk_cross_adx_gate_swing_tp_short', 'gen_ic_kumo_tk_cross_none_swing_tp_long', 'gen_ic_kumo_tk_cross_none_time_exit', 'gen_ic_kumo_tk_cross_none_tp_r', 'gen_ic_kumo_tk_cross_none_trail', 'gen_ic_kumo_tk_cross_rvol_gate_swing_tp_long', 'gen_ic_kumo_tk_cross_rvol_gate_trail', 'gen_ic_kumo_tk_cross_session_swing_tp_long', 'gen_ic_kumo_tk_cross_session_tp_r', 'gen_mo_macd_cci_adx_gate_swing_tp_long', 'gen_mo_macd_cci_adx_gate_time_exit', 'gen_mo_macd_cci_adx_gate_trail', 'gen_mo_macd_cci_none_time_exit', 'gen_mo_macd_cci_session_swing_tp_long', 'gen_mo_macd_cci_session_time_exit', 'gen_mo_macd_stoch_none_swing_tp_long', 'gen_mo_macd_stoch_none_time_exit', 'gen_mo_macd_stoch_none_tp_r', 'gen_mo_macd_stoch_none_trail', 'gen_mo_macd_stoch_rvol_gate_time_exit', 'gen_mo_rsi_stoch_adx_gate_swing_tp_long', 'gen_mo_rsi_stoch_rvol_gate_swing_tp_long', 'gen_mo_rsi_stoch_rvol_gate_swing_tp_short', 'gen_mo_rsi_stoch_rvol_gate_tp_r', 'gen_mo_rsi_stoch_session_swing_tp_long', 'gen_mo_rsi_stoch_session_trail', 'gen_mr_bb_reentry_none_swing_tp_long', 'gen_mr_bb_reentry_none_swing_tp_short', 'gen_mr_bb_reentry_none_time_exit', 'gen_mr_bb_reentry_rvol_gate_swing_tp_long', 'gen_mr_bb_reentry_session_swing_tp_long', 'gen_mr_bb_reentry_session_swing_tp_short', 'gen_mr_bb_reentry_session_time_exit', 'gen_mr_kc_reentry_none_swing_tp_long', 'gen_mr_kc_reentry_none_time_exit', 'gen_mr_kc_reentry_none_trail', 'gen_mr_kc_reentry_session_swing_tp_long', 'gen_mr_kc_reentry_session_swing_tp_short', 'gen_mr_kc_reentry_session_time_exit', 'gen_sb_range_close_break_adx_gate_swing_tp_short', 'gen_sb_range_close_break_adx_gate_time_exit', 'gen_sb_range_close_break_none_swing_tp_long', 'gen_sb_range_close_break_none_swing_tp_short', 'gen_sb_range_close_break_none_trail', 'gen_sb_range_close_break_rvol_gate_swing_tp_short', 'gen_sb_range_close_break_session_swing_tp_long', 'gen_sb_range_close_break_session_time_exit', 'gen_sb_range_fresh_cross_adx_gate_swing_tp_short', 'gen_sb_range_fresh_cross_adx_gate_time_exit', 'gen_sb_range_fresh_cross_none_swing_tp_long', 'gen_sb_range_fresh_cross_none_swing_tp_short', 'gen_sb_range_fresh_cross_none_time_exit', 'gen_sb_range_fresh_cross_rvol_gate_tp_r', 'gen_sb_range_fresh_cross_session_swing_tp_long', 'gen_sb_range_fresh_cross_session_time_exit', 'gen_tp_ema_recross_rvol_gate_trail', 'gen_tp_ema_recross_session_trail', 'gen_tp_kc_recross_adx_gate_swing_tp_short', 'gen_tp_kc_recross_none_swing_tp_long', 'gen_tp_kc_recross_none_time_exit', 'gen_tp_kc_recross_none_trail', 'gen_tp_kc_recross_rvol_gate_time_exit', 'gen_tp_kc_recross_session_trail', 'gen_tp_sma_recross_adx_gate_swing_tp_long', 'gen_tp_sma_recross_adx_gate_swing_tp_short', 'gen_tp_sma_recross_adx_gate_time_exit', 'gen_tp_sma_recross_adx_gate_tp_r', 'gen_tp_sma_recross_none_swing_tp_long', 'gen_tp_sma_recross_none_swing_tp_short', 'gen_tp_sma_recross_rvol_gate_tp_r', 'gen_tp_sma_recross_rvol_gate_trail', 'gen_tp_sma_recross_session_swing_tp_short', 'gen_tp_sma_recross_session_time_exit']
hypotheses: ['gold_range_breakout_persists', 'golden_pocket_pullback_holds', 'kumo_state_conditions_trend', 'macd_confirms_ema_trend', 'rsi_band_reversion_in_range']
  trim AUDUSD H4: bars_from=2006-01-04T00:00:00+00:00 dropped 1,682 of 35,842 bars
  trim AUDUSD D1: bars_from=2006-01-04T00:00:00+00:00 dropped 319 of 6,869 bars
  trim DE40 H4: bars_from=2006-01-04T00:00:00+00:00 dropped 956 of 26,119 bars
  trim DE40 D1: bars_from=2006-01-04T00:00:00+00:00 dropped 259 of 5,545 bars
  trim EURJPY H4: bars_from=2006-01-04T00:00:00+00:00 dropped 1,683 of 35,822 bars
  trim EURJPY D1: bars_from=2006-01-04T00:00:00+00:00 dropped 321 of 6,859 bars
  trim EURUSD H4: bars_from=2006-01-04T00:00:00+00:00 dropped 1,702 of 35,882 bars
  trim EURUSD D1: bars_from=2006-01-04T00:00:00+00:00 dropped 324 of 6,879 bars
  trim GBPJPY H4: bars_from=2006-01-04T00:00:00+00:00 dropped 1,683 of 35,796 bars
  trim GBPJPY D1: bars_from=2006-01-04T00:00:00+00:00 dropped 319 of 6,852 bars
  trim GBPUSD H4: bars_from=2006-01-04T00:00:00+00:00 dropped 1,683 of 35,810 bars
  trim GBPUSD D1: bars_from=2006-01-04T00:00:00+00:00 dropped 320 of 6,862 bars
  trim NZDUSD H4: bars_from=2006-01-04T00:00:00+00:00 dropped 1,676 of 35,796 bars
  trim NZDUSD D1: bars_from=2006-01-04T00:00:00+00:00 dropped 321 of 6,860 bars
  trim US500 H4: bars_from=2006-01-04T00:00:00+00:00 dropped 1,598 of 34,708 bars
  trim US500 D1: bars_from=2006-01-04T00:00:00+00:00 dropped 311 of 6,757 bars
  trim USDCAD H4: bars_from=2006-01-04T00:00:00+00:00 dropped 1,680 of 35,786 bars
  trim USDCAD D1: bars_from=2006-01-04T00:00:00+00:00 dropped 319 of 6,855 bars
  trim USDCHF H4: bars_from=2006-01-04T00:00:00+00:00 dropped 1,686 of 35,802 bars
  trim USDCHF D1: bars_from=2006-01-04T00:00:00+00:00 dropped 320 of 6,856 bars
  trim USDJPY H4: bars_from=2006-01-04T00:00:00+00:00 dropped 1,694 of 35,833 bars
  trim USDJPY D1: bars_from=2006-01-04T00:00:00+00:00 dropped 320 of 6,859 bars
  trim XAUUSD H4: bars_from=2006-01-04T00:00:00+00:00 dropped 0 of 33,439 bars
  trim XAUUSD D1: bars_from=2006-01-04T00:00:00+00:00 dropped 0 of 6,448 bars
  trim EURGBP H4: bars_from=2006-01-04T00:00:00+00:00 dropped 1,686 of 35,804 bars
  trim AUDJPY H4: bars_from=2006-01-04T00:00:00+00:00 dropped 1,679 of 35,807 bars
  trim AUDJPY D1: bars_from=2006-01-04T00:00:00+00:00 dropped 317 of 6,857 bars
  trim UK100 H4: bars_from=2006-01-04T00:00:00+00:00 dropped 906 of 26,027 bars
  trim UK100 D1: bars_from=2006-01-04T00:00:00+00:00 dropped 253 of 5,513 bars
  trim XAGUSD H4: bars_from=2006-01-04T00:00:00+00:00 dropped 0 of 33,368 bars
  trim XAGUSD D1: bars_from=2006-01-04T00:00:00+00:00 dropped 0 of 6,438 bars
  trim EURGBP D1: bars_from=2006-01-04T00:00:00+00:00 dropped 320 of 6,854 bars

1955 cells queued, 1437 skipped, 0 mutations refused
planned trials 12408 + ledger prior 0 + declared prior 8496 = TRUE TRIAL COUNT 20904
  declared prior trials: K5 pre-registration: K4 true N 8496 (contains K3 7376 and the 4026 before); same sixteen markets, OANDA MID versions are new dataset ids; see RESEARCH_LEDGER.md K5
  donchian_breakout_atr [8483154d0f17] on AUDUSD H4 via seed (8 trials)
  donchian_breakout_atr [8483154d0f17] on AUDUSD D1 via seed (8 trials)
  donchian_breakout_atr [8483154d0f17] on DE40 H4 via seed (8 trials)
  donchian_breakout_atr [8483154d0f17] on DE40 D1 via seed (8 trials)
  donchian_breakout_atr [8483154d0f17] on EURJPY H4 via seed (8 trials)
  donchian_breakout_atr [8483154d0f17] on EURJPY D1 via seed (8 trials)
  donchian_breakout_atr [8483154d0f17] on EURUSD H4 via seed (8 trials)
  donchian_breakout_atr [8483154d0f17] on EURUSD D1 via seed (8 trials)
  donchian_breakout_atr [8483154d0f17] on GBPJPY H4 via seed (8 trials)
  donchian_breakout_atr [8483154d0f17] on GBPJPY D1 via seed (8 trials)
  donchian_breakout_atr [8483154d0f17] on GBPUSD H4 via seed (8 trials)
  donchian_breakout_atr [8483154d0f17] on GBPUSD D1 via seed (8 trials)
  donchian_breakout_atr [8483154d0f17] on NZDUSD H4 via seed (8 trials)
  donchian_breakout_atr [8483154d0f17] on NZDUSD D1 via seed (8 trials)
  donchian_breakout_atr [8483154d0f17] on US500 H4 via seed (8 trials)
  donchian_breakout_atr [8483154d0f17] on US500 D1 via seed (8 trials)
  donchian_breakout_atr [8483154d0f17] on USDCAD H4 via seed (8 trials)
  donchian_breakout_atr [8483154d0f17] on USDCAD D1 via seed (8 trials)
  donchian_breakout_atr [8483154d0f17] on USDCHF H4 via seed (8 trials)
  donchian_breakout_atr [8483154d0f17] on USDCHF D1 via seed (8 trials)
  donchian_breakout_atr [8483154d0f17] on USDJPY H4 via seed (8 trials)
  donchian_breakout_atr [8483154d0f17] on USDJPY D1 via seed (8 trials)
  donchian_breakout_atr [8483154d0f17] on XAUUSD H4 via seed (8 trials)
  donchian_breakout_atr [8483154d0f17] on XAUUSD D1 via seed (8 trials)
  fib_golden_pocket_pullback [fd2a53ed9490] on AUDUSD H4 via seed (8 trials)
  fib_golden_pocket_pullback [fd2a53ed9490] on AUDUSD D1 via seed (8 trials)
  fib_golden_pocket_pullback [fd2a53ed9490] on DE40 H4 via seed (8 trials)
  fib_golden_pocket_pullback [fd2a53ed9490] on DE40 D1 via seed (8 trials)
  fib_golden_pocket_pullback [fd2a53ed9490] on EURJPY H4 via seed (8 trials)
  fib_golden_pocket_pullback [fd2a53ed9490] on EURJPY D1 via seed (8 trials)
  fib_golden_pocket_pullback [fd2a53ed9490] on EURUSD H4 via seed (8 trials)
  fib_golden_pocket_pullback [fd2a53ed9490] on EURUSD D1 via seed (8 trials)
  fib_golden_pocket_pullback [fd2a53ed9490] on GBPJPY H4 via seed (8 trials)
  fib_golden_pocket_pullback [fd2a53ed9490] on GBPJPY D1 via seed (8 trials)
  fib_golden_pocket_pullback [fd2a53ed9490] on GBPUSD H4 via seed (8 trials)
  fib_golden_pocket_pullback [fd2a53ed9490] on GBPUSD D1 via seed (8 trials)
  fib_golden_pocket_pullback [fd2a53ed9490] on NZDUSD H4 via seed (8 trials)
  fib_golden_pocket_pullback [fd2a53ed9490] on NZDUSD D1 via seed (8 trials)
  fib_golden_pocket_pullback [fd2a53ed9490] on US500 H4 via seed (8 trials)
  fib_golden_pocket_pullback [fd2a53ed9490] on US500 D1 via seed (8 trials)
  fib_golden_pocket_pullback [fd2a53ed9490] on USDCAD H4 via seed (8 trials)
  fib_golden_pocket_pullback [fd2a53ed9490] on USDCAD D1 via seed (8 trials)
  fib_golden_pocket_pullback [fd2a53ed9490] on USDCHF H4 via seed (8 trials)
  fib_golden_pocket_pullback [fd2a53ed9490] on USDCHF D1 via seed (8 trials)
  fib_golden_pocket_pullback [fd2a53ed9490] on USDJPY H4 via seed (8 trials)
  fib_golden_pocket_pullback [fd2a53ed9490] on USDJPY D1 via seed (8 trials)
  fib_golden_pocket_pullback [fd2a53ed9490] on XAUUSD H4 via seed (8 trials)
  fib_golden_pocket_pullback [fd2a53ed9490] on XAUUSD D1 via seed (8 trials)
  ichimoku_kumo_trend [75caa48f3c20] on AUDUSD H4 via seed (8 trials)
  ichimoku_kumo_trend [75caa48f3c20] on AUDUSD D1 via seed (8 trials)
  ichimoku_kumo_trend [75caa48f3c20] on DE40 H4 via seed (8 trials)
  ichimoku_kumo_trend [75caa48f3c20] on DE40 D1 via seed (8 trials)
  ichimoku_kumo_trend [75caa48f3c20] on EURJPY H4 via seed (8 trials)
  ichimoku_kumo_trend [75caa48f3c20] on EURJPY D1 via seed (8 trials)
  ichimoku_kumo_trend [75caa48f3c20] on EURUSD H4 via seed (8 trials)
  ichimoku_kumo_trend [75caa48f3c20] on EURUSD D1 via seed (8 trials)
  ichimoku_kumo_trend [75caa48f3c20] on GBPJPY H4 via seed (8 trials)
  ichimoku_kumo_trend [75caa48f3c20] on GBPJPY D1 via seed (8 trials)
  ichimoku_kumo_trend [75caa48f3c20] on GBPUSD H4 via seed (8 trials)
  ichimoku_kumo_trend [75caa48f3c20] on GBPUSD D1 via seed (8 trials)
  ichimoku_kumo_trend [75caa48f3c20] on NZDUSD H4 via seed (8 trials)
  ichimoku_kumo_trend [75caa48f3c20] on NZDUSD D1 via seed (8 trials)
  ichimoku_kumo_trend [75caa48f3c20] on US500 H4 via seed (8 trials)
  ichimoku_kumo_trend [75caa48f3c20] on US500 D1 via seed (8 trials)
  ichimoku_kumo_trend [75caa48f3c20] on USDCAD H4 via seed (8 trials)
  ichimoku_kumo_trend [75caa48f3c20] on USDCAD D1 via seed (8 trials)
  ichimoku_kumo_trend [75caa48f3c20] on USDCHF H4 via seed (8 trials)
  ichimoku_kumo_trend [75caa48f3c20] on USDCHF D1 via seed (8 trials)
  ichimoku_kumo_trend [75caa48f3c20] on USDJPY H4 via seed (8 trials)
  ichimoku_kumo_trend [75caa48f3c20] on USDJPY D1 via seed (8 trials)
  ichimoku_kumo_trend [75caa48f3c20] on XAUUSD H4 via seed (8 trials)
  ichimoku_kumo_trend [75caa48f3c20] on XAUUSD D1 via seed (8 trials)
  macd_ema_trend_hybrid [78083597c616] on AUDUSD H4 via seed (8 trials)
  macd_ema_trend_hybrid [78083597c616] on AUDUSD D1 via seed (8 trials)
  macd_ema_trend_hybrid [78083597c616] on DE40 H4 via seed (8 trials)
  macd_ema_trend_hybrid [78083597c616] on DE40 D1 via seed (8 trials)
  macd_ema_trend_hybrid [78083597c616] on EURJPY H4 via seed (8 trials)
  macd_ema_trend_hybrid [78083597c616] on EURJPY D1 via seed (8 trials)
  macd_ema_trend_hybrid [78083597c616] on EURUSD H4 via seed (8 trials)
  macd_ema_trend_hybrid [78083597c616] on EURUSD D1 via seed (8 trials)
  macd_ema_trend_hybrid [78083597c616] on GBPJPY H4 via seed (8 trials)
  macd_ema_trend_hybrid [78083597c616] on GBPJPY D1 via seed (8 trials)
  macd_ema_trend_hybrid [78083597c616] on GBPUSD H4 via seed (8 trials)
  macd_ema_trend_hybrid [78083597c616] on GBPUSD D1 via seed (8 trials)
  macd_ema_trend_hybrid [78083597c616] on NZDUSD H4 via seed (8 trials)
  macd_ema_trend_hybrid [78083597c616] on NZDUSD D1 via seed (8 trials)
  macd_ema_trend_hybrid [78083597c616] on US500 H4 via seed (8 trials)
  macd_ema_trend_hybrid [78083597c616] on US500 D1 via seed (8 trials)
  macd_ema_trend_hybrid [78083597c616] on USDCAD H4 via seed (8 trials)
  macd_ema_trend_hybrid [78083597c616] on USDCAD D1 via seed (8 trials)
  macd_ema_trend_hybrid [78083597c616] on USDCHF H4 via seed (8 trials)
  macd_ema_trend_hybrid [78083597c616] on USDCHF D1 via seed (8 trials)
  macd_ema_trend_hybrid [78083597c616] on USDJPY H4 via seed (8 trials)
  macd_ema_trend_hybrid [78083597c616] on USDJPY D1 via seed (8 trials)
  macd_ema_trend_hybrid [78083597c616] on XAUUSD H4 via seed (8 trials)
  macd_ema_trend_hybrid [78083597c616] on XAUUSD D1 via seed (8 trials)
  rsi_band_mean_reversion [0a1f5a26c24d] on AUDUSD H4 via seed (8 trials)
  rsi_band_mean_reversion [0a1f5a26c24d] on EURGBP H4 via seed (8 trials)
  rsi_band_mean_reversion [0a1f5a26c24d] on EURUSD H4 via seed (8 trials)
  rsi_band_mean_reversion [0a1f5a26c24d] on GBPUSD H4 via seed (8 trials)
  rsi_band_mean_reversion [0a1f5a26c24d] on NZDUSD H4 via seed (8 trials)
  rsi_band_mean_reversion [0a1f5a26c24d] on USDCAD H4 via seed (8 trials)
  rsi_band_mean_reversion [0a1f5a26c24d] on USDCHF H4 via seed (8 trials)
  rsi_band_mean_reversion [0a1f5a26c24d] on USDJPY H4 via seed (8 trials)
  tsmom_dual_horizon [6fd25ce7669f] on AUDUSD H4 via seed (16 trials)
  tsmom_dual_horizon [6fd25ce7669f] on AUDUSD D1 via seed (16 trials)
  tsmom_dual_horizon [6fd25ce7669f] on DE40 H4 via seed (16 trials)
  tsmom_dual_horizon [6fd25ce7669f] on DE40 D1 via seed (16 trials)
  tsmom_dual_horizon [6fd25ce7669f] on EURUSD H4 via seed (16 trials)
  tsmom_dual_horizon [6fd25ce7669f] on EURUSD D1 via seed (16 trials)
  tsmom_dual_horizon [6fd25ce7669f] on GBPUSD H4 via seed (16 trials)
  tsmom_dual_horizon [6fd25ce7669f] on GBPUSD D1 via seed (16 trials)
  tsmom_dual_horizon [6fd25ce7669f] on NZDUSD H4 via seed (16 trials)
  tsmom_dual_horizon [6fd25ce7669f] on NZDUSD D1 via seed (16 trials)
  tsmom_dual_horizon [6fd25ce7669f] on US500 H4 via seed (16 trials)
  tsmom_dual_horizon [6fd25ce7669f] on US500 D1 via seed (16 trials)
  tsmom_dual_horizon [6fd25ce7669f] on USDCAD H4 via seed (16 trials)
  tsmom_dual_horizon [6fd25ce7669f] on USDCAD D1 via seed (16 trials)
  tsmom_dual_horizon [6fd25ce7669f] on USDCHF H4 via seed (16 trials)
  tsmom_dual_horizon [6fd25ce7669f] on USDCHF D1 via seed (16 trials)
  tsmom_dual_horizon [6fd25ce7669f] on USDJPY H4 via seed (16 trials)
  tsmom_dual_horizon [6fd25ce7669f] on USDJPY D1 via seed (16 trials)
  tsmom_dual_horizon [6fd25ce7669f] on XAUUSD H4 via seed (16 trials)
  tsmom_dual_horizon [6fd25ce7669f] on XAUUSD D1 via seed (16 trials)
  gen_bv_donchian_close_break_adx_gate_swing_tp_short [684dc13b2c46] on AUDJPY H4 via seed (8 trials)
  gen_bv_donchian_close_break_adx_gate_swing_tp_short [684dc13b2c46] on AUDJPY D1 via seed (8 trials)
  gen_bv_donchian_close_break_adx_gate_swing_tp_short [684dc13b2c46] on AUDUSD H4 via seed (8 trials)
  gen_bv_donchian_close_break_adx_gate_swing_tp_short [684dc13b2c46] on AUDUSD D1 via seed (8 trials)
  gen_bv_donchian_close_break_adx_gate_swing_tp_short [684dc13b2c46] on DE40 H4 via seed (8 trials)
  gen_bv_donchian_close_break_adx_gate_swing_tp_short [684dc13b2c46] on DE40 D1 via seed (8 trials)
  gen_bv_donchian_close_break_adx_gate_swing_tp_short [684dc13b2c46] on EURJPY H4 via seed (8 trials)
  gen_bv_donchian_close_break_adx_gate_swing_tp_short [684dc13b2c46] on EURJPY D1 via seed (8 trials)
  gen_bv_donchian_close_break_adx_gate_swing_tp_short [684dc13b2c46] on EURUSD H4 via seed (8 trials)
  gen_bv_donchian_close_break_adx_gate_swing_tp_short [684dc13b2c46] on EURUSD D1 via seed (8 trials)
  gen_bv_donchian_close_break_adx_gate_swing_tp_short [684dc13b2c46] on GBPJPY H4 via seed (8 trials)
  gen_bv_donchian_close_break_adx_gate_swing_tp_short [684dc13b2c46] on GBPJPY D1 via seed (8 trials)
  gen_bv_donchian_close_break_adx_gate_swing_tp_short [684dc13b2c46] on GBPUSD H4 via seed (8 trials)
  gen_bv_donchian_close_break_adx_gate_swing_tp_short [684dc13b2c46] on GBPUSD D1 via seed (8 trials)
  gen_bv_donchian_close_break_adx_gate_swing_tp_short [684dc13b2c46] on NZDUSD H4 via seed (8 trials)
  gen_bv_donchian_close_break_adx_gate_swing_tp_short [684dc13b2c46] on NZDUSD D1 via seed (8 trials)
  gen_bv_donchian_close_break_adx_gate_swing_tp_short [684dc13b2c46] on UK100 H4 via seed (8 trials)
  gen_bv_donchian_close_break_adx_gate_swing_tp_short [684dc13b2c46] on UK100 D1 via seed (8 trials)
  gen_bv_donchian_close_break_adx_gate_swing_tp_short [684dc13b2c46] on US500 H4 via seed (8 trials)
  gen_bv_donchian_close_break_adx_gate_swing_tp_short [684dc13b2c46] on US500 D1 via seed (8 trials)
  gen_bv_donchian_close_break_adx_gate_swing_tp_short [684dc13b2c46] on USDCAD H4 via seed (8 trials)
  gen_bv_donchian_close_break_adx_gate_swing_tp_short [684dc13b2c46] on USDCAD D1 via seed (8 trials)
  gen_bv_donchian_close_break_adx_gate_swing_tp_short [684dc13b2c46] on USDCHF H4 via seed (8 trials)
  gen_bv_donchian_close_break_adx_gate_swing_tp_short [684dc13b2c46] on USDCHF D1 via seed (8 trials)
  gen_bv_donchian_close_break_adx_gate_swing_tp_short [684dc13b2c46] on USDJPY H4 via seed (8 trials)
  gen_bv_donchian_close_break_adx_gate_swing_tp_short [684dc13b2c46] on USDJPY D1 via seed (8 trials)
  gen_bv_donchian_close_break_adx_gate_swing_tp_short [684dc13b2c46] on XAGUSD H4 via seed (8 trials)
  gen_bv_donchian_close_break_adx_gate_swing_tp_short [684dc13b2c46] on XAGUSD D1 via seed (8 trials)
  gen_bv_donchian_close_break_adx_gate_swing_tp_short [684dc13b2c46] on XAUUSD H4 via seed (8 trials)
  gen_bv_donchian_close_break_adx_gate_swing_tp_short [684dc13b2c46] on XAUUSD D1 via seed (8 trials)
  gen_bv_donchian_close_break_adx_gate_tp_r [7b7617ea96fb] on AUDJPY H4 via seed (8 trials)
  gen_bv_donchian_close_break_adx_gate_tp_r [7b7617ea96fb] on AUDJPY D1 via seed (8 trials)
  gen_bv_donchian_close_break_adx_gate_tp_r [7b7617ea96fb] on AUDUSD H4 via seed (8 trials)
  gen_bv_donchian_close_break_adx_gate_tp_r [7b7617ea96fb] on AUDUSD D1 via seed (8 trials)
  gen_bv_donchian_close_break_adx_gate_tp_r [7b7617ea96fb] on DE40 H4 via seed (8 trials)
  gen_bv_donchian_close_break_adx_gate_tp_r [7b7617ea96fb] on DE40 D1 via seed (8 trials)
  gen_bv_donchian_close_break_adx_gate_tp_r [7b7617ea96fb] on EURJPY H4 via seed (8 trials)
  gen_bv_donchian_close_break_adx_gate_tp_r [7b7617ea96fb] on EURJPY D1 via seed (8 trials)
  gen_bv_donchian_close_break_adx_gate_tp_r [7b7617ea96fb] on EURUSD H4 via seed (8 trials)
  gen_bv_donchian_close_break_adx_gate_tp_r [7b7617ea96fb] on EURUSD D1 via seed (8 trials)
  gen_bv_donchian_close_break_adx_gate_tp_r [7b7617ea96fb] on GBPJPY H4 via seed (8 trials)
  gen_bv_donchian_close_break_adx_gate_tp_r [7b7617ea96fb] on GBPJPY D1 via seed (8 trials)
  gen_bv_donchian_close_break_adx_gate_tp_r [7b7617ea96fb] on GBPUSD H4 via seed (8 trials)
  gen_bv_donchian_close_break_adx_gate_tp_r [7b7617ea96fb] on GBPUSD D1 via seed (8 trials)
  gen_bv_donchian_close_break_adx_gate_tp_r [7b7617ea96fb] on NZDUSD H4 via seed (8 trials)
  gen_bv_donchian_close_break_adx_gate_tp_r [7b7617ea96fb] on NZDUSD D1 via seed (8 trials)
  gen_bv_donchian_close_break_adx_gate_tp_r [7b7617ea96fb] on UK100 H4 via seed (8 trials)
  gen_bv_donchian_close_break_adx_gate_tp_r [7b7617ea96fb] on UK100 D1 via seed (8 trials)
  gen_bv_donchian_close_break_adx_gate_tp_r [7b7617ea96fb] on US500 H4 via seed (8 trials)
  gen_bv_donchian_close_break_adx_gate_tp_r [7b7617ea96fb] on US500 D1 via seed (8 trials)
  gen_bv_donchian_close_break_adx_gate_tp_r [7b7617ea96fb] on USDCAD H4 via seed (8 trials)
  gen_bv_donchian_close_break_adx_gate_tp_r [7b7617ea96fb] on USDCAD D1 via seed (8 trials)
  gen_bv_donchian_close_break_adx_gate_tp_r [7b7617ea96fb] on USDCHF H4 via seed (8 trials)
  gen_bv_donchian_close_break_adx_gate_tp_r [7b7617ea96fb] on USDCHF D1 via seed (8 trials)
  gen_bv_donchian_close_break_adx_gate_tp_r [7b7617ea96fb] on USDJPY H4 via seed (8 trials)
  gen_bv_donchian_close_break_adx_gate_tp_r [7b7617ea96fb] on USDJPY D1 via seed (8 trials)
  gen_bv_donchian_close_break_adx_gate_tp_r [7b7617ea96fb] on XAGUSD H4 via seed (8 trials)
  gen_bv_donchian_close_break_adx_gate_tp_r [7b7617ea96fb] on XAGUSD D1 via seed (8 trials)
  gen_bv_donchian_close_break_adx_gate_tp_r [7b7617ea96fb] on XAUUSD H4 via seed (8 trials)
  gen_bv_donchian_close_break_adx_gate_tp_r [7b7617ea96fb] on XAUUSD D1 via seed (8 trials)
  gen_bv_donchian_close_break_none_swing_tp_long [7ec4f29a69d3] on AUDJPY H4 via seed (8 trials)
  gen_bv_donchian_close_break_none_swing_tp_long [7ec4f29a69d3] on AUDJPY D1 via seed (8 trials)
  gen_bv_donchian_close_break_none_swing_tp_long [7ec4f29a69d3] on AUDUSD H4 via seed (8 trials)
  gen_bv_donchian_close_break_none_swing_tp_long [7ec4f29a69d3] on AUDUSD D1 via seed (8 trials)
  gen_bv_donchian_close_break_none_swing_tp_long [7ec4f29a69d3] on DE40 H4 via seed (8 trials)
  gen_bv_donchian_close_break_none_swing_tp_long [7ec4f29a69d3] on DE40 D1 via seed (8 trials)
  gen_bv_donchian_close_break_none_swing_tp_long [7ec4f29a69d3] on EURJPY H4 via seed (8 trials)
  gen_bv_donchian_close_break_none_swing_tp_long [7ec4f29a69d3] on EURJPY D1 via seed (8 trials)
  gen_bv_donchian_close_break_none_swing_tp_long [7ec4f29a69d3] on EURUSD H4 via seed (8 trials)
  gen_bv_donchian_close_break_none_swing_tp_long [7ec4f29a69d3] on EURUSD D1 via seed (8 trials)
  gen_bv_donchian_close_break_none_swing_tp_long [7ec4f29a69d3] on GBPJPY H4 via seed (8 trials)
  gen_bv_donchian_close_break_none_swing_tp_long [7ec4f29a69d3] on GBPJPY D1 via seed (8 trials)
  gen_bv_donchian_close_break_none_swing_tp_long [7ec4f29a69d3] on GBPUSD H4 via seed (8 trials)
  gen_bv_donchian_close_break_none_swing_tp_long [7ec4f29a69d3] on GBPUSD D1 via seed (8 trials)
  gen_bv_donchian_close_break_none_swing_tp_long [7ec4f29a69d3] on NZDUSD H4 via seed (8 trials)
  gen_bv_donchian_close_break_none_swing_tp_long [7ec4f29a69d3] on NZDUSD D1 via seed (8 trials)
  gen_bv_donchian_close_break_none_swing_tp_long [7ec4f29a69d3] on UK100 H4 via seed (8 trials)
  gen_bv_donchian_close_break_none_swing_tp_long [7ec4f29a69d3] on UK100 D1 via seed (8 trials)
  gen_bv_donchian_close_break_none_swing_tp_long [7ec4f29a69d3] on US500 H4 via seed (8 trials)
  gen_bv_donchian_close_break_none_swing_tp_long [7ec4f29a69d3] on US500 D1 via seed (8 trials)
  gen_bv_donchian_close_break_none_swing_tp_long [7ec4f29a69d3] on USDCAD H4 via seed (8 trials)
  gen_bv_donchian_close_break_none_swing_tp_long [7ec4f29a69d3] on USDCAD D1 via seed (8 trials)
  gen_bv_donchian_close_break_none_swing_tp_long [7ec4f29a69d3] on USDCHF H4 via seed (8 trials)
  gen_bv_donchian_close_break_none_swing_tp_long [7ec4f29a69d3] on USDCHF D1 via seed (8 trials)
  gen_bv_donchian_close_break_none_swing_tp_long [7ec4f29a69d3] on USDJPY H4 via seed (8 trials)
  gen_bv_donchian_close_break_none_swing_tp_long [7ec4f29a69d3] on USDJPY D1 via seed (8 trials)
  gen_bv_donchian_close_break_none_swing_tp_long [7ec4f29a69d3] on XAGUSD H4 via seed (8 trials)
  gen_bv_donchian_close_break_none_swing_tp_long [7ec4f29a69d3] on XAGUSD D1 via seed (8 trials)
  gen_bv_donchian_close_break_none_swing_tp_long [7ec4f29a69d3] on XAUUSD H4 via seed (8 trials)
  gen_bv_donchian_close_break_none_swing_tp_long [7ec4f29a69d3] on XAUUSD D1 via seed (8 trials)
  gen_bv_donchian_close_break_session_time_exit [d145d64385bb] on AUDJPY H4 via seed (8 trials)
  gen_bv_donchian_close_break_session_time_exit [d145d64385bb] on AUDUSD H4 via seed (8 trials)
  gen_bv_donchian_close_break_session_time_exit [d145d64385bb] on DE40 H4 via seed (8 trials)
  gen_bv_donchian_close_break_session_time_exit [d145d64385bb] on EURJPY H4 via seed (8 trials)
  gen_bv_donchian_close_break_session_time_exit [d145d64385bb] on EURUSD H4 via seed (8 trials)
  gen_bv_donchian_close_break_session_time_exit [d145d64385bb] on GBPJPY H4 via seed (8 trials)
  gen_bv_donchian_close_break_session_time_exit [d145d64385bb] on GBPUSD H4 via seed (8 trials)
  gen_bv_donchian_close_break_session_time_exit [d145d64385bb] on NZDUSD H4 via seed (8 trials)
  gen_bv_donchian_close_break_session_time_exit [d145d64385bb] on UK100 H4 via seed (8 trials)
  gen_bv_donchian_close_break_session_time_exit [d145d64385bb] on US500 H4 via seed (8 trials)
  gen_bv_donchian_close_break_session_time_exit [d145d64385bb] on USDCAD H4 via seed (8 trials)
  gen_bv_donchian_close_break_session_time_exit [d145d64385bb] on USDCHF H4 via seed (8 trials)
  gen_bv_donchian_close_break_session_time_exit [d145d64385bb] on USDJPY H4 via seed (8 trials)
  gen_bv_donchian_close_break_session_time_exit [d145d64385bb] on XAGUSD H4 via seed (8 trials)
  gen_bv_donchian_close_break_session_time_exit [d145d64385bb] on XAUUSD H4 via seed (8 trials)
  gen_bv_donchian_fresh_cross_adx_gate_swing_tp_long [9d470498b65e] on AUDJPY H4 via seed (8 trials)
  gen_bv_donchian_fresh_cross_adx_gate_swing_tp_long [9d470498b65e] on AUDJPY D1 via seed (8 trials)
  gen_bv_donchian_fresh_cross_adx_gate_swing_tp_long [9d470498b65e] on AUDUSD H4 via seed (8 trials)
  gen_bv_donchian_fresh_cross_adx_gate_swing_tp_long [9d470498b65e] on AUDUSD D1 via seed (8 trials)
  gen_bv_donchian_fresh_cross_adx_gate_swing_tp_long [9d470498b65e] on DE40 H4 via seed (8 trials)
  gen_bv_donchian_fresh_cross_adx_gate_swing_tp_long [9d470498b65e] on DE40 D1 via seed (8 trials)
  gen_bv_donchian_fresh_cross_adx_gate_swing_tp_long [9d470498b65e] on EURJPY H4 via seed (8 trials)
  gen_bv_donchian_fresh_cross_adx_gate_swing_tp_long [9d470498b65e] on EURJPY D1 via seed (8 trials)
  gen_bv_donchian_fresh_cross_adx_gate_swing_tp_long [9d470498b65e] on EURUSD H4 via seed (8 trials)
  gen_bv_donchian_fresh_cross_adx_gate_swing_tp_long [9d470498b65e] on EURUSD D1 via seed (8 trials)
  gen_bv_donchian_fresh_cross_adx_gate_swing_tp_long [9d470498b65e] on GBPJPY H4 via seed (8 trials)
  gen_bv_donchian_fresh_cross_adx_gate_swing_tp_long [9d470498b65e] on GBPJPY D1 via seed (8 trials)
  gen_bv_donchian_fresh_cross_adx_gate_swing_tp_long [9d470498b65e] on GBPUSD H4 via seed (8 trials)
  gen_bv_donchian_fresh_cross_adx_gate_swing_tp_long [9d470498b65e] on GBPUSD D1 via seed (8 trials)
  gen_bv_donchian_fresh_cross_adx_gate_swing_tp_long [9d470498b65e] on NZDUSD H4 via seed (8 trials)
  gen_bv_donchian_fresh_cross_adx_gate_swing_tp_long [9d470498b65e] on NZDUSD D1 via seed (8 trials)
  gen_bv_donchian_fresh_cross_adx_gate_swing_tp_long [9d470498b65e] on UK100 H4 via seed (8 trials)
  gen_bv_donchian_fresh_cross_adx_gate_swing_tp_long [9d470498b65e] on UK100 D1 via seed (8 trials)
  gen_bv_donchian_fresh_cross_adx_gate_swing_tp_long [9d470498b65e] on US500 H4 via seed (8 trials)
  gen_bv_donchian_fresh_cross_adx_gate_swing_tp_long [9d470498b65e] on US500 D1 via seed (8 trials)
  gen_bv_donchian_fresh_cross_adx_gate_swing_tp_long [9d470498b65e] on USDCAD H4 via seed (8 trials)
  gen_bv_donchian_fresh_cross_adx_gate_swing_tp_long [9d470498b65e] on USDCAD D1 via seed (8 trials)
  gen_bv_donchian_fresh_cross_adx_gate_swing_tp_long [9d470498b65e] on USDCHF H4 via seed (8 trials)
  gen_bv_donchian_fresh_cross_adx_gate_swing_tp_long [9d470498b65e] on USDCHF D1 via seed (8 trials)
  gen_bv_donchian_fresh_cross_adx_gate_swing_tp_long [9d470498b65e] on USDJPY H4 via seed (8 trials)
  gen_bv_donchian_fresh_cross_adx_gate_swing_tp_long [9d470498b65e] on USDJPY D1 via seed (8 trials)
  gen_bv_donchian_fresh_cross_adx_gate_swing_tp_long [9d470498b65e] on XAGUSD H4 via seed (8 trials)
  gen_bv_donchian_fresh_cross_adx_gate_swing_tp_long [9d470498b65e] on XAGUSD D1 via seed (8 trials)
  gen_bv_donchian_fresh_cross_adx_gate_swing_tp_long [9d470498b65e] on XAUUSD H4 via seed (8 trials)
  gen_bv_donchian_fresh_cross_adx_gate_swing_tp_long [9d470498b65e] on XAUUSD D1 via seed (8 trials)
  gen_bv_donchian_fresh_cross_none_swing_tp_short [2b0e67cb7a9d] on AUDJPY H4 via seed (8 trials)
  gen_bv_donchian_fresh_cross_none_swing_tp_short [2b0e67cb7a9d] on AUDJPY D1 via seed (8 trials)
  gen_bv_donchian_fresh_cross_none_swing_tp_short [2b0e67cb7a9d] on AUDUSD H4 via seed (8 trials)
  gen_bv_donchian_fresh_cross_none_swing_tp_short [2b0e67cb7a9d] on AUDUSD D1 via seed (8 trials)
  gen_bv_donchian_fresh_cross_none_swing_tp_short [2b0e67cb7a9d] on DE40 H4 via seed (8 trials)
  gen_bv_donchian_fresh_cross_none_swing_tp_short [2b0e67cb7a9d] on DE40 D1 via seed (8 trials)
  gen_bv_donchian_fresh_cross_none_swing_tp_short [2b0e67cb7a9d] on EURJPY H4 via seed (8 trials)
  gen_bv_donchian_fresh_cross_none_swing_tp_short [2b0e67cb7a9d] on EURJPY D1 via seed (8 trials)
  gen_bv_donchian_fresh_cross_none_swing_tp_short [2b0e67cb7a9d] on EURUSD H4 via seed (8 trials)
  gen_bv_donchian_fresh_cross_none_swing_tp_short [2b0e67cb7a9d] on EURUSD D1 via seed (8 trials)
  gen_bv_donchian_fresh_cross_none_swing_tp_short [2b0e67cb7a9d] on GBPJPY H4 via seed (8 trials)
  gen_bv_donchian_fresh_cross_none_swing_tp_short [2b0e67cb7a9d] on GBPJPY D1 via seed (8 trials)
  gen_bv_donchian_fresh_cross_none_swing_tp_short [2b0e67cb7a9d] on GBPUSD H4 via seed (8 trials)
  gen_bv_donchian_fresh_cross_none_swing_tp_short [2b0e67cb7a9d] on GBPUSD D1 via seed (8 trials)
  gen_bv_donchian_fresh_cross_none_swing_tp_short [2b0e67cb7a9d] on NZDUSD H4 via seed (8 trials)
  gen_bv_donchian_fresh_cross_none_swing_tp_short [2b0e67cb7a9d] on NZDUSD D1 via seed (8 trials)
  gen_bv_donchian_fresh_cross_none_swing_tp_short [2b0e67cb7a9d] on UK100 H4 via seed (8 trials)
  gen_bv_donchian_fresh_cross_none_swing_tp_short [2b0e67cb7a9d] on UK100 D1 via seed (8 trials)
  gen_bv_donchian_fresh_cross_none_swing_tp_short [2b0e67cb7a9d] on US500 H4 via seed (8 trials)
  gen_bv_donchian_fresh_cross_none_swing_tp_short [2b0e67cb7a9d] on US500 D1 via seed (8 trials)
  gen_bv_donchian_fresh_cross_none_swing_tp_short [2b0e67cb7a9d] on USDCAD H4 via seed (8 trials)
  gen_bv_donchian_fresh_cross_none_swing_tp_short [2b0e67cb7a9d] on USDCAD D1 via seed (8 trials)
  gen_bv_donchian_fresh_cross_none_swing_tp_short [2b0e67cb7a9d] on USDCHF H4 via seed (8 trials)
  gen_bv_donchian_fresh_cross_none_swing_tp_short [2b0e67cb7a9d] on USDCHF D1 via seed (8 trials)
  gen_bv_donchian_fresh_cross_none_swing_tp_short [2b0e67cb7a9d] on USDJPY H4 via seed (8 trials)
  gen_bv_donchian_fresh_cross_none_swing_tp_short [2b0e67cb7a9d] on USDJPY D1 via seed (8 trials)
  gen_bv_donchian_fresh_cross_none_swing_tp_short [2b0e67cb7a9d] on XAGUSD H4 via seed (8 trials)
  gen_bv_donchian_fresh_cross_none_swing_tp_short [2b0e67cb7a9d] on XAGUSD D1 via seed (8 trials)
  gen_bv_donchian_fresh_cross_none_swing_tp_short [2b0e67cb7a9d] on XAUUSD H4 via seed (8 trials)
  gen_bv_donchian_fresh_cross_none_swing_tp_short [2b0e67cb7a9d] on XAUUSD D1 via seed (8 trials)
  gen_bv_donchian_fresh_cross_none_time_exit [36626253ac0f] on AUDJPY H4 via seed (8 trials)
  gen_bv_donchian_fresh_cross_none_time_exit [36626253ac0f] on AUDJPY D1 via seed (8 trials)
  gen_bv_donchian_fresh_cross_none_time_exit [36626253ac0f] on AUDUSD H4 via seed (8 trials)
  gen_bv_donchian_fresh_cross_none_time_exit [36626253ac0f] on AUDUSD D1 via seed (8 trials)
  gen_bv_donchian_fresh_cross_none_time_exit [36626253ac0f] on DE40 H4 via seed (8 trials)
  gen_bv_donchian_fresh_cross_none_time_exit [36626253ac0f] on DE40 D1 via seed (8 trials)
  gen_bv_donchian_fresh_cross_none_time_exit [36626253ac0f] on EURJPY H4 via seed (8 trials)
  gen_bv_donchian_fresh_cross_none_time_exit [36626253ac0f] on EURJPY D1 via seed (8 trials)
  gen_bv_donchian_fresh_cross_none_time_exit [36626253ac0f] on EURUSD H4 via seed (8 trials)
  gen_bv_donchian_fresh_cross_none_time_exit [36626253ac0f] on EURUSD D1 via seed (8 trials)
  gen_bv_donchian_fresh_cross_none_time_exit [36626253ac0f] on GBPJPY H4 via seed (8 trials)
  gen_bv_donchian_fresh_cross_none_time_exit [36626253ac0f] on GBPJPY D1 via seed (8 trials)
  gen_bv_donchian_fresh_cross_none_time_exit [36626253ac0f] on GBPUSD H4 via seed (8 trials)
  gen_bv_donchian_fresh_cross_none_time_exit [36626253ac0f] on GBPUSD D1 via seed (8 trials)
  gen_bv_donchian_fresh_cross_none_time_exit [36626253ac0f] on NZDUSD H4 via seed (8 trials)
  gen_bv_donchian_fresh_cross_none_time_exit [36626253ac0f] on NZDUSD D1 via seed (8 trials)
  gen_bv_donchian_fresh_cross_none_time_exit [36626253ac0f] on UK100 H4 via seed (8 trials)
  gen_bv_donchian_fresh_cross_none_time_exit [36626253ac0f] on UK100 D1 via seed (8 trials)
  gen_bv_donchian_fresh_cross_none_time_exit [36626253ac0f] on US500 H4 via seed (8 trials)
  gen_bv_donchian_fresh_cross_none_time_exit [36626253ac0f] on US500 D1 via seed (8 trials)
  gen_bv_donchian_fresh_cross_none_time_exit [36626253ac0f] on USDCAD H4 via seed (8 trials)
  gen_bv_donchian_fresh_cross_none_time_exit [36626253ac0f] on USDCAD D1 via seed (8 trials)
  gen_bv_donchian_fresh_cross_none_time_exit [36626253ac0f] on USDCHF H4 via seed (8 trials)
  gen_bv_donchian_fresh_cross_none_time_exit [36626253ac0f] on USDCHF D1 via seed (8 trials)
  gen_bv_donchian_fresh_cross_none_time_exit [36626253ac0f] on USDJPY H4 via seed (8 trials)
  gen_bv_donchian_fresh_cross_none_time_exit [36626253ac0f] on USDJPY D1 via seed (8 trials)
  gen_bv_donchian_fresh_cross_none_time_exit [36626253ac0f] on XAGUSD H4 via seed (8 trials)
  gen_bv_donchian_fresh_cross_none_time_exit [36626253ac0f] on XAGUSD D1 via seed (8 trials)
  gen_bv_donchian_fresh_cross_none_time_exit [36626253ac0f] on XAUUSD H4 via seed (8 trials)
  gen_bv_donchian_fresh_cross_none_time_exit [36626253ac0f] on XAUUSD D1 via seed (8 trials)
  gen_bv_donchian_fresh_cross_none_trail [e68a14993254] on AUDJPY H4 via seed (8 trials)
  gen_bv_donchian_fresh_cross_none_trail [e68a14993254] on AUDJPY D1 via seed (8 trials)
  gen_bv_donchian_fresh_cross_none_trail [e68a14993254] on AUDUSD H4 via seed (8 trials)
  gen_bv_donchian_fresh_cross_none_trail [e68a14993254] on AUDUSD D1 via seed (8 trials)
  gen_bv_donchian_fresh_cross_none_trail [e68a14993254] on DE40 H4 via seed (8 trials)
  gen_bv_donchian_fresh_cross_none_trail [e68a14993254] on DE40 D1 via seed (8 trials)
  gen_bv_donchian_fresh_cross_none_trail [e68a14993254] on EURJPY H4 via seed (8 trials)
  gen_bv_donchian_fresh_cross_none_trail [e68a14993254] on EURJPY D1 via seed (8 trials)
  gen_bv_donchian_fresh_cross_none_trail [e68a14993254] on EURUSD H4 via seed (8 trials)
  gen_bv_donchian_fresh_cross_none_trail [e68a14993254] on EURUSD D1 via seed (8 trials)
  gen_bv_donchian_fresh_cross_none_trail [e68a14993254] on GBPJPY H4 via seed (8 trials)
  gen_bv_donchian_fresh_cross_none_trail [e68a14993254] on GBPJPY D1 via seed (8 trials)
  gen_bv_donchian_fresh_cross_none_trail [e68a14993254] on GBPUSD H4 via seed (8 trials)
  gen_bv_donchian_fresh_cross_none_trail [e68a14993254] on GBPUSD D1 via seed (8 trials)
  gen_bv_donchian_fresh_cross_none_trail [e68a14993254] on NZDUSD H4 via seed (8 trials)
  gen_bv_donchian_fresh_cross_none_trail [e68a14993254] on NZDUSD D1 via seed (8 trials)
  gen_bv_donchian_fresh_cross_none_trail [e68a14993254] on UK100 H4 via seed (8 trials)
  gen_bv_donchian_fresh_cross_none_trail [e68a14993254] on UK100 D1 via seed (8 trials)
  gen_bv_donchian_fresh_cross_none_trail [e68a14993254] on US500 H4 via seed (8 trials)
  gen_bv_donchian_fresh_cross_none_trail [e68a14993254] on US500 D1 via seed (8 trials)
  gen_bv_donchian_fresh_cross_none_trail [e68a14993254] on USDCAD H4 via seed (8 trials)
  gen_bv_donchian_fresh_cross_none_trail [e68a14993254] on USDCAD D1 via seed (8 trials)
  gen_bv_donchian_fresh_cross_none_trail [e68a14993254] on USDCHF H4 via seed (8 trials)
  gen_bv_donchian_fresh_cross_none_trail [e68a14993254] on USDCHF D1 via seed (8 trials)
  gen_bv_donchian_fresh_cross_none_trail [e68a14993254] on USDJPY H4 via seed (8 trials)
  gen_bv_donchian_fresh_cross_none_trail [e68a14993254] on USDJPY D1 via seed (8 trials)
  gen_bv_donchian_fresh_cross_none_trail [e68a14993254] on XAGUSD H4 via seed (8 trials)
  gen_bv_donchian_fresh_cross_none_trail [e68a14993254] on XAGUSD D1 via seed (8 trials)
  gen_bv_donchian_fresh_cross_none_trail [e68a14993254] on XAUUSD H4 via seed (8 trials)
  gen_bv_donchian_fresh_cross_none_trail [e68a14993254] on XAUUSD D1 via seed (8 trials)
  gen_bv_donchian_fresh_cross_session_swing_tp_short [40f8b43fc2ec] on AUDJPY H4 via seed (8 trials)
  gen_bv_donchian_fresh_cross_session_swing_tp_short [40f8b43fc2ec] on AUDUSD H4 via seed (8 trials)
  gen_bv_donchian_fresh_cross_session_swing_tp_short [40f8b43fc2ec] on DE40 H4 via seed (8 trials)
  gen_bv_donchian_fresh_cross_session_swing_tp_short [40f8b43fc2ec] on EURJPY H4 via seed (8 trials)
  gen_bv_donchian_fresh_cross_session_swing_tp_short [40f8b43fc2ec] on EURUSD H4 via seed (8 trials)
  gen_bv_donchian_fresh_cross_session_swing_tp_short [40f8b43fc2ec] on GBPJPY H4 via seed (8 trials)
  gen_bv_donchian_fresh_cross_session_swing_tp_short [40f8b43fc2ec] on GBPUSD H4 via seed (8 trials)
  gen_bv_donchian_fresh_cross_session_swing_tp_short [40f8b43fc2ec] on NZDUSD H4 via seed (8 trials)
  gen_bv_donchian_fresh_cross_session_swing_tp_short [40f8b43fc2ec] on UK100 H4 via seed (8 trials)
  gen_bv_donchian_fresh_cross_session_swing_tp_short [40f8b43fc2ec] on US500 H4 via seed (8 trials)
  gen_bv_donchian_fresh_cross_session_swing_tp_short [40f8b43fc2ec] on USDCAD H4 via seed (8 trials)
  gen_bv_donchian_fresh_cross_session_swing_tp_short [40f8b43fc2ec] on USDCHF H4 via seed (8 trials)
  gen_bv_donchian_fresh_cross_session_swing_tp_short [40f8b43fc2ec] on USDJPY H4 via seed (8 trials)
  gen_bv_donchian_fresh_cross_session_swing_tp_short [40f8b43fc2ec] on XAGUSD H4 via seed (8 trials)
  gen_bv_donchian_fresh_cross_session_swing_tp_short [40f8b43fc2ec] on XAUUSD H4 via seed (8 trials)
  gen_bv_donchian_fresh_cross_session_time_exit [a946e6a7df17] on AUDJPY H4 via seed (8 trials)
  gen_bv_donchian_fresh_cross_session_time_exit [a946e6a7df17] on AUDUSD H4 via seed (8 trials)
  gen_bv_donchian_fresh_cross_session_time_exit [a946e6a7df17] on DE40 H4 via seed (8 trials)
  gen_bv_donchian_fresh_cross_session_time_exit [a946e6a7df17] on EURJPY H4 via seed (8 trials)
  gen_bv_donchian_fresh_cross_session_time_exit [a946e6a7df17] on EURUSD H4 via seed (8 trials)
  gen_bv_donchian_fresh_cross_session_time_exit [a946e6a7df17] on GBPJPY H4 via seed (8 trials)
  gen_bv_donchian_fresh_cross_session_time_exit [a946e6a7df17] on GBPUSD H4 via seed (8 trials)
  gen_bv_donchian_fresh_cross_session_time_exit [a946e6a7df17] on NZDUSD H4 via seed (8 trials)
  gen_bv_donchian_fresh_cross_session_time_exit [a946e6a7df17] on UK100 H4 via seed (8 trials)
  gen_bv_donchian_fresh_cross_session_time_exit [a946e6a7df17] on US500 H4 via seed (8 trials)
  gen_bv_donchian_fresh_cross_session_time_exit [a946e6a7df17] on USDCAD H4 via seed (8 trials)
  gen_bv_donchian_fresh_cross_session_time_exit [a946e6a7df17] on USDCHF H4 via seed (8 trials)
  gen_bv_donchian_fresh_cross_session_time_exit [a946e6a7df17] on USDJPY H4 via seed (8 trials)
  gen_bv_donchian_fresh_cross_session_time_exit [a946e6a7df17] on XAGUSD H4 via seed (8 trials)
  gen_bv_donchian_fresh_cross_session_time_exit [a946e6a7df17] on XAUUSD H4 via seed (8 trials)
  gen_bv_kc_break_adx_gate_time_exit [06e49a4f0e8e] on AUDJPY H4 via seed (4 trials)
  gen_bv_kc_break_adx_gate_time_exit [06e49a4f0e8e] on AUDJPY D1 via seed (4 trials)
  gen_bv_kc_break_adx_gate_time_exit [06e49a4f0e8e] on AUDUSD H4 via seed (4 trials)
  gen_bv_kc_break_adx_gate_time_exit [06e49a4f0e8e] on AUDUSD D1 via seed (4 trials)
  gen_bv_kc_break_adx_gate_time_exit [06e49a4f0e8e] on DE40 H4 via seed (4 trials)
  gen_bv_kc_break_adx_gate_time_exit [06e49a4f0e8e] on DE40 D1 via seed (4 trials)
  gen_bv_kc_break_adx_gate_time_exit [06e49a4f0e8e] on EURJPY H4 via seed (4 trials)
  gen_bv_kc_break_adx_gate_time_exit [06e49a4f0e8e] on EURJPY D1 via seed (4 trials)
  gen_bv_kc_break_adx_gate_time_exit [06e49a4f0e8e] on EURUSD H4 via seed (4 trials)
  gen_bv_kc_break_adx_gate_time_exit [06e49a4f0e8e] on EURUSD D1 via seed (4 trials)
  gen_bv_kc_break_adx_gate_time_exit [06e49a4f0e8e] on GBPJPY H4 via seed (4 trials)
  gen_bv_kc_break_adx_gate_time_exit [06e49a4f0e8e] on GBPJPY D1 via seed (4 trials)
  gen_bv_kc_break_adx_gate_time_exit [06e49a4f0e8e] on GBPUSD H4 via seed (4 trials)
  gen_bv_kc_break_adx_gate_time_exit [06e49a4f0e8e] on GBPUSD D1 via seed (4 trials)
  gen_bv_kc_break_adx_gate_time_exit [06e49a4f0e8e] on NZDUSD H4 via seed (4 trials)
  gen_bv_kc_break_adx_gate_time_exit [06e49a4f0e8e] on NZDUSD D1 via seed (4 trials)
  gen_bv_kc_break_adx_gate_time_exit [06e49a4f0e8e] on UK100 H4 via seed (4 trials)
  gen_bv_kc_break_adx_gate_time_exit [06e49a4f0e8e] on UK100 D1 via seed (4 trials)
  gen_bv_kc_break_adx_gate_time_exit [06e49a4f0e8e] on US500 H4 via seed (4 trials)
  gen_bv_kc_break_adx_gate_time_exit [06e49a4f0e8e] on US500 D1 via seed (4 trials)
  gen_bv_kc_break_adx_gate_time_exit [06e49a4f0e8e] on USDCAD H4 via seed (4 trials)
  gen_bv_kc_break_adx_gate_time_exit [06e49a4f0e8e] on USDCAD D1 via seed (4 trials)
  gen_bv_kc_break_adx_gate_time_exit [06e49a4f0e8e] on USDCHF H4 via seed (4 trials)
  gen_bv_kc_break_adx_gate_time_exit [06e49a4f0e8e] on USDCHF D1 via seed (4 trials)
  gen_bv_kc_break_adx_gate_time_exit [06e49a4f0e8e] on USDJPY H4 via seed (4 trials)
  gen_bv_kc_break_adx_gate_time_exit [06e49a4f0e8e] on USDJPY D1 via seed (4 trials)
  gen_bv_kc_break_adx_gate_time_exit [06e49a4f0e8e] on XAGUSD H4 via seed (4 trials)
  gen_bv_kc_break_adx_gate_time_exit [06e49a4f0e8e] on XAGUSD D1 via seed (4 trials)
  gen_bv_kc_break_adx_gate_time_exit [06e49a4f0e8e] on XAUUSD H4 via seed (4 trials)
  gen_bv_kc_break_adx_gate_time_exit [06e49a4f0e8e] on XAUUSD D1 via seed (4 trials)
  gen_bv_kc_break_none_swing_tp_long [2a651242e419] on AUDJPY H4 via seed (4 trials)
  gen_bv_kc_break_none_swing_tp_long [2a651242e419] on AUDJPY D1 via seed (4 trials)
  gen_bv_kc_break_none_swing_tp_long [2a651242e419] on AUDUSD H4 via seed (4 trials)
  gen_bv_kc_break_none_swing_tp_long [2a651242e419] on AUDUSD D1 via seed (4 trials)
  gen_bv_kc_break_none_swing_tp_long [2a651242e419] on DE40 H4 via seed (4 trials)
  gen_bv_kc_break_none_swing_tp_long [2a651242e419] on DE40 D1 via seed (4 trials)
  gen_bv_kc_break_none_swing_tp_long [2a651242e419] on EURJPY H4 via seed (4 trials)
  gen_bv_kc_break_none_swing_tp_long [2a651242e419] on EURJPY D1 via seed (4 trials)
  gen_bv_kc_break_none_swing_tp_long [2a651242e419] on EURUSD H4 via seed (4 trials)
  gen_bv_kc_break_none_swing_tp_long [2a651242e419] on EURUSD D1 via seed (4 trials)
  gen_bv_kc_break_none_swing_tp_long [2a651242e419] on GBPJPY H4 via seed (4 trials)
  gen_bv_kc_break_none_swing_tp_long [2a651242e419] on GBPJPY D1 via seed (4 trials)
  gen_bv_kc_break_none_swing_tp_long [2a651242e419] on GBPUSD H4 via seed (4 trials)
  gen_bv_kc_break_none_swing_tp_long [2a651242e419] on GBPUSD D1 via seed (4 trials)
  gen_bv_kc_break_none_swing_tp_long [2a651242e419] on NZDUSD H4 via seed (4 trials)
  gen_bv_kc_break_none_swing_tp_long [2a651242e419] on NZDUSD D1 via seed (4 trials)
  gen_bv_kc_break_none_swing_tp_long [2a651242e419] on UK100 H4 via seed (4 trials)
  gen_bv_kc_break_none_swing_tp_long [2a651242e419] on UK100 D1 via seed (4 trials)
  gen_bv_kc_break_none_swing_tp_long [2a651242e419] on US500 H4 via seed (4 trials)
  gen_bv_kc_break_none_swing_tp_long [2a651242e419] on US500 D1 via seed (4 trials)
  gen_bv_kc_break_none_swing_tp_long [2a651242e419] on USDCAD H4 via seed (4 trials)
  gen_bv_kc_break_none_swing_tp_long [2a651242e419] on USDCAD D1 via seed (4 trials)
  gen_bv_kc_break_none_swing_tp_long [2a651242e419] on USDCHF H4 via seed (4 trials)
  gen_bv_kc_break_none_swing_tp_long [2a651242e419] on USDCHF D1 via seed (4 trials)
  gen_bv_kc_break_none_swing_tp_long [2a651242e419] on USDJPY H4 via seed (4 trials)
  gen_bv_kc_break_none_swing_tp_long [2a651242e419] on USDJPY D1 via seed (4 trials)
  gen_bv_kc_break_none_swing_tp_long [2a651242e419] on XAGUSD H4 via seed (4 trials)
  gen_bv_kc_break_none_swing_tp_long [2a651242e419] on XAGUSD D1 via seed (4 trials)
  gen_bv_kc_break_none_swing_tp_long [2a651242e419] on XAUUSD H4 via seed (4 trials)
  gen_bv_kc_break_none_swing_tp_long [2a651242e419] on XAUUSD D1 via seed (4 trials)
  gen_bv_kc_break_none_tp_r [65d26a0ea8c8] on AUDJPY H4 via seed (4 trials)
  gen_bv_kc_break_none_tp_r [65d26a0ea8c8] on AUDJPY D1 via seed (4 trials)
  gen_bv_kc_break_none_tp_r [65d26a0ea8c8] on AUDUSD H4 via seed (4 trials)
  gen_bv_kc_break_none_tp_r [65d26a0ea8c8] on AUDUSD D1 via seed (4 trials)
  gen_bv_kc_break_none_tp_r [65d26a0ea8c8] on DE40 H4 via seed (4 trials)
  gen_bv_kc_break_none_tp_r [65d26a0ea8c8] on DE40 D1 via seed (4 trials)
  gen_bv_kc_break_none_tp_r [65d26a0ea8c8] on EURJPY H4 via seed (4 trials)
  gen_bv_kc_break_none_tp_r [65d26a0ea8c8] on EURJPY D1 via seed (4 trials)
  gen_bv_kc_break_none_tp_r [65d26a0ea8c8] on EURUSD H4 via seed (4 trials)
  gen_bv_kc_break_none_tp_r [65d26a0ea8c8] on EURUSD D1 via seed (4 trials)
  gen_bv_kc_break_none_tp_r [65d26a0ea8c8] on GBPJPY H4 via seed (4 trials)
  gen_bv_kc_break_none_tp_r [65d26a0ea8c8] on GBPJPY D1 via seed (4 trials)
  gen_bv_kc_break_none_tp_r [65d26a0ea8c8] on GBPUSD H4 via seed (4 trials)
  gen_bv_kc_break_none_tp_r [65d26a0ea8c8] on GBPUSD D1 via seed (4 trials)
  gen_bv_kc_break_none_tp_r [65d26a0ea8c8] on NZDUSD H4 via seed (4 trials)
  gen_bv_kc_break_none_tp_r [65d26a0ea8c8] on NZDUSD D1 via seed (4 trials)
  gen_bv_kc_break_none_tp_r [65d26a0ea8c8] on UK100 H4 via seed (4 trials)
  gen_bv_kc_break_none_tp_r [65d26a0ea8c8] on UK100 D1 via seed (4 trials)
  gen_bv_kc_break_none_tp_r [65d26a0ea8c8] on US500 H4 via seed (4 trials)
  gen_bv_kc_break_none_tp_r [65d26a0ea8c8] on US500 D1 via seed (4 trials)
  gen_bv_kc_break_none_tp_r [65d26a0ea8c8] on USDCAD H4 via seed (4 trials)
  gen_bv_kc_break_none_tp_r [65d26a0ea8c8] on USDCAD D1 via seed (4 trials)
  gen_bv_kc_break_none_tp_r [65d26a0ea8c8] on USDCHF H4 via seed (4 trials)
  gen_bv_kc_break_none_tp_r [65d26a0ea8c8] on USDCHF D1 via seed (4 trials)
  gen_bv_kc_break_none_tp_r [65d26a0ea8c8] on USDJPY H4 via seed (4 trials)
  gen_bv_kc_break_none_tp_r [65d26a0ea8c8] on USDJPY D1 via seed (4 trials)
  gen_bv_kc_break_none_tp_r [65d26a0ea8c8] on XAGUSD H4 via seed (4 trials)
  gen_bv_kc_break_none_tp_r [65d26a0ea8c8] on XAGUSD D1 via seed (4 trials)
  gen_bv_kc_break_none_tp_r [65d26a0ea8c8] on XAUUSD H4 via seed (4 trials)
  gen_bv_kc_break_none_tp_r [65d26a0ea8c8] on XAUUSD D1 via seed (4 trials)
  gen_bv_kc_break_rvol_gate_time_exit [6a9915380155] on AUDJPY H4 via seed (4 trials)
  gen_bv_kc_break_rvol_gate_time_exit [6a9915380155] on AUDJPY D1 via seed (4 trials)
  gen_bv_kc_break_rvol_gate_time_exit [6a9915380155] on AUDUSD H4 via seed (4 trials)
  gen_bv_kc_break_rvol_gate_time_exit [6a9915380155] on AUDUSD D1 via seed (4 trials)
  gen_bv_kc_break_rvol_gate_time_exit [6a9915380155] on DE40 H4 via seed (4 trials)
  gen_bv_kc_break_rvol_gate_time_exit [6a9915380155] on DE40 D1 via seed (4 trials)
  gen_bv_kc_break_rvol_gate_time_exit [6a9915380155] on EURJPY H4 via seed (4 trials)
  gen_bv_kc_break_rvol_gate_time_exit [6a9915380155] on EURJPY D1 via seed (4 trials)
  gen_bv_kc_break_rvol_gate_time_exit [6a9915380155] on EURUSD H4 via seed (4 trials)
  gen_bv_kc_break_rvol_gate_time_exit [6a9915380155] on EURUSD D1 via seed (4 trials)
  gen_bv_kc_break_rvol_gate_time_exit [6a9915380155] on GBPJPY H4 via seed (4 trials)
  gen_bv_kc_break_rvol_gate_time_exit [6a9915380155] on GBPJPY D1 via seed (4 trials)
  gen_bv_kc_break_rvol_gate_time_exit [6a9915380155] on GBPUSD H4 via seed (4 trials)
  gen_bv_kc_break_rvol_gate_time_exit [6a9915380155] on GBPUSD D1 via seed (4 trials)
  gen_bv_kc_break_rvol_gate_time_exit [6a9915380155] on NZDUSD H4 via seed (4 trials)
  gen_bv_kc_break_rvol_gate_time_exit [6a9915380155] on NZDUSD D1 via seed (4 trials)
  gen_bv_kc_break_rvol_gate_time_exit [6a9915380155] on UK100 H4 via seed (4 trials)
  gen_bv_kc_break_rvol_gate_time_exit [6a9915380155] on UK100 D1 via seed (4 trials)
  gen_bv_kc_break_rvol_gate_time_exit [6a9915380155] on US500 H4 via seed (4 trials)
  gen_bv_kc_break_rvol_gate_time_exit [6a9915380155] on US500 D1 via seed (4 trials)
  gen_bv_kc_break_rvol_gate_time_exit [6a9915380155] on USDCAD H4 via seed (4 trials)
  gen_bv_kc_break_rvol_gate_time_exit [6a9915380155] on USDCAD D1 via seed (4 trials)
  gen_bv_kc_break_rvol_gate_time_exit [6a9915380155] on USDCHF H4 via seed (4 trials)
  gen_bv_kc_break_rvol_gate_time_exit [6a9915380155] on USDCHF D1 via seed (4 trials)
  gen_bv_kc_break_rvol_gate_time_exit [6a9915380155] on USDJPY H4 via seed (4 trials)
  gen_bv_kc_break_rvol_gate_time_exit [6a9915380155] on USDJPY D1 via seed (4 trials)
  gen_bv_kc_break_rvol_gate_time_exit [6a9915380155] on XAGUSD H4 via seed (4 trials)
  gen_bv_kc_break_rvol_gate_time_exit [6a9915380155] on XAGUSD D1 via seed (4 trials)
  gen_bv_kc_break_rvol_gate_time_exit [6a9915380155] on XAUUSD H4 via seed (4 trials)
  gen_bv_kc_break_rvol_gate_time_exit [6a9915380155] on XAUUSD D1 via seed (4 trials)
  gen_bv_kc_break_rvol_gate_tp_r [5d62b4b50e58] on AUDJPY H4 via seed (4 trials)
  gen_bv_kc_break_rvol_gate_tp_r [5d62b4b50e58] on AUDJPY D1 via seed (4 trials)
  gen_bv_kc_break_rvol_gate_tp_r [5d62b4b50e58] on AUDUSD H4 via seed (4 trials)
  gen_bv_kc_break_rvol_gate_tp_r [5d62b4b50e58] on AUDUSD D1 via seed (4 trials)
  gen_bv_kc_break_rvol_gate_tp_r [5d62b4b50e58] on DE40 H4 via seed (4 trials)
  gen_bv_kc_break_rvol_gate_tp_r [5d62b4b50e58] on DE40 D1 via seed (4 trials)
  gen_bv_kc_break_rvol_gate_tp_r [5d62b4b50e58] on EURJPY H4 via seed (4 trials)
  gen_bv_kc_break_rvol_gate_tp_r [5d62b4b50e58] on EURJPY D1 via seed (4 trials)
  gen_bv_kc_break_rvol_gate_tp_r [5d62b4b50e58] on EURUSD H4 via seed (4 trials)
  gen_bv_kc_break_rvol_gate_tp_r [5d62b4b50e58] on EURUSD D1 via seed (4 trials)
  gen_bv_kc_break_rvol_gate_tp_r [5d62b4b50e58] on GBPJPY H4 via seed (4 trials)
  gen_bv_kc_break_rvol_gate_tp_r [5d62b4b50e58] on GBPJPY D1 via seed (4 trials)
  gen_bv_kc_break_rvol_gate_tp_r [5d62b4b50e58] on GBPUSD H4 via seed (4 trials)
  gen_bv_kc_break_rvol_gate_tp_r [5d62b4b50e58] on GBPUSD D1 via seed (4 trials)
  gen_bv_kc_break_rvol_gate_tp_r [5d62b4b50e58] on NZDUSD H4 via seed (4 trials)
  gen_bv_kc_break_rvol_gate_tp_r [5d62b4b50e58] on NZDUSD D1 via seed (4 trials)
  gen_bv_kc_break_rvol_gate_tp_r [5d62b4b50e58] on UK100 H4 via seed (4 trials)
  gen_bv_kc_break_rvol_gate_tp_r [5d62b4b50e58] on UK100 D1 via seed (4 trials)
  gen_bv_kc_break_rvol_gate_tp_r [5d62b4b50e58] on US500 H4 via seed (4 trials)
  gen_bv_kc_break_rvol_gate_tp_r [5d62b4b50e58] on US500 D1 via seed (4 trials)
  gen_bv_kc_break_rvol_gate_tp_r [5d62b4b50e58] on USDCAD H4 via seed (4 trials)
  gen_bv_kc_break_rvol_gate_tp_r [5d62b4b50e58] on USDCAD D1 via seed (4 trials)
  gen_bv_kc_break_rvol_gate_tp_r [5d62b4b50e58] on USDCHF H4 via seed (4 trials)
  gen_bv_kc_break_rvol_gate_tp_r [5d62b4b50e58] on USDCHF D1 via seed (4 trials)
  gen_bv_kc_break_rvol_gate_tp_r [5d62b4b50e58] on USDJPY H4 via seed (4 trials)
  gen_bv_kc_break_rvol_gate_tp_r [5d62b4b50e58] on USDJPY D1 via seed (4 trials)
  gen_bv_kc_break_rvol_gate_tp_r [5d62b4b50e58] on XAGUSD H4 via seed (4 trials)
  gen_bv_kc_break_rvol_gate_tp_r [5d62b4b50e58] on XAGUSD D1 via seed (4 trials)
  gen_bv_kc_break_rvol_gate_tp_r [5d62b4b50e58] on XAUUSD H4 via seed (4 trials)
  gen_bv_kc_break_rvol_gate_tp_r [5d62b4b50e58] on XAUUSD D1 via seed (4 trials)
  gen_bv_kc_break_session_trail [bb8d7b0c54ff] on AUDJPY H4 via seed (4 trials)
  gen_bv_kc_break_session_trail [bb8d7b0c54ff] on AUDUSD H4 via seed (4 trials)
  gen_bv_kc_break_session_trail [bb8d7b0c54ff] on DE40 H4 via seed (4 trials)
  gen_bv_kc_break_session_trail [bb8d7b0c54ff] on EURJPY H4 via seed (4 trials)
  gen_bv_kc_break_session_trail [bb8d7b0c54ff] on EURUSD H4 via seed (4 trials)
  gen_bv_kc_break_session_trail [bb8d7b0c54ff] on GBPJPY H4 via seed (4 trials)
  gen_bv_kc_break_session_trail [bb8d7b0c54ff] on GBPUSD H4 via seed (4 trials)
  gen_bv_kc_break_session_trail [bb8d7b0c54ff] on NZDUSD H4 via seed (4 trials)
  gen_bv_kc_break_session_trail [bb8d7b0c54ff] on UK100 H4 via seed (4 trials)
  gen_bv_kc_break_session_trail [bb8d7b0c54ff] on US500 H4 via seed (4 trials)
  gen_bv_kc_break_session_trail [bb8d7b0c54ff] on USDCAD H4 via seed (4 trials)
  gen_bv_kc_break_session_trail [bb8d7b0c54ff] on USDCHF H4 via seed (4 trials)
  gen_bv_kc_break_session_trail [bb8d7b0c54ff] on USDJPY H4 via seed (4 trials)
  gen_bv_kc_break_session_trail [bb8d7b0c54ff] on XAGUSD H4 via seed (4 trials)
  gen_bv_kc_break_session_trail [bb8d7b0c54ff] on XAUUSD H4 via seed (4 trials)
  gen_ic_kumo_chikou_flip_adx_gate_swing_tp_long [5839c8d69415] on AUDJPY H4 via seed (4 trials)
  gen_ic_kumo_chikou_flip_adx_gate_swing_tp_long [5839c8d69415] on AUDJPY D1 via seed (4 trials)
  gen_ic_kumo_chikou_flip_adx_gate_swing_tp_long [5839c8d69415] on AUDUSD H4 via seed (4 trials)
  gen_ic_kumo_chikou_flip_adx_gate_swing_tp_long [5839c8d69415] on AUDUSD D1 via seed (4 trials)
  gen_ic_kumo_chikou_flip_adx_gate_swing_tp_long [5839c8d69415] on EURJPY H4 via seed (4 trials)
  gen_ic_kumo_chikou_flip_adx_gate_swing_tp_long [5839c8d69415] on EURJPY D1 via seed (4 trials)
  gen_ic_kumo_chikou_flip_adx_gate_swing_tp_long [5839c8d69415] on EURUSD H4 via seed (4 trials)
  gen_ic_kumo_chikou_flip_adx_gate_swing_tp_long [5839c8d69415] on EURUSD D1 via seed (4 trials)
  gen_ic_kumo_chikou_flip_adx_gate_swing_tp_long [5839c8d69415] on GBPJPY H4 via seed (4 trials)
  gen_ic_kumo_chikou_flip_adx_gate_swing_tp_long [5839c8d69415] on GBPJPY D1 via seed (4 trials)
  gen_ic_kumo_chikou_flip_adx_gate_swing_tp_long [5839c8d69415] on GBPUSD H4 via seed (4 trials)
  gen_ic_kumo_chikou_flip_adx_gate_swing_tp_long [5839c8d69415] on GBPUSD D1 via seed (4 trials)
  gen_ic_kumo_chikou_flip_adx_gate_swing_tp_long [5839c8d69415] on US500 H4 via seed (4 trials)
  gen_ic_kumo_chikou_flip_adx_gate_swing_tp_long [5839c8d69415] on US500 D1 via seed (4 trials)
  gen_ic_kumo_chikou_flip_adx_gate_swing_tp_long [5839c8d69415] on USDJPY H4 via seed (4 trials)
  gen_ic_kumo_chikou_flip_adx_gate_swing_tp_long [5839c8d69415] on USDJPY D1 via seed (4 trials)
  gen_ic_kumo_chikou_flip_adx_gate_swing_tp_long [5839c8d69415] on XAUUSD H4 via seed (4 trials)
  gen_ic_kumo_chikou_flip_adx_gate_swing_tp_long [5839c8d69415] on XAUUSD D1 via seed (4 trials)
  gen_ic_kumo_chikou_flip_none_swing_tp_short [41082153c78b] on AUDJPY H4 via seed (4 trials)
  gen_ic_kumo_chikou_flip_none_swing_tp_short [41082153c78b] on AUDJPY D1 via seed (4 trials)
  gen_ic_kumo_chikou_flip_none_swing_tp_short [41082153c78b] on AUDUSD H4 via seed (4 trials)
  gen_ic_kumo_chikou_flip_none_swing_tp_short [41082153c78b] on AUDUSD D1 via seed (4 trials)
  gen_ic_kumo_chikou_flip_none_swing_tp_short [41082153c78b] on EURJPY H4 via seed (4 trials)
  gen_ic_kumo_chikou_flip_none_swing_tp_short [41082153c78b] on EURJPY D1 via seed (4 trials)
  gen_ic_kumo_chikou_flip_none_swing_tp_short [41082153c78b] on EURUSD H4 via seed (4 trials)
  gen_ic_kumo_chikou_flip_none_swing_tp_short [41082153c78b] on EURUSD D1 via seed (4 trials)
  gen_ic_kumo_chikou_flip_none_swing_tp_short [41082153c78b] on GBPJPY H4 via seed (4 trials)
  gen_ic_kumo_chikou_flip_none_swing_tp_short [41082153c78b] on GBPJPY D1 via seed (4 trials)
  gen_ic_kumo_chikou_flip_none_swing_tp_short [41082153c78b] on GBPUSD H4 via seed (4 trials)
  gen_ic_kumo_chikou_flip_none_swing_tp_short [41082153c78b] on GBPUSD D1 via seed (4 trials)
  gen_ic_kumo_chikou_flip_none_swing_tp_short [41082153c78b] on US500 H4 via seed (4 trials)
  gen_ic_kumo_chikou_flip_none_swing_tp_short [41082153c78b] on US500 D1 via seed (4 trials)
  gen_ic_kumo_chikou_flip_none_swing_tp_short [41082153c78b] on USDJPY H4 via seed (4 trials)
  gen_ic_kumo_chikou_flip_none_swing_tp_short [41082153c78b] on USDJPY D1 via seed (4 trials)
  gen_ic_kumo_chikou_flip_none_swing_tp_short [41082153c78b] on XAUUSD H4 via seed (4 trials)
  gen_ic_kumo_chikou_flip_none_swing_tp_short [41082153c78b] on XAUUSD D1 via seed (4 trials)
  gen_ic_kumo_chikou_flip_rvol_gate_swing_tp_long [b5067accf297] on AUDJPY H4 via seed (4 trials)
  gen_ic_kumo_chikou_flip_rvol_gate_swing_tp_long [b5067accf297] on AUDJPY D1 via seed (4 trials)
  gen_ic_kumo_chikou_flip_rvol_gate_swing_tp_long [b5067accf297] on AUDUSD H4 via seed (4 trials)
  gen_ic_kumo_chikou_flip_rvol_gate_swing_tp_long [b5067accf297] on AUDUSD D1 via seed (4 trials)
  gen_ic_kumo_chikou_flip_rvol_gate_swing_tp_long [b5067accf297] on EURJPY H4 via seed (4 trials)
  gen_ic_kumo_chikou_flip_rvol_gate_swing_tp_long [b5067accf297] on EURJPY D1 via seed (4 trials)
  gen_ic_kumo_chikou_flip_rvol_gate_swing_tp_long [b5067accf297] on EURUSD H4 via seed (4 trials)
  gen_ic_kumo_chikou_flip_rvol_gate_swing_tp_long [b5067accf297] on EURUSD D1 via seed (4 trials)
  gen_ic_kumo_chikou_flip_rvol_gate_swing_tp_long [b5067accf297] on GBPJPY H4 via seed (4 trials)
  gen_ic_kumo_chikou_flip_rvol_gate_swing_tp_long [b5067accf297] on GBPJPY D1 via seed (4 trials)
  gen_ic_kumo_chikou_flip_rvol_gate_swing_tp_long [b5067accf297] on GBPUSD H4 via seed (4 trials)
  gen_ic_kumo_chikou_flip_rvol_gate_swing_tp_long [b5067accf297] on GBPUSD D1 via seed (4 trials)
  gen_ic_kumo_chikou_flip_rvol_gate_swing_tp_long [b5067accf297] on US500 H4 via seed (4 trials)
  gen_ic_kumo_chikou_flip_rvol_gate_swing_tp_long [b5067accf297] on US500 D1 via seed (4 trials)
  gen_ic_kumo_chikou_flip_rvol_gate_swing_tp_long [b5067accf297] on USDJPY H4 via seed (4 trials)
  gen_ic_kumo_chikou_flip_rvol_gate_swing_tp_long [b5067accf297] on USDJPY D1 via seed (4 trials)
  gen_ic_kumo_chikou_flip_rvol_gate_swing_tp_long [b5067accf297] on XAUUSD H4 via seed (4 trials)
  gen_ic_kumo_chikou_flip_rvol_gate_swing_tp_long [b5067accf297] on XAUUSD D1 via seed (4 trials)
  gen_ic_kumo_chikou_flip_rvol_gate_time_exit [429ca3550b24] on AUDJPY H4 via seed (4 trials)
  gen_ic_kumo_chikou_flip_rvol_gate_time_exit [429ca3550b24] on AUDJPY D1 via seed (4 trials)
  gen_ic_kumo_chikou_flip_rvol_gate_time_exit [429ca3550b24] on AUDUSD H4 via seed (4 trials)
  gen_ic_kumo_chikou_flip_rvol_gate_time_exit [429ca3550b24] on AUDUSD D1 via seed (4 trials)
  gen_ic_kumo_chikou_flip_rvol_gate_time_exit [429ca3550b24] on EURJPY H4 via seed (4 trials)
  gen_ic_kumo_chikou_flip_rvol_gate_time_exit [429ca3550b24] on EURJPY D1 via seed (4 trials)
  gen_ic_kumo_chikou_flip_rvol_gate_time_exit [429ca3550b24] on EURUSD H4 via seed (4 trials)
  gen_ic_kumo_chikou_flip_rvol_gate_time_exit [429ca3550b24] on EURUSD D1 via seed (4 trials)
  gen_ic_kumo_chikou_flip_rvol_gate_time_exit [429ca3550b24] on GBPJPY H4 via seed (4 trials)
  gen_ic_kumo_chikou_flip_rvol_gate_time_exit [429ca3550b24] on GBPJPY D1 via seed (4 trials)
  gen_ic_kumo_chikou_flip_rvol_gate_time_exit [429ca3550b24] on GBPUSD H4 via seed (4 trials)
  gen_ic_kumo_chikou_flip_rvol_gate_time_exit [429ca3550b24] on GBPUSD D1 via seed (4 trials)
  gen_ic_kumo_chikou_flip_rvol_gate_time_exit [429ca3550b24] on US500 H4 via seed (4 trials)
  gen_ic_kumo_chikou_flip_rvol_gate_time_exit [429ca3550b24] on US500 D1 via seed (4 trials)
  gen_ic_kumo_chikou_flip_rvol_gate_time_exit [429ca3550b24] on USDJPY H4 via seed (4 trials)
  gen_ic_kumo_chikou_flip_rvol_gate_time_exit [429ca3550b24] on USDJPY D1 via seed (4 trials)
  gen_ic_kumo_chikou_flip_rvol_gate_time_exit [429ca3550b24] on XAUUSD H4 via seed (4 trials)
  gen_ic_kumo_chikou_flip_rvol_gate_time_exit [429ca3550b24] on XAUUSD D1 via seed (4 trials)
  gen_ic_kumo_chikou_flip_session_time_exit [e9928a5e8101] on AUDJPY H4 via seed (4 trials)
  gen_ic_kumo_chikou_flip_session_time_exit [e9928a5e8101] on AUDUSD H4 via seed (4 trials)
  gen_ic_kumo_chikou_flip_session_time_exit [e9928a5e8101] on EURJPY H4 via seed (4 trials)
  gen_ic_kumo_chikou_flip_session_time_exit [e9928a5e8101] on EURUSD H4 via seed (4 trials)
  gen_ic_kumo_chikou_flip_session_time_exit [e9928a5e8101] on GBPJPY H4 via seed (4 trials)
  gen_ic_kumo_chikou_flip_session_time_exit [e9928a5e8101] on GBPUSD H4 via seed (4 trials)
  gen_ic_kumo_chikou_flip_session_time_exit [e9928a5e8101] on US500 H4 via seed (4 trials)
  gen_ic_kumo_chikou_flip_session_time_exit [e9928a5e8101] on USDJPY H4 via seed (4 trials)
  gen_ic_kumo_chikou_flip_session_time_exit [e9928a5e8101] on XAUUSD H4 via seed (4 trials)
  gen_ic_kumo_kijun_cross_adx_gate_swing_tp_long [f930da59924e] on AUDJPY H4 via seed (4 trials)
  gen_ic_kumo_kijun_cross_adx_gate_swing_tp_long [f930da59924e] on AUDJPY D1 via seed (4 trials)
  gen_ic_kumo_kijun_cross_adx_gate_swing_tp_long [f930da59924e] on AUDUSD H4 via seed (4 trials)
  gen_ic_kumo_kijun_cross_adx_gate_swing_tp_long [f930da59924e] on AUDUSD D1 via seed (4 trials)
  gen_ic_kumo_kijun_cross_adx_gate_swing_tp_long [f930da59924e] on EURJPY H4 via seed (4 trials)
  gen_ic_kumo_kijun_cross_adx_gate_swing_tp_long [f930da59924e] on EURJPY D1 via seed (4 trials)
  gen_ic_kumo_kijun_cross_adx_gate_swing_tp_long [f930da59924e] on EURUSD H4 via seed (4 trials)
  gen_ic_kumo_kijun_cross_adx_gate_swing_tp_long [f930da59924e] on EURUSD D1 via seed (4 trials)
  gen_ic_kumo_kijun_cross_adx_gate_swing_tp_long [f930da59924e] on GBPJPY H4 via seed (4 trials)
  gen_ic_kumo_kijun_cross_adx_gate_swing_tp_long [f930da59924e] on GBPJPY D1 via seed (4 trials)
  gen_ic_kumo_kijun_cross_adx_gate_swing_tp_long [f930da59924e] on GBPUSD H4 via seed (4 trials)
  gen_ic_kumo_kijun_cross_adx_gate_swing_tp_long [f930da59924e] on GBPUSD D1 via seed (4 trials)
  gen_ic_kumo_kijun_cross_adx_gate_swing_tp_long [f930da59924e] on US500 H4 via seed (4 trials)
  gen_ic_kumo_kijun_cross_adx_gate_swing_tp_long [f930da59924e] on US500 D1 via seed (4 trials)
  gen_ic_kumo_kijun_cross_adx_gate_swing_tp_long [f930da59924e] on USDJPY H4 via seed (4 trials)
  gen_ic_kumo_kijun_cross_adx_gate_swing_tp_long [f930da59924e] on USDJPY D1 via seed (4 trials)
  gen_ic_kumo_kijun_cross_adx_gate_swing_tp_long [f930da59924e] on XAUUSD H4 via seed (4 trials)
  gen_ic_kumo_kijun_cross_adx_gate_swing_tp_long [f930da59924e] on XAUUSD D1 via seed (4 trials)
  gen_ic_kumo_kijun_cross_adx_gate_tp_r [18905f4ddcee] on AUDJPY H4 via seed (4 trials)
  gen_ic_kumo_kijun_cross_adx_gate_tp_r [18905f4ddcee] on AUDJPY D1 via seed (4 trials)
  gen_ic_kumo_kijun_cross_adx_gate_tp_r [18905f4ddcee] on AUDUSD H4 via seed (4 trials)
  gen_ic_kumo_kijun_cross_adx_gate_tp_r [18905f4ddcee] on AUDUSD D1 via seed (4 trials)
  gen_ic_kumo_kijun_cross_adx_gate_tp_r [18905f4ddcee] on EURJPY H4 via seed (4 trials)
  gen_ic_kumo_kijun_cross_adx_gate_tp_r [18905f4ddcee] on EURJPY D1 via seed (4 trials)
  gen_ic_kumo_kijun_cross_adx_gate_tp_r [18905f4ddcee] on EURUSD H4 via seed (4 trials)
  gen_ic_kumo_kijun_cross_adx_gate_tp_r [18905f4ddcee] on EURUSD D1 via seed (4 trials)
  gen_ic_kumo_kijun_cross_adx_gate_tp_r [18905f4ddcee] on GBPJPY H4 via seed (4 trials)
  gen_ic_kumo_kijun_cross_adx_gate_tp_r [18905f4ddcee] on GBPJPY D1 via seed (4 trials)
  gen_ic_kumo_kijun_cross_adx_gate_tp_r [18905f4ddcee] on GBPUSD H4 via seed (4 trials)
  gen_ic_kumo_kijun_cross_adx_gate_tp_r [18905f4ddcee] on GBPUSD D1 via seed (4 trials)
  gen_ic_kumo_kijun_cross_adx_gate_tp_r [18905f4ddcee] on US500 H4 via seed (4 trials)
  gen_ic_kumo_kijun_cross_adx_gate_tp_r [18905f4ddcee] on US500 D1 via seed (4 trials)
  gen_ic_kumo_kijun_cross_adx_gate_tp_r [18905f4ddcee] on USDJPY H4 via seed (4 trials)
  gen_ic_kumo_kijun_cross_adx_gate_tp_r [18905f4ddcee] on USDJPY D1 via seed (4 trials)
  gen_ic_kumo_kijun_cross_adx_gate_tp_r [18905f4ddcee] on XAUUSD H4 via seed (4 trials)
  gen_ic_kumo_kijun_cross_adx_gate_tp_r [18905f4ddcee] on XAUUSD D1 via seed (4 trials)
  gen_ic_kumo_kijun_cross_none_swing_tp_short [69123e42e665] on AUDJPY H4 via seed (4 trials)
  gen_ic_kumo_kijun_cross_none_swing_tp_short [69123e42e665] on AUDJPY D1 via seed (4 trials)
  gen_ic_kumo_kijun_cross_none_swing_tp_short [69123e42e665] on AUDUSD H4 via seed (4 trials)
  gen_ic_kumo_kijun_cross_none_swing_tp_short [69123e42e665] on AUDUSD D1 via seed (4 trials)
  gen_ic_kumo_kijun_cross_none_swing_tp_short [69123e42e665] on EURJPY H4 via seed (4 trials)
  gen_ic_kumo_kijun_cross_none_swing_tp_short [69123e42e665] on EURJPY D1 via seed (4 trials)
  gen_ic_kumo_kijun_cross_none_swing_tp_short [69123e42e665] on EURUSD H4 via seed (4 trials)
  gen_ic_kumo_kijun_cross_none_swing_tp_short [69123e42e665] on EURUSD D1 via seed (4 trials)
  gen_ic_kumo_kijun_cross_none_swing_tp_short [69123e42e665] on GBPJPY H4 via seed (4 trials)
  gen_ic_kumo_kijun_cross_none_swing_tp_short [69123e42e665] on GBPJPY D1 via seed (4 trials)
  gen_ic_kumo_kijun_cross_none_swing_tp_short [69123e42e665] on GBPUSD H4 via seed (4 trials)
  gen_ic_kumo_kijun_cross_none_swing_tp_short [69123e42e665] on GBPUSD D1 via seed (4 trials)
  gen_ic_kumo_kijun_cross_none_swing_tp_short [69123e42e665] on US500 H4 via seed (4 trials)
  gen_ic_kumo_kijun_cross_none_swing_tp_short [69123e42e665] on US500 D1 via seed (4 trials)
  gen_ic_kumo_kijun_cross_none_swing_tp_short [69123e42e665] on USDJPY H4 via seed (4 trials)
  gen_ic_kumo_kijun_cross_none_swing_tp_short [69123e42e665] on USDJPY D1 via seed (4 trials)
  gen_ic_kumo_kijun_cross_none_swing_tp_short [69123e42e665] on XAUUSD H4 via seed (4 trials)
  gen_ic_kumo_kijun_cross_none_swing_tp_short [69123e42e665] on XAUUSD D1 via seed (4 trials)
  gen_ic_kumo_kijun_cross_rvol_gate_trail [a535db06d2a6] on AUDJPY H4 via seed (4 trials)
  gen_ic_kumo_kijun_cross_rvol_gate_trail [a535db06d2a6] on AUDJPY D1 via seed (4 trials)
  gen_ic_kumo_kijun_cross_rvol_gate_trail [a535db06d2a6] on AUDUSD H4 via seed (4 trials)
  gen_ic_kumo_kijun_cross_rvol_gate_trail [a535db06d2a6] on AUDUSD D1 via seed (4 trials)
  gen_ic_kumo_kijun_cross_rvol_gate_trail [a535db06d2a6] on EURJPY H4 via seed (4 trials)
  gen_ic_kumo_kijun_cross_rvol_gate_trail [a535db06d2a6] on EURJPY D1 via seed (4 trials)
  gen_ic_kumo_kijun_cross_rvol_gate_trail [a535db06d2a6] on EURUSD H4 via seed (4 trials)
  gen_ic_kumo_kijun_cross_rvol_gate_trail [a535db06d2a6] on EURUSD D1 via seed (4 trials)
  gen_ic_kumo_kijun_cross_rvol_gate_trail [a535db06d2a6] on GBPJPY H4 via seed (4 trials)
  gen_ic_kumo_kijun_cross_rvol_gate_trail [a535db06d2a6] on GBPJPY D1 via seed (4 trials)
  gen_ic_kumo_kijun_cross_rvol_gate_trail [a535db06d2a6] on GBPUSD H4 via seed (4 trials)
  gen_ic_kumo_kijun_cross_rvol_gate_trail [a535db06d2a6] on GBPUSD D1 via seed (4 trials)
  gen_ic_kumo_kijun_cross_rvol_gate_trail [a535db06d2a6] on US500 H4 via seed (4 trials)
  gen_ic_kumo_kijun_cross_rvol_gate_trail [a535db06d2a6] on US500 D1 via seed (4 trials)
  gen_ic_kumo_kijun_cross_rvol_gate_trail [a535db06d2a6] on USDJPY H4 via seed (4 trials)
  gen_ic_kumo_kijun_cross_rvol_gate_trail [a535db06d2a6] on USDJPY D1 via seed (4 trials)
  gen_ic_kumo_kijun_cross_rvol_gate_trail [a535db06d2a6] on XAUUSD H4 via seed (4 trials)
  gen_ic_kumo_kijun_cross_rvol_gate_trail [a535db06d2a6] on XAUUSD D1 via seed (4 trials)
  gen_ic_kumo_kijun_cross_session_tp_r [9714c47b3839] on AUDJPY H4 via seed (4 trials)
  gen_ic_kumo_kijun_cross_session_tp_r [9714c47b3839] on AUDUSD H4 via seed (4 trials)
  gen_ic_kumo_kijun_cross_session_tp_r [9714c47b3839] on EURJPY H4 via seed (4 trials)
  gen_ic_kumo_kijun_cross_session_tp_r [9714c47b3839] on EURUSD H4 via seed (4 trials)
  gen_ic_kumo_kijun_cross_session_tp_r [9714c47b3839] on GBPJPY H4 via seed (4 trials)
  gen_ic_kumo_kijun_cross_session_tp_r [9714c47b3839] on GBPUSD H4 via seed (4 trials)
  gen_ic_kumo_kijun_cross_session_tp_r [9714c47b3839] on US500 H4 via seed (4 trials)
  gen_ic_kumo_kijun_cross_session_tp_r [9714c47b3839] on USDJPY H4 via seed (4 trials)
  gen_ic_kumo_kijun_cross_session_tp_r [9714c47b3839] on XAUUSD H4 via seed (4 trials)
  gen_ic_kumo_kijun_cross_session_trail [7fc15a215983] on AUDJPY H4 via seed (4 trials)
  gen_ic_kumo_kijun_cross_session_trail [7fc15a215983] on AUDUSD H4 via seed (4 trials)
  gen_ic_kumo_kijun_cross_session_trail [7fc15a215983] on EURJPY H4 via seed (4 trials)
  gen_ic_kumo_kijun_cross_session_trail [7fc15a215983] on EURUSD H4 via seed (4 trials)
  gen_ic_kumo_kijun_cross_session_trail [7fc15a215983] on GBPJPY H4 via seed (4 trials)
  gen_ic_kumo_kijun_cross_session_trail [7fc15a215983] on GBPUSD H4 via seed (4 trials)
  gen_ic_kumo_kijun_cross_session_trail [7fc15a215983] on US500 H4 via seed (4 trials)
  gen_ic_kumo_kijun_cross_session_trail [7fc15a215983] on USDJPY H4 via seed (4 trials)
  gen_ic_kumo_kijun_cross_session_trail [7fc15a215983] on XAUUSD H4 via seed (4 trials)
  gen_ic_kumo_tk_cross_adx_gate_swing_tp_short [2bb60bfd080e] on AUDJPY H4 via seed (4 trials)
  gen_ic_kumo_tk_cross_adx_gate_swing_tp_short [2bb60bfd080e] on AUDJPY D1 via seed (4 trials)
  gen_ic_kumo_tk_cross_adx_gate_swing_tp_short [2bb60bfd080e] on AUDUSD H4 via seed (4 trials)
  gen_ic_kumo_tk_cross_adx_gate_swing_tp_short [2bb60bfd080e] on AUDUSD D1 via seed (4 trials)
  gen_ic_kumo_tk_cross_adx_gate_swing_tp_short [2bb60bfd080e] on EURJPY H4 via seed (4 trials)
  gen_ic_kumo_tk_cross_adx_gate_swing_tp_short [2bb60bfd080e] on EURJPY D1 via seed (4 trials)
  gen_ic_kumo_tk_cross_adx_gate_swing_tp_short [2bb60bfd080e] on EURUSD H4 via seed (4 trials)
  gen_ic_kumo_tk_cross_adx_gate_swing_tp_short [2bb60bfd080e] on EURUSD D1 via seed (4 trials)
  gen_ic_kumo_tk_cross_adx_gate_swing_tp_short [2bb60bfd080e] on GBPJPY H4 via seed (4 trials)
  gen_ic_kumo_tk_cross_adx_gate_swing_tp_short [2bb60bfd080e] on GBPJPY D1 via seed (4 trials)
  gen_ic_kumo_tk_cross_adx_gate_swing_tp_short [2bb60bfd080e] on GBPUSD H4 via seed (4 trials)
  gen_ic_kumo_tk_cross_adx_gate_swing_tp_short [2bb60bfd080e] on GBPUSD D1 via seed (4 trials)
  gen_ic_kumo_tk_cross_adx_gate_swing_tp_short [2bb60bfd080e] on US500 H4 via seed (4 trials)
  gen_ic_kumo_tk_cross_adx_gate_swing_tp_short [2bb60bfd080e] on US500 D1 via seed (4 trials)
  gen_ic_kumo_tk_cross_adx_gate_swing_tp_short [2bb60bfd080e] on USDJPY H4 via seed (4 trials)
  gen_ic_kumo_tk_cross_adx_gate_swing_tp_short [2bb60bfd080e] on USDJPY D1 via seed (4 trials)
  gen_ic_kumo_tk_cross_adx_gate_swing_tp_short [2bb60bfd080e] on XAUUSD H4 via seed (4 trials)
  gen_ic_kumo_tk_cross_adx_gate_swing_tp_short [2bb60bfd080e] on XAUUSD D1 via seed (4 trials)
  gen_ic_kumo_tk_cross_none_swing_tp_long [b9b3e2d9c8d0] on AUDJPY H4 via seed (4 trials)
  gen_ic_kumo_tk_cross_none_swing_tp_long [b9b3e2d9c8d0] on AUDJPY D1 via seed (4 trials)
  gen_ic_kumo_tk_cross_none_swing_tp_long [b9b3e2d9c8d0] on AUDUSD H4 via seed (4 trials)
  gen_ic_kumo_tk_cross_none_swing_tp_long [b9b3e2d9c8d0] on AUDUSD D1 via seed (4 trials)
  gen_ic_kumo_tk_cross_none_swing_tp_long [b9b3e2d9c8d0] on EURJPY H4 via seed (4 trials)
  gen_ic_kumo_tk_cross_none_swing_tp_long [b9b3e2d9c8d0] on EURJPY D1 via seed (4 trials)
  gen_ic_kumo_tk_cross_none_swing_tp_long [b9b3e2d9c8d0] on EURUSD H4 via seed (4 trials)
  gen_ic_kumo_tk_cross_none_swing_tp_long [b9b3e2d9c8d0] on EURUSD D1 via seed (4 trials)
  gen_ic_kumo_tk_cross_none_swing_tp_long [b9b3e2d9c8d0] on GBPJPY H4 via seed (4 trials)
  gen_ic_kumo_tk_cross_none_swing_tp_long [b9b3e2d9c8d0] on GBPJPY D1 via seed (4 trials)
  gen_ic_kumo_tk_cross_none_swing_tp_long [b9b3e2d9c8d0] on GBPUSD H4 via seed (4 trials)
  gen_ic_kumo_tk_cross_none_swing_tp_long [b9b3e2d9c8d0] on GBPUSD D1 via seed (4 trials)
  gen_ic_kumo_tk_cross_none_swing_tp_long [b9b3e2d9c8d0] on US500 H4 via seed (4 trials)
  gen_ic_kumo_tk_cross_none_swing_tp_long [b9b3e2d9c8d0] on US500 D1 via seed (4 trials)
  gen_ic_kumo_tk_cross_none_swing_tp_long [b9b3e2d9c8d0] on USDJPY H4 via seed (4 trials)
  gen_ic_kumo_tk_cross_none_swing_tp_long [b9b3e2d9c8d0] on USDJPY D1 via seed (4 trials)
  gen_ic_kumo_tk_cross_none_swing_tp_long [b9b3e2d9c8d0] on XAUUSD H4 via seed (4 trials)
  gen_ic_kumo_tk_cross_none_swing_tp_long [b9b3e2d9c8d0] on XAUUSD D1 via seed (4 trials)
  gen_ic_kumo_tk_cross_none_time_exit [8fa592484eb5] on AUDJPY H4 via seed (4 trials)
  gen_ic_kumo_tk_cross_none_time_exit [8fa592484eb5] on AUDJPY D1 via seed (4 trials)
  gen_ic_kumo_tk_cross_none_time_exit [8fa592484eb5] on AUDUSD H4 via seed (4 trials)
  gen_ic_kumo_tk_cross_none_time_exit [8fa592484eb5] on AUDUSD D1 via seed (4 trials)
  gen_ic_kumo_tk_cross_none_time_exit [8fa592484eb5] on EURJPY H4 via seed (4 trials)
  gen_ic_kumo_tk_cross_none_time_exit [8fa592484eb5] on EURJPY D1 via seed (4 trials)
  gen_ic_kumo_tk_cross_none_time_exit [8fa592484eb5] on EURUSD H4 via seed (4 trials)
  gen_ic_kumo_tk_cross_none_time_exit [8fa592484eb5] on EURUSD D1 via seed (4 trials)
  gen_ic_kumo_tk_cross_none_time_exit [8fa592484eb5] on GBPJPY H4 via seed (4 trials)
  gen_ic_kumo_tk_cross_none_time_exit [8fa592484eb5] on GBPJPY D1 via seed (4 trials)
  gen_ic_kumo_tk_cross_none_time_exit [8fa592484eb5] on GBPUSD H4 via seed (4 trials)
  gen_ic_kumo_tk_cross_none_time_exit [8fa592484eb5] on GBPUSD D1 via seed (4 trials)
  gen_ic_kumo_tk_cross_none_time_exit [8fa592484eb5] on US500 H4 via seed (4 trials)
  gen_ic_kumo_tk_cross_none_time_exit [8fa592484eb5] on US500 D1 via seed (4 trials)
  gen_ic_kumo_tk_cross_none_time_exit [8fa592484eb5] on USDJPY H4 via seed (4 trials)
  gen_ic_kumo_tk_cross_none_time_exit [8fa592484eb5] on USDJPY D1 via seed (4 trials)
  gen_ic_kumo_tk_cross_none_time_exit [8fa592484eb5] on XAUUSD H4 via seed (4 trials)
  gen_ic_kumo_tk_cross_none_time_exit [8fa592484eb5] on XAUUSD D1 via seed (4 trials)
  gen_ic_kumo_tk_cross_none_tp_r [89e23c3bd2e3] on AUDJPY H4 via seed (4 trials)
  gen_ic_kumo_tk_cross_none_tp_r [89e23c3bd2e3] on AUDJPY D1 via seed (4 trials)
  gen_ic_kumo_tk_cross_none_tp_r [89e23c3bd2e3] on AUDUSD H4 via seed (4 trials)
  gen_ic_kumo_tk_cross_none_tp_r [89e23c3bd2e3] on AUDUSD D1 via seed (4 trials)
  gen_ic_kumo_tk_cross_none_tp_r [89e23c3bd2e3] on EURJPY H4 via seed (4 trials)
  gen_ic_kumo_tk_cross_none_tp_r [89e23c3bd2e3] on EURJPY D1 via seed (4 trials)
  gen_ic_kumo_tk_cross_none_tp_r [89e23c3bd2e3] on EURUSD H4 via seed (4 trials)
  gen_ic_kumo_tk_cross_none_tp_r [89e23c3bd2e3] on EURUSD D1 via seed (4 trials)
  gen_ic_kumo_tk_cross_none_tp_r [89e23c3bd2e3] on GBPJPY H4 via seed (4 trials)
  gen_ic_kumo_tk_cross_none_tp_r [89e23c3bd2e3] on GBPJPY D1 via seed (4 trials)
  gen_ic_kumo_tk_cross_none_tp_r [89e23c3bd2e3] on GBPUSD H4 via seed (4 trials)
  gen_ic_kumo_tk_cross_none_tp_r [89e23c3bd2e3] on GBPUSD D1 via seed (4 trials)
  gen_ic_kumo_tk_cross_none_tp_r [89e23c3bd2e3] on US500 H4 via seed (4 trials)
  gen_ic_kumo_tk_cross_none_tp_r [89e23c3bd2e3] on US500 D1 via seed (4 trials)
  gen_ic_kumo_tk_cross_none_tp_r [89e23c3bd2e3] on USDJPY H4 via seed (4 trials)
  gen_ic_kumo_tk_cross_none_tp_r [89e23c3bd2e3] on USDJPY D1 via seed (4 trials)
  gen_ic_kumo_tk_cross_none_tp_r [89e23c3bd2e3] on XAUUSD H4 via seed (4 trials)
  gen_ic_kumo_tk_cross_none_tp_r [89e23c3bd2e3] on XAUUSD D1 via seed (4 trials)
  gen_ic_kumo_tk_cross_none_trail [a5542922c5d5] on AUDJPY H4 via seed (4 trials)
  gen_ic_kumo_tk_cross_none_trail [a5542922c5d5] on AUDJPY D1 via seed (4 trials)
  gen_ic_kumo_tk_cross_none_trail [a5542922c5d5] on AUDUSD H4 via seed (4 trials)
  gen_ic_kumo_tk_cross_none_trail [a5542922c5d5] on AUDUSD D1 via seed (4 trials)
  gen_ic_kumo_tk_cross_none_trail [a5542922c5d5] on EURJPY H4 via seed (4 trials)
  gen_ic_kumo_tk_cross_none_trail [a5542922c5d5] on EURJPY D1 via seed (4 trials)
  gen_ic_kumo_tk_cross_none_trail [a5542922c5d5] on EURUSD H4 via seed (4 trials)
  gen_ic_kumo_tk_cross_none_trail [a5542922c5d5] on EURUSD D1 via seed (4 trials)
  gen_ic_kumo_tk_cross_none_trail [a5542922c5d5] on GBPJPY H4 via seed (4 trials)
  gen_ic_kumo_tk_cross_none_trail [a5542922c5d5] on GBPJPY D1 via seed (4 trials)
  gen_ic_kumo_tk_cross_none_trail [a5542922c5d5] on GBPUSD H4 via seed (4 trials)
  gen_ic_kumo_tk_cross_none_trail [a5542922c5d5] on GBPUSD D1 via seed (4 trials)
  gen_ic_kumo_tk_cross_none_trail [a5542922c5d5] on US500 H4 via seed (4 trials)
  gen_ic_kumo_tk_cross_none_trail [a5542922c5d5] on US500 D1 via seed (4 trials)
  gen_ic_kumo_tk_cross_none_trail [a5542922c5d5] on USDJPY H4 via seed (4 trials)
  gen_ic_kumo_tk_cross_none_trail [a5542922c5d5] on USDJPY D1 via seed (4 trials)
  gen_ic_kumo_tk_cross_none_trail [a5542922c5d5] on XAUUSD H4 via seed (4 trials)
  gen_ic_kumo_tk_cross_none_trail [a5542922c5d5] on XAUUSD D1 via seed (4 trials)
  gen_ic_kumo_tk_cross_rvol_gate_swing_tp_long [c419c4502629] on AUDJPY H4 via seed (4 trials)
  gen_ic_kumo_tk_cross_rvol_gate_swing_tp_long [c419c4502629] on AUDJPY D1 via seed (4 trials)
  gen_ic_kumo_tk_cross_rvol_gate_swing_tp_long [c419c4502629] on AUDUSD H4 via seed (4 trials)
  gen_ic_kumo_tk_cross_rvol_gate_swing_tp_long [c419c4502629] on AUDUSD D1 via seed (4 trials)
  gen_ic_kumo_tk_cross_rvol_gate_swing_tp_long [c419c4502629] on EURJPY H4 via seed (4 trials)
  gen_ic_kumo_tk_cross_rvol_gate_swing_tp_long [c419c4502629] on EURJPY D1 via seed (4 trials)
  gen_ic_kumo_tk_cross_rvol_gate_swing_tp_long [c419c4502629] on EURUSD H4 via seed (4 trials)
  gen_ic_kumo_tk_cross_rvol_gate_swing_tp_long [c419c4502629] on EURUSD D1 via seed (4 trials)
  gen_ic_kumo_tk_cross_rvol_gate_swing_tp_long [c419c4502629] on GBPJPY H4 via seed (4 trials)
  gen_ic_kumo_tk_cross_rvol_gate_swing_tp_long [c419c4502629] on GBPJPY D1 via seed (4 trials)
  gen_ic_kumo_tk_cross_rvol_gate_swing_tp_long [c419c4502629] on GBPUSD H4 via seed (4 trials)
  gen_ic_kumo_tk_cross_rvol_gate_swing_tp_long [c419c4502629] on GBPUSD D1 via seed (4 trials)
  gen_ic_kumo_tk_cross_rvol_gate_swing_tp_long [c419c4502629] on US500 H4 via seed (4 trials)
  gen_ic_kumo_tk_cross_rvol_gate_swing_tp_long [c419c4502629] on US500 D1 via seed (4 trials)
  gen_ic_kumo_tk_cross_rvol_gate_swing_tp_long [c419c4502629] on USDJPY H4 via seed (4 trials)
  gen_ic_kumo_tk_cross_rvol_gate_swing_tp_long [c419c4502629] on USDJPY D1 via seed (4 trials)
  gen_ic_kumo_tk_cross_rvol_gate_swing_tp_long [c419c4502629] on XAUUSD H4 via seed (4 trials)
  gen_ic_kumo_tk_cross_rvol_gate_swing_tp_long [c419c4502629] on XAUUSD D1 via seed (4 trials)
  gen_ic_kumo_tk_cross_rvol_gate_trail [1125bef7c930] on AUDJPY H4 via seed (4 trials)
  gen_ic_kumo_tk_cross_rvol_gate_trail [1125bef7c930] on AUDJPY D1 via seed (4 trials)
  gen_ic_kumo_tk_cross_rvol_gate_trail [1125bef7c930] on AUDUSD H4 via seed (4 trials)
  gen_ic_kumo_tk_cross_rvol_gate_trail [1125bef7c930] on AUDUSD D1 via seed (4 trials)
  gen_ic_kumo_tk_cross_rvol_gate_trail [1125bef7c930] on EURJPY H4 via seed (4 trials)
  gen_ic_kumo_tk_cross_rvol_gate_trail [1125bef7c930] on EURJPY D1 via seed (4 trials)
  gen_ic_kumo_tk_cross_rvol_gate_trail [1125bef7c930] on EURUSD H4 via seed (4 trials)
  gen_ic_kumo_tk_cross_rvol_gate_trail [1125bef7c930] on EURUSD D1 via seed (4 trials)
  gen_ic_kumo_tk_cross_rvol_gate_trail [1125bef7c930] on GBPJPY H4 via seed (4 trials)
  gen_ic_kumo_tk_cross_rvol_gate_trail [1125bef7c930] on GBPJPY D1 via seed (4 trials)
  gen_ic_kumo_tk_cross_rvol_gate_trail [1125bef7c930] on GBPUSD H4 via seed (4 trials)
  gen_ic_kumo_tk_cross_rvol_gate_trail [1125bef7c930] on GBPUSD D1 via seed (4 trials)
  gen_ic_kumo_tk_cross_rvol_gate_trail [1125bef7c930] on US500 H4 via seed (4 trials)
  gen_ic_kumo_tk_cross_rvol_gate_trail [1125bef7c930] on US500 D1 via seed (4 trials)
  gen_ic_kumo_tk_cross_rvol_gate_trail [1125bef7c930] on USDJPY H4 via seed (4 trials)
  gen_ic_kumo_tk_cross_rvol_gate_trail [1125bef7c930] on USDJPY D1 via seed (4 trials)
  gen_ic_kumo_tk_cross_rvol_gate_trail [1125bef7c930] on XAUUSD H4 via seed (4 trials)
  gen_ic_kumo_tk_cross_rvol_gate_trail [1125bef7c930] on XAUUSD D1 via seed (4 trials)
  gen_ic_kumo_tk_cross_session_swing_tp_long [fcee4a967381] on AUDJPY H4 via seed (4 trials)
  gen_ic_kumo_tk_cross_session_swing_tp_long [fcee4a967381] on AUDUSD H4 via seed (4 trials)
  gen_ic_kumo_tk_cross_session_swing_tp_long [fcee4a967381] on EURJPY H4 via seed (4 trials)
  gen_ic_kumo_tk_cross_session_swing_tp_long [fcee4a967381] on EURUSD H4 via seed (4 trials)
  gen_ic_kumo_tk_cross_session_swing_tp_long [fcee4a967381] on GBPJPY H4 via seed (4 trials)
  gen_ic_kumo_tk_cross_session_swing_tp_long [fcee4a967381] on GBPUSD H4 via seed (4 trials)
  gen_ic_kumo_tk_cross_session_swing_tp_long [fcee4a967381] on US500 H4 via seed (4 trials)
  gen_ic_kumo_tk_cross_session_swing_tp_long [fcee4a967381] on USDJPY H4 via seed (4 trials)
  gen_ic_kumo_tk_cross_session_swing_tp_long [fcee4a967381] on XAUUSD H4 via seed (4 trials)
  gen_ic_kumo_tk_cross_session_tp_r [f488b2a802ee] on AUDJPY H4 via seed (4 trials)
  gen_ic_kumo_tk_cross_session_tp_r [f488b2a802ee] on AUDUSD H4 via seed (4 trials)
  gen_ic_kumo_tk_cross_session_tp_r [f488b2a802ee] on EURJPY H4 via seed (4 trials)
  gen_ic_kumo_tk_cross_session_tp_r [f488b2a802ee] on EURUSD H4 via seed (4 trials)
  gen_ic_kumo_tk_cross_session_tp_r [f488b2a802ee] on GBPJPY H4 via seed (4 trials)
  gen_ic_kumo_tk_cross_session_tp_r [f488b2a802ee] on GBPUSD H4 via seed (4 trials)
  gen_ic_kumo_tk_cross_session_tp_r [f488b2a802ee] on US500 H4 via seed (4 trials)
  gen_ic_kumo_tk_cross_session_tp_r [f488b2a802ee] on USDJPY H4 via seed (4 trials)
  gen_ic_kumo_tk_cross_session_tp_r [f488b2a802ee] on XAUUSD H4 via seed (4 trials)
  gen_mo_macd_cci_adx_gate_swing_tp_long [d5b2208e9dfc] on AUDJPY H4 via seed (4 trials)
  gen_mo_macd_cci_adx_gate_swing_tp_long [d5b2208e9dfc] on AUDJPY D1 via seed (4 trials)
  gen_mo_macd_cci_adx_gate_swing_tp_long [d5b2208e9dfc] on AUDUSD H4 via seed (4 trials)
  gen_mo_macd_cci_adx_gate_swing_tp_long [d5b2208e9dfc] on AUDUSD D1 via seed (4 trials)
  gen_mo_macd_cci_adx_gate_swing_tp_long [d5b2208e9dfc] on EURGBP H4 via seed (4 trials)
  gen_mo_macd_cci_adx_gate_swing_tp_long [d5b2208e9dfc] on EURGBP D1 via seed (4 trials)
  gen_mo_macd_cci_adx_gate_swing_tp_long [d5b2208e9dfc] on EURJPY H4 via seed (4 trials)
  gen_mo_macd_cci_adx_gate_swing_tp_long [d5b2208e9dfc] on EURJPY D1 via seed (4 trials)
  gen_mo_macd_cci_adx_gate_swing_tp_long [d5b2208e9dfc] on EURUSD H4 via seed (4 trials)
  gen_mo_macd_cci_adx_gate_swing_tp_long [d5b2208e9dfc] on EURUSD D1 via seed (4 trials)
  gen_mo_macd_cci_adx_gate_swing_tp_long [d5b2208e9dfc] on GBPJPY H4 via seed (4 trials)
  gen_mo_macd_cci_adx_gate_swing_tp_long [d5b2208e9dfc] on GBPJPY D1 via seed (4 trials)
  gen_mo_macd_cci_adx_gate_swing_tp_long [d5b2208e9dfc] on GBPUSD H4 via seed (4 trials)
  gen_mo_macd_cci_adx_gate_swing_tp_long [d5b2208e9dfc] on GBPUSD D1 via seed (4 trials)
  gen_mo_macd_cci_adx_gate_swing_tp_long [d5b2208e9dfc] on NZDUSD H4 via seed (4 trials)
  gen_mo_macd_cci_adx_gate_swing_tp_long [d5b2208e9dfc] on NZDUSD D1 via seed (4 trials)
  gen_mo_macd_cci_adx_gate_swing_tp_long [d5b2208e9dfc] on USDCAD H4 via seed (4 trials)
  gen_mo_macd_cci_adx_gate_swing_tp_long [d5b2208e9dfc] on USDCAD D1 via seed (4 trials)
  gen_mo_macd_cci_adx_gate_swing_tp_long [d5b2208e9dfc] on USDCHF H4 via seed (4 trials)
  gen_mo_macd_cci_adx_gate_swing_tp_long [d5b2208e9dfc] on USDCHF D1 via seed (4 trials)
  gen_mo_macd_cci_adx_gate_swing_tp_long [d5b2208e9dfc] on USDJPY H4 via seed (4 trials)
  gen_mo_macd_cci_adx_gate_swing_tp_long [d5b2208e9dfc] on USDJPY D1 via seed (4 trials)
  gen_mo_macd_cci_adx_gate_swing_tp_long [d5b2208e9dfc] on XAUUSD H4 via seed (4 trials)
  gen_mo_macd_cci_adx_gate_swing_tp_long [d5b2208e9dfc] on XAUUSD D1 via seed (4 trials)
  gen_mo_macd_cci_adx_gate_time_exit [cc23bda1a365] on AUDJPY H4 via seed (4 trials)
  gen_mo_macd_cci_adx_gate_time_exit [cc23bda1a365] on AUDJPY D1 via seed (4 trials)
  gen_mo_macd_cci_adx_gate_time_exit [cc23bda1a365] on AUDUSD H4 via seed (4 trials)
  gen_mo_macd_cci_adx_gate_time_exit [cc23bda1a365] on AUDUSD D1 via seed (4 trials)
  gen_mo_macd_cci_adx_gate_time_exit [cc23bda1a365] on EURGBP H4 via seed (4 trials)
  gen_mo_macd_cci_adx_gate_time_exit [cc23bda1a365] on EURGBP D1 via seed (4 trials)
  gen_mo_macd_cci_adx_gate_time_exit [cc23bda1a365] on EURJPY H4 via seed (4 trials)
  gen_mo_macd_cci_adx_gate_time_exit [cc23bda1a365] on EURJPY D1 via seed (4 trials)
  gen_mo_macd_cci_adx_gate_time_exit [cc23bda1a365] on EURUSD H4 via seed (4 trials)
  gen_mo_macd_cci_adx_gate_time_exit [cc23bda1a365] on EURUSD D1 via seed (4 trials)
  gen_mo_macd_cci_adx_gate_time_exit [cc23bda1a365] on GBPJPY H4 via seed (4 trials)
  gen_mo_macd_cci_adx_gate_time_exit [cc23bda1a365] on GBPJPY D1 via seed (4 trials)
  gen_mo_macd_cci_adx_gate_time_exit [cc23bda1a365] on GBPUSD H4 via seed (4 trials)
  gen_mo_macd_cci_adx_gate_time_exit [cc23bda1a365] on GBPUSD D1 via seed (4 trials)
  gen_mo_macd_cci_adx_gate_time_exit [cc23bda1a365] on NZDUSD H4 via seed (4 trials)
  gen_mo_macd_cci_adx_gate_time_exit [cc23bda1a365] on NZDUSD D1 via seed (4 trials)
  gen_mo_macd_cci_adx_gate_time_exit [cc23bda1a365] on USDCAD H4 via seed (4 trials)
  gen_mo_macd_cci_adx_gate_time_exit [cc23bda1a365] on USDCAD D1 via seed (4 trials)
  gen_mo_macd_cci_adx_gate_time_exit [cc23bda1a365] on USDCHF H4 via seed (4 trials)
  gen_mo_macd_cci_adx_gate_time_exit [cc23bda1a365] on USDCHF D1 via seed (4 trials)
  gen_mo_macd_cci_adx_gate_time_exit [cc23bda1a365] on USDJPY H4 via seed (4 trials)
  gen_mo_macd_cci_adx_gate_time_exit [cc23bda1a365] on USDJPY D1 via seed (4 trials)
  gen_mo_macd_cci_adx_gate_time_exit [cc23bda1a365] on XAUUSD H4 via seed (4 trials)
  gen_mo_macd_cci_adx_gate_time_exit [cc23bda1a365] on XAUUSD D1 via seed (4 trials)
  gen_mo_macd_cci_adx_gate_trail [f6797e118ed3] on AUDJPY H4 via seed (4 trials)
  gen_mo_macd_cci_adx_gate_trail [f6797e118ed3] on AUDJPY D1 via seed (4 trials)
  gen_mo_macd_cci_adx_gate_trail [f6797e118ed3] on AUDUSD H4 via seed (4 trials)
  gen_mo_macd_cci_adx_gate_trail [f6797e118ed3] on AUDUSD D1 via seed (4 trials)
  gen_mo_macd_cci_adx_gate_trail [f6797e118ed3] on EURGBP H4 via seed (4 trials)
  gen_mo_macd_cci_adx_gate_trail [f6797e118ed3] on EURGBP D1 via seed (4 trials)
  gen_mo_macd_cci_adx_gate_trail [f6797e118ed3] on EURJPY H4 via seed (4 trials)
  gen_mo_macd_cci_adx_gate_trail [f6797e118ed3] on EURJPY D1 via seed (4 trials)
  gen_mo_macd_cci_adx_gate_trail [f6797e118ed3] on EURUSD H4 via seed (4 trials)
  gen_mo_macd_cci_adx_gate_trail [f6797e118ed3] on EURUSD D1 via seed (4 trials)
  gen_mo_macd_cci_adx_gate_trail [f6797e118ed3] on GBPJPY H4 via seed (4 trials)
  gen_mo_macd_cci_adx_gate_trail [f6797e118ed3] on GBPJPY D1 via seed (4 trials)
  gen_mo_macd_cci_adx_gate_trail [f6797e118ed3] on GBPUSD H4 via seed (4 trials)
  gen_mo_macd_cci_adx_gate_trail [f6797e118ed3] on GBPUSD D1 via seed (4 trials)
  gen_mo_macd_cci_adx_gate_trail [f6797e118ed3] on NZDUSD H4 via seed (4 trials)
  gen_mo_macd_cci_adx_gate_trail [f6797e118ed3] on NZDUSD D1 via seed (4 trials)
  gen_mo_macd_cci_adx_gate_trail [f6797e118ed3] on USDCAD H4 via seed (4 trials)
  gen_mo_macd_cci_adx_gate_trail [f6797e118ed3] on USDCAD D1 via seed (4 trials)
  gen_mo_macd_cci_adx_gate_trail [f6797e118ed3] on USDCHF H4 via seed (4 trials)
  gen_mo_macd_cci_adx_gate_trail [f6797e118ed3] on USDCHF D1 via seed (4 trials)
  gen_mo_macd_cci_adx_gate_trail [f6797e118ed3] on USDJPY H4 via seed (4 trials)
  gen_mo_macd_cci_adx_gate_trail [f6797e118ed3] on USDJPY D1 via seed (4 trials)
  gen_mo_macd_cci_adx_gate_trail [f6797e118ed3] on XAUUSD H4 via seed (4 trials)
  gen_mo_macd_cci_adx_gate_trail [f6797e118ed3] on XAUUSD D1 via seed (4 trials)
  gen_mo_macd_cci_none_time_exit [94524212fdcc] on AUDJPY H4 via seed (4 trials)
  gen_mo_macd_cci_none_time_exit [94524212fdcc] on AUDJPY D1 via seed (4 trials)
  gen_mo_macd_cci_none_time_exit [94524212fdcc] on AUDUSD H4 via seed (4 trials)
  gen_mo_macd_cci_none_time_exit [94524212fdcc] on AUDUSD D1 via seed (4 trials)
  gen_mo_macd_cci_none_time_exit [94524212fdcc] on EURGBP H4 via seed (4 trials)
  gen_mo_macd_cci_none_time_exit [94524212fdcc] on EURGBP D1 via seed (4 trials)
  gen_mo_macd_cci_none_time_exit [94524212fdcc] on EURJPY H4 via seed (4 trials)
  gen_mo_macd_cci_none_time_exit [94524212fdcc] on EURJPY D1 via seed (4 trials)
  gen_mo_macd_cci_none_time_exit [94524212fdcc] on EURUSD H4 via seed (4 trials)
  gen_mo_macd_cci_none_time_exit [94524212fdcc] on EURUSD D1 via seed (4 trials)
  gen_mo_macd_cci_none_time_exit [94524212fdcc] on GBPJPY H4 via seed (4 trials)
  gen_mo_macd_cci_none_time_exit [94524212fdcc] on GBPJPY D1 via seed (4 trials)
  gen_mo_macd_cci_none_time_exit [94524212fdcc] on GBPUSD H4 via seed (4 trials)
  gen_mo_macd_cci_none_time_exit [94524212fdcc] on GBPUSD D1 via seed (4 trials)
  gen_mo_macd_cci_none_time_exit [94524212fdcc] on NZDUSD H4 via seed (4 trials)
  gen_mo_macd_cci_none_time_exit [94524212fdcc] on NZDUSD D1 via seed (4 trials)
  gen_mo_macd_cci_none_time_exit [94524212fdcc] on USDCAD H4 via seed (4 trials)
  gen_mo_macd_cci_none_time_exit [94524212fdcc] on USDCAD D1 via seed (4 trials)
  gen_mo_macd_cci_none_time_exit [94524212fdcc] on USDCHF H4 via seed (4 trials)
  gen_mo_macd_cci_none_time_exit [94524212fdcc] on USDCHF D1 via seed (4 trials)
  gen_mo_macd_cci_none_time_exit [94524212fdcc] on USDJPY H4 via seed (4 trials)
  gen_mo_macd_cci_none_time_exit [94524212fdcc] on USDJPY D1 via seed (4 trials)
  gen_mo_macd_cci_none_time_exit [94524212fdcc] on XAUUSD H4 via seed (4 trials)
  gen_mo_macd_cci_none_time_exit [94524212fdcc] on XAUUSD D1 via seed (4 trials)
  gen_mo_macd_cci_session_swing_tp_long [b56d0b4b9166] on AUDJPY H4 via seed (4 trials)
  gen_mo_macd_cci_session_swing_tp_long [b56d0b4b9166] on AUDUSD H4 via seed (4 trials)
  gen_mo_macd_cci_session_swing_tp_long [b56d0b4b9166] on EURGBP H4 via seed (4 trials)
  gen_mo_macd_cci_session_swing_tp_long [b56d0b4b9166] on EURJPY H4 via seed (4 trials)
  gen_mo_macd_cci_session_swing_tp_long [b56d0b4b9166] on EURUSD H4 via seed (4 trials)
  gen_mo_macd_cci_session_swing_tp_long [b56d0b4b9166] on GBPJPY H4 via seed (4 trials)
  gen_mo_macd_cci_session_swing_tp_long [b56d0b4b9166] on GBPUSD H4 via seed (4 trials)
  gen_mo_macd_cci_session_swing_tp_long [b56d0b4b9166] on NZDUSD H4 via seed (4 trials)
  gen_mo_macd_cci_session_swing_tp_long [b56d0b4b9166] on USDCAD H4 via seed (4 trials)
  gen_mo_macd_cci_session_swing_tp_long [b56d0b4b9166] on USDCHF H4 via seed (4 trials)
  gen_mo_macd_cci_session_swing_tp_long [b56d0b4b9166] on USDJPY H4 via seed (4 trials)
  gen_mo_macd_cci_session_swing_tp_long [b56d0b4b9166] on XAUUSD H4 via seed (4 trials)
  gen_mo_macd_cci_session_time_exit [b10625d1edb8] on AUDJPY H4 via seed (4 trials)
  gen_mo_macd_cci_session_time_exit [b10625d1edb8] on AUDUSD H4 via seed (4 trials)
  gen_mo_macd_cci_session_time_exit [b10625d1edb8] on EURGBP H4 via seed (4 trials)
  gen_mo_macd_cci_session_time_exit [b10625d1edb8] on EURJPY H4 via seed (4 trials)
  gen_mo_macd_cci_session_time_exit [b10625d1edb8] on EURUSD H4 via seed (4 trials)
  gen_mo_macd_cci_session_time_exit [b10625d1edb8] on GBPJPY H4 via seed (4 trials)
  gen_mo_macd_cci_session_time_exit [b10625d1edb8] on GBPUSD H4 via seed (4 trials)
  gen_mo_macd_cci_session_time_exit [b10625d1edb8] on NZDUSD H4 via seed (4 trials)
  gen_mo_macd_cci_session_time_exit [b10625d1edb8] on USDCAD H4 via seed (4 trials)
  gen_mo_macd_cci_session_time_exit [b10625d1edb8] on USDCHF H4 via seed (4 trials)
  gen_mo_macd_cci_session_time_exit [b10625d1edb8] on USDJPY H4 via seed (4 trials)
  gen_mo_macd_cci_session_time_exit [b10625d1edb8] on XAUUSD H4 via seed (4 trials)
  gen_mo_macd_stoch_none_swing_tp_long [baac471e2da7] on AUDJPY H4 via seed (4 trials)
  gen_mo_macd_stoch_none_swing_tp_long [baac471e2da7] on AUDJPY D1 via seed (4 trials)
  gen_mo_macd_stoch_none_swing_tp_long [baac471e2da7] on AUDUSD H4 via seed (4 trials)
  gen_mo_macd_stoch_none_swing_tp_long [baac471e2da7] on AUDUSD D1 via seed (4 trials)
  gen_mo_macd_stoch_none_swing_tp_long [baac471e2da7] on EURGBP H4 via seed (4 trials)
  gen_mo_macd_stoch_none_swing_tp_long [baac471e2da7] on EURGBP D1 via seed (4 trials)
  gen_mo_macd_stoch_none_swing_tp_long [baac471e2da7] on EURJPY H4 via seed (4 trials)
  gen_mo_macd_stoch_none_swing_tp_long [baac471e2da7] on EURJPY D1 via seed (4 trials)
  gen_mo_macd_stoch_none_swing_tp_long [baac471e2da7] on EURUSD H4 via seed (4 trials)
  gen_mo_macd_stoch_none_swing_tp_long [baac471e2da7] on EURUSD D1 via seed (4 trials)
  gen_mo_macd_stoch_none_swing_tp_long [baac471e2da7] on GBPJPY H4 via seed (4 trials)
  gen_mo_macd_stoch_none_swing_tp_long [baac471e2da7] on GBPJPY D1 via seed (4 trials)
  gen_mo_macd_stoch_none_swing_tp_long [baac471e2da7] on GBPUSD H4 via seed (4 trials)
  gen_mo_macd_stoch_none_swing_tp_long [baac471e2da7] on GBPUSD D1 via seed (4 trials)
  gen_mo_macd_stoch_none_swing_tp_long [baac471e2da7] on NZDUSD H4 via seed (4 trials)
  gen_mo_macd_stoch_none_swing_tp_long [baac471e2da7] on NZDUSD D1 via seed (4 trials)
  gen_mo_macd_stoch_none_swing_tp_long [baac471e2da7] on USDCAD H4 via seed (4 trials)
  gen_mo_macd_stoch_none_swing_tp_long [baac471e2da7] on USDCAD D1 via seed (4 trials)
  gen_mo_macd_stoch_none_swing_tp_long [baac471e2da7] on USDCHF H4 via seed (4 trials)
  gen_mo_macd_stoch_none_swing_tp_long [baac471e2da7] on USDCHF D1 via seed (4 trials)
  gen_mo_macd_stoch_none_swing_tp_long [baac471e2da7] on USDJPY H4 via seed (4 trials)
  gen_mo_macd_stoch_none_swing_tp_long [baac471e2da7] on USDJPY D1 via seed (4 trials)
  gen_mo_macd_stoch_none_swing_tp_long [baac471e2da7] on XAUUSD H4 via seed (4 trials)
  gen_mo_macd_stoch_none_swing_tp_long [baac471e2da7] on XAUUSD D1 via seed (4 trials)
  gen_mo_macd_stoch_none_time_exit [6f22f866e295] on AUDJPY H4 via seed (4 trials)
  gen_mo_macd_stoch_none_time_exit [6f22f866e295] on AUDJPY D1 via seed (4 trials)
  gen_mo_macd_stoch_none_time_exit [6f22f866e295] on AUDUSD H4 via seed (4 trials)
  gen_mo_macd_stoch_none_time_exit [6f22f866e295] on AUDUSD D1 via seed (4 trials)
  gen_mo_macd_stoch_none_time_exit [6f22f866e295] on EURGBP H4 via seed (4 trials)
  gen_mo_macd_stoch_none_time_exit [6f22f866e295] on EURGBP D1 via seed (4 trials)
  gen_mo_macd_stoch_none_time_exit [6f22f866e295] on EURJPY H4 via seed (4 trials)
  gen_mo_macd_stoch_none_time_exit [6f22f866e295] on EURJPY D1 via seed (4 trials)
  gen_mo_macd_stoch_none_time_exit [6f22f866e295] on EURUSD H4 via seed (4 trials)
  gen_mo_macd_stoch_none_time_exit [6f22f866e295] on EURUSD D1 via seed (4 trials)
  gen_mo_macd_stoch_none_time_exit [6f22f866e295] on GBPJPY H4 via seed (4 trials)
  gen_mo_macd_stoch_none_time_exit [6f22f866e295] on GBPJPY D1 via seed (4 trials)
  gen_mo_macd_stoch_none_time_exit [6f22f866e295] on GBPUSD H4 via seed (4 trials)
  gen_mo_macd_stoch_none_time_exit [6f22f866e295] on GBPUSD D1 via seed (4 trials)
  gen_mo_macd_stoch_none_time_exit [6f22f866e295] on NZDUSD H4 via seed (4 trials)
  gen_mo_macd_stoch_none_time_exit [6f22f866e295] on NZDUSD D1 via seed (4 trials)
  gen_mo_macd_stoch_none_time_exit [6f22f866e295] on USDCAD H4 via seed (4 trials)
  gen_mo_macd_stoch_none_time_exit [6f22f866e295] on USDCAD D1 via seed (4 trials)
  gen_mo_macd_stoch_none_time_exit [6f22f866e295] on USDCHF H4 via seed (4 trials)
  gen_mo_macd_stoch_none_time_exit [6f22f866e295] on USDCHF D1 via seed (4 trials)
  gen_mo_macd_stoch_none_time_exit [6f22f866e295] on USDJPY H4 via seed (4 trials)
  gen_mo_macd_stoch_none_time_exit [6f22f866e295] on USDJPY D1 via seed (4 trials)
  gen_mo_macd_stoch_none_time_exit [6f22f866e295] on XAUUSD H4 via seed (4 trials)
  gen_mo_macd_stoch_none_time_exit [6f22f866e295] on XAUUSD D1 via seed (4 trials)
  gen_mo_macd_stoch_none_tp_r [b497220860ae] on AUDJPY H4 via seed (4 trials)
  gen_mo_macd_stoch_none_tp_r [b497220860ae] on AUDJPY D1 via seed (4 trials)
  gen_mo_macd_stoch_none_tp_r [b497220860ae] on AUDUSD H4 via seed (4 trials)
  gen_mo_macd_stoch_none_tp_r [b497220860ae] on AUDUSD D1 via seed (4 trials)
  gen_mo_macd_stoch_none_tp_r [b497220860ae] on EURGBP H4 via seed (4 trials)
  gen_mo_macd_stoch_none_tp_r [b497220860ae] on EURGBP D1 via seed (4 trials)
  gen_mo_macd_stoch_none_tp_r [b497220860ae] on EURJPY H4 via seed (4 trials)
  gen_mo_macd_stoch_none_tp_r [b497220860ae] on EURJPY D1 via seed (4 trials)
  gen_mo_macd_stoch_none_tp_r [b497220860ae] on EURUSD H4 via seed (4 trials)
  gen_mo_macd_stoch_none_tp_r [b497220860ae] on EURUSD D1 via seed (4 trials)
  gen_mo_macd_stoch_none_tp_r [b497220860ae] on GBPJPY H4 via seed (4 trials)
  gen_mo_macd_stoch_none_tp_r [b497220860ae] on GBPJPY D1 via seed (4 trials)
  gen_mo_macd_stoch_none_tp_r [b497220860ae] on GBPUSD H4 via seed (4 trials)
  gen_mo_macd_stoch_none_tp_r [b497220860ae] on GBPUSD D1 via seed (4 trials)
  gen_mo_macd_stoch_none_tp_r [b497220860ae] on NZDUSD H4 via seed (4 trials)
  gen_mo_macd_stoch_none_tp_r [b497220860ae] on NZDUSD D1 via seed (4 trials)
  gen_mo_macd_stoch_none_tp_r [b497220860ae] on USDCAD H4 via seed (4 trials)
  gen_mo_macd_stoch_none_tp_r [b497220860ae] on USDCAD D1 via seed (4 trials)
  gen_mo_macd_stoch_none_tp_r [b497220860ae] on USDCHF H4 via seed (4 trials)
  gen_mo_macd_stoch_none_tp_r [b497220860ae] on USDCHF D1 via seed (4 trials)
  gen_mo_macd_stoch_none_tp_r [b497220860ae] on USDJPY H4 via seed (4 trials)
  gen_mo_macd_stoch_none_tp_r [b497220860ae] on USDJPY D1 via seed (4 trials)
  gen_mo_macd_stoch_none_tp_r [b497220860ae] on XAUUSD H4 via seed (4 trials)
  gen_mo_macd_stoch_none_tp_r [b497220860ae] on XAUUSD D1 via seed (4 trials)
  gen_mo_macd_stoch_none_trail [0c305961175a] on AUDJPY H4 via seed (4 trials)
  gen_mo_macd_stoch_none_trail [0c305961175a] on AUDJPY D1 via seed (4 trials)
  gen_mo_macd_stoch_none_trail [0c305961175a] on AUDUSD H4 via seed (4 trials)
  gen_mo_macd_stoch_none_trail [0c305961175a] on AUDUSD D1 via seed (4 trials)
  gen_mo_macd_stoch_none_trail [0c305961175a] on EURGBP H4 via seed (4 trials)
  gen_mo_macd_stoch_none_trail [0c305961175a] on EURGBP D1 via seed (4 trials)
  gen_mo_macd_stoch_none_trail [0c305961175a] on EURJPY H4 via seed (4 trials)
  gen_mo_macd_stoch_none_trail [0c305961175a] on EURJPY D1 via seed (4 trials)
  gen_mo_macd_stoch_none_trail [0c305961175a] on EURUSD H4 via seed (4 trials)
  gen_mo_macd_stoch_none_trail [0c305961175a] on EURUSD D1 via seed (4 trials)
  gen_mo_macd_stoch_none_trail [0c305961175a] on GBPJPY H4 via seed (4 trials)
  gen_mo_macd_stoch_none_trail [0c305961175a] on GBPJPY D1 via seed (4 trials)
  gen_mo_macd_stoch_none_trail [0c305961175a] on GBPUSD H4 via seed (4 trials)
  gen_mo_macd_stoch_none_trail [0c305961175a] on GBPUSD D1 via seed (4 trials)
  gen_mo_macd_stoch_none_trail [0c305961175a] on NZDUSD H4 via seed (4 trials)
  gen_mo_macd_stoch_none_trail [0c305961175a] on NZDUSD D1 via seed (4 trials)
  gen_mo_macd_stoch_none_trail [0c305961175a] on USDCAD H4 via seed (4 trials)
  gen_mo_macd_stoch_none_trail [0c305961175a] on USDCAD D1 via seed (4 trials)
  gen_mo_macd_stoch_none_trail [0c305961175a] on USDCHF H4 via seed (4 trials)
  gen_mo_macd_stoch_none_trail [0c305961175a] on USDCHF D1 via seed (4 trials)
  gen_mo_macd_stoch_none_trail [0c305961175a] on USDJPY H4 via seed (4 trials)
  gen_mo_macd_stoch_none_trail [0c305961175a] on USDJPY D1 via seed (4 trials)
  gen_mo_macd_stoch_none_trail [0c305961175a] on XAUUSD H4 via seed (4 trials)
  gen_mo_macd_stoch_none_trail [0c305961175a] on XAUUSD D1 via seed (4 trials)
  gen_mo_macd_stoch_rvol_gate_time_exit [606195b207bb] on AUDJPY H4 via seed (4 trials)
  gen_mo_macd_stoch_rvol_gate_time_exit [606195b207bb] on AUDJPY D1 via seed (4 trials)
  gen_mo_macd_stoch_rvol_gate_time_exit [606195b207bb] on AUDUSD H4 via seed (4 trials)
  gen_mo_macd_stoch_rvol_gate_time_exit [606195b207bb] on AUDUSD D1 via seed (4 trials)
  gen_mo_macd_stoch_rvol_gate_time_exit [606195b207bb] on EURGBP H4 via seed (4 trials)
  gen_mo_macd_stoch_rvol_gate_time_exit [606195b207bb] on EURGBP D1 via seed (4 trials)
  gen_mo_macd_stoch_rvol_gate_time_exit [606195b207bb] on EURJPY H4 via seed (4 trials)
  gen_mo_macd_stoch_rvol_gate_time_exit [606195b207bb] on EURJPY D1 via seed (4 trials)
  gen_mo_macd_stoch_rvol_gate_time_exit [606195b207bb] on EURUSD H4 via seed (4 trials)
  gen_mo_macd_stoch_rvol_gate_time_exit [606195b207bb] on EURUSD D1 via seed (4 trials)
  gen_mo_macd_stoch_rvol_gate_time_exit [606195b207bb] on GBPJPY H4 via seed (4 trials)
  gen_mo_macd_stoch_rvol_gate_time_exit [606195b207bb] on GBPJPY D1 via seed (4 trials)
  gen_mo_macd_stoch_rvol_gate_time_exit [606195b207bb] on GBPUSD H4 via seed (4 trials)
  gen_mo_macd_stoch_rvol_gate_time_exit [606195b207bb] on GBPUSD D1 via seed (4 trials)
  gen_mo_macd_stoch_rvol_gate_time_exit [606195b207bb] on NZDUSD H4 via seed (4 trials)
  gen_mo_macd_stoch_rvol_gate_time_exit [606195b207bb] on NZDUSD D1 via seed (4 trials)
  gen_mo_macd_stoch_rvol_gate_time_exit [606195b207bb] on USDCAD H4 via seed (4 trials)
  gen_mo_macd_stoch_rvol_gate_time_exit [606195b207bb] on USDCAD D1 via seed (4 trials)
  gen_mo_macd_stoch_rvol_gate_time_exit [606195b207bb] on USDCHF H4 via seed (4 trials)
  gen_mo_macd_stoch_rvol_gate_time_exit [606195b207bb] on USDCHF D1 via seed (4 trials)
  gen_mo_macd_stoch_rvol_gate_time_exit [606195b207bb] on USDJPY H4 via seed (4 trials)
  gen_mo_macd_stoch_rvol_gate_time_exit [606195b207bb] on USDJPY D1 via seed (4 trials)
  gen_mo_macd_stoch_rvol_gate_time_exit [606195b207bb] on XAUUSD H4 via seed (4 trials)
  gen_mo_macd_stoch_rvol_gate_time_exit [606195b207bb] on XAUUSD D1 via seed (4 trials)
  gen_mo_rsi_stoch_adx_gate_swing_tp_long [0584dbcb99ab] on AUDJPY H4 via seed (8 trials)
  gen_mo_rsi_stoch_adx_gate_swing_tp_long [0584dbcb99ab] on AUDJPY D1 via seed (8 trials)
  gen_mo_rsi_stoch_adx_gate_swing_tp_long [0584dbcb99ab] on AUDUSD H4 via seed (8 trials)
  gen_mo_rsi_stoch_adx_gate_swing_tp_long [0584dbcb99ab] on AUDUSD D1 via seed (8 trials)
  gen_mo_rsi_stoch_adx_gate_swing_tp_long [0584dbcb99ab] on EURGBP H4 via seed (8 trials)
  gen_mo_rsi_stoch_adx_gate_swing_tp_long [0584dbcb99ab] on EURGBP D1 via seed (8 trials)
  gen_mo_rsi_stoch_adx_gate_swing_tp_long [0584dbcb99ab] on EURJPY H4 via seed (8 trials)
  gen_mo_rsi_stoch_adx_gate_swing_tp_long [0584dbcb99ab] on EURJPY D1 via seed (8 trials)
  gen_mo_rsi_stoch_adx_gate_swing_tp_long [0584dbcb99ab] on EURUSD H4 via seed (8 trials)
  gen_mo_rsi_stoch_adx_gate_swing_tp_long [0584dbcb99ab] on EURUSD D1 via seed (8 trials)
  gen_mo_rsi_stoch_adx_gate_swing_tp_long [0584dbcb99ab] on GBPJPY H4 via seed (8 trials)
  gen_mo_rsi_stoch_adx_gate_swing_tp_long [0584dbcb99ab] on GBPJPY D1 via seed (8 trials)
  gen_mo_rsi_stoch_adx_gate_swing_tp_long [0584dbcb99ab] on GBPUSD H4 via seed (8 trials)
  gen_mo_rsi_stoch_adx_gate_swing_tp_long [0584dbcb99ab] on GBPUSD D1 via seed (8 trials)
  gen_mo_rsi_stoch_adx_gate_swing_tp_long [0584dbcb99ab] on NZDUSD H4 via seed (8 trials)
  gen_mo_rsi_stoch_adx_gate_swing_tp_long [0584dbcb99ab] on NZDUSD D1 via seed (8 trials)
  gen_mo_rsi_stoch_adx_gate_swing_tp_long [0584dbcb99ab] on USDCAD H4 via seed (8 trials)
  gen_mo_rsi_stoch_adx_gate_swing_tp_long [0584dbcb99ab] on USDCAD D1 via seed (8 trials)
  gen_mo_rsi_stoch_adx_gate_swing_tp_long [0584dbcb99ab] on USDCHF H4 via seed (8 trials)
  gen_mo_rsi_stoch_adx_gate_swing_tp_long [0584dbcb99ab] on USDCHF D1 via seed (8 trials)
  gen_mo_rsi_stoch_adx_gate_swing_tp_long [0584dbcb99ab] on USDJPY H4 via seed (8 trials)
  gen_mo_rsi_stoch_adx_gate_swing_tp_long [0584dbcb99ab] on USDJPY D1 via seed (8 trials)
  gen_mo_rsi_stoch_adx_gate_swing_tp_long [0584dbcb99ab] on XAUUSD H4 via seed (8 trials)
  gen_mo_rsi_stoch_adx_gate_swing_tp_long [0584dbcb99ab] on XAUUSD D1 via seed (8 trials)
  gen_mo_rsi_stoch_rvol_gate_swing_tp_long [4985589b4810] on AUDJPY H4 via seed (8 trials)
  gen_mo_rsi_stoch_rvol_gate_swing_tp_long [4985589b4810] on AUDJPY D1 via seed (8 trials)
  gen_mo_rsi_stoch_rvol_gate_swing_tp_long [4985589b4810] on AUDUSD H4 via seed (8 trials)
  gen_mo_rsi_stoch_rvol_gate_swing_tp_long [4985589b4810] on AUDUSD D1 via seed (8 trials)
  gen_mo_rsi_stoch_rvol_gate_swing_tp_long [4985589b4810] on EURGBP H4 via seed (8 trials)
  gen_mo_rsi_stoch_rvol_gate_swing_tp_long [4985589b4810] on EURGBP D1 via seed (8 trials)
  gen_mo_rsi_stoch_rvol_gate_swing_tp_long [4985589b4810] on EURJPY H4 via seed (8 trials)
  gen_mo_rsi_stoch_rvol_gate_swing_tp_long [4985589b4810] on EURJPY D1 via seed (8 trials)
  gen_mo_rsi_stoch_rvol_gate_swing_tp_long [4985589b4810] on EURUSD H4 via seed (8 trials)
  gen_mo_rsi_stoch_rvol_gate_swing_tp_long [4985589b4810] on EURUSD D1 via seed (8 trials)
  gen_mo_rsi_stoch_rvol_gate_swing_tp_long [4985589b4810] on GBPJPY H4 via seed (8 trials)
  gen_mo_rsi_stoch_rvol_gate_swing_tp_long [4985589b4810] on GBPJPY D1 via seed (8 trials)
  gen_mo_rsi_stoch_rvol_gate_swing_tp_long [4985589b4810] on GBPUSD H4 via seed (8 trials)
  gen_mo_rsi_stoch_rvol_gate_swing_tp_long [4985589b4810] on GBPUSD D1 via seed (8 trials)
  gen_mo_rsi_stoch_rvol_gate_swing_tp_long [4985589b4810] on NZDUSD H4 via seed (8 trials)
  gen_mo_rsi_stoch_rvol_gate_swing_tp_long [4985589b4810] on NZDUSD D1 via seed (8 trials)
  gen_mo_rsi_stoch_rvol_gate_swing_tp_long [4985589b4810] on USDCAD H4 via seed (8 trials)
  gen_mo_rsi_stoch_rvol_gate_swing_tp_long [4985589b4810] on USDCAD D1 via seed (8 trials)
  gen_mo_rsi_stoch_rvol_gate_swing_tp_long [4985589b4810] on USDCHF H4 via seed (8 trials)
  gen_mo_rsi_stoch_rvol_gate_swing_tp_long [4985589b4810] on USDCHF D1 via seed (8 trials)
  gen_mo_rsi_stoch_rvol_gate_swing_tp_long [4985589b4810] on USDJPY H4 via seed (8 trials)
  gen_mo_rsi_stoch_rvol_gate_swing_tp_long [4985589b4810] on USDJPY D1 via seed (8 trials)
  gen_mo_rsi_stoch_rvol_gate_swing_tp_long [4985589b4810] on XAUUSD H4 via seed (8 trials)
  gen_mo_rsi_stoch_rvol_gate_swing_tp_long [4985589b4810] on XAUUSD D1 via seed (8 trials)
  gen_mo_rsi_stoch_rvol_gate_swing_tp_short [6844c9a20a6a] on AUDJPY H4 via seed (8 trials)
  gen_mo_rsi_stoch_rvol_gate_swing_tp_short [6844c9a20a6a] on AUDJPY D1 via seed (8 trials)
  gen_mo_rsi_stoch_rvol_gate_swing_tp_short [6844c9a20a6a] on AUDUSD H4 via seed (8 trials)
  gen_mo_rsi_stoch_rvol_gate_swing_tp_short [6844c9a20a6a] on AUDUSD D1 via seed (8 trials)
  gen_mo_rsi_stoch_rvol_gate_swing_tp_short [6844c9a20a6a] on EURGBP H4 via seed (8 trials)
  gen_mo_rsi_stoch_rvol_gate_swing_tp_short [6844c9a20a6a] on EURGBP D1 via seed (8 trials)
  gen_mo_rsi_stoch_rvol_gate_swing_tp_short [6844c9a20a6a] on EURJPY H4 via seed (8 trials)
  gen_mo_rsi_stoch_rvol_gate_swing_tp_short [6844c9a20a6a] on EURJPY D1 via seed (8 trials)
  gen_mo_rsi_stoch_rvol_gate_swing_tp_short [6844c9a20a6a] on EURUSD H4 via seed (8 trials)
  gen_mo_rsi_stoch_rvol_gate_swing_tp_short [6844c9a20a6a] on EURUSD D1 via seed (8 trials)
  gen_mo_rsi_stoch_rvol_gate_swing_tp_short [6844c9a20a6a] on GBPJPY H4 via seed (8 trials)
  gen_mo_rsi_stoch_rvol_gate_swing_tp_short [6844c9a20a6a] on GBPJPY D1 via seed (8 trials)
  gen_mo_rsi_stoch_rvol_gate_swing_tp_short [6844c9a20a6a] on GBPUSD H4 via seed (8 trials)
  gen_mo_rsi_stoch_rvol_gate_swing_tp_short [6844c9a20a6a] on GBPUSD D1 via seed (8 trials)
  gen_mo_rsi_stoch_rvol_gate_swing_tp_short [6844c9a20a6a] on NZDUSD H4 via seed (8 trials)
  gen_mo_rsi_stoch_rvol_gate_swing_tp_short [6844c9a20a6a] on NZDUSD D1 via seed (8 trials)
  gen_mo_rsi_stoch_rvol_gate_swing_tp_short [6844c9a20a6a] on USDCAD H4 via seed (8 trials)
  gen_mo_rsi_stoch_rvol_gate_swing_tp_short [6844c9a20a6a] on USDCAD D1 via seed (8 trials)
  gen_mo_rsi_stoch_rvol_gate_swing_tp_short [6844c9a20a6a] on USDCHF H4 via seed (8 trials)
  gen_mo_rsi_stoch_rvol_gate_swing_tp_short [6844c9a20a6a] on USDCHF D1 via seed (8 trials)
  gen_mo_rsi_stoch_rvol_gate_swing_tp_short [6844c9a20a6a] on USDJPY H4 via seed (8 trials)
  gen_mo_rsi_stoch_rvol_gate_swing_tp_short [6844c9a20a6a] on USDJPY D1 via seed (8 trials)
  gen_mo_rsi_stoch_rvol_gate_swing_tp_short [6844c9a20a6a] on XAUUSD H4 via seed (8 trials)
  gen_mo_rsi_stoch_rvol_gate_swing_tp_short [6844c9a20a6a] on XAUUSD D1 via seed (8 trials)
  gen_mo_rsi_stoch_rvol_gate_tp_r [e90ee5cd2003] on AUDJPY H4 via seed (8 trials)
  gen_mo_rsi_stoch_rvol_gate_tp_r [e90ee5cd2003] on AUDJPY D1 via seed (8 trials)
  gen_mo_rsi_stoch_rvol_gate_tp_r [e90ee5cd2003] on AUDUSD H4 via seed (8 trials)
  gen_mo_rsi_stoch_rvol_gate_tp_r [e90ee5cd2003] on AUDUSD D1 via seed (8 trials)
  gen_mo_rsi_stoch_rvol_gate_tp_r [e90ee5cd2003] on EURGBP H4 via seed (8 trials)
  gen_mo_rsi_stoch_rvol_gate_tp_r [e90ee5cd2003] on EURGBP D1 via seed (8 trials)
  gen_mo_rsi_stoch_rvol_gate_tp_r [e90ee5cd2003] on EURJPY H4 via seed (8 trials)
  gen_mo_rsi_stoch_rvol_gate_tp_r [e90ee5cd2003] on EURJPY D1 via seed (8 trials)
  gen_mo_rsi_stoch_rvol_gate_tp_r [e90ee5cd2003] on EURUSD H4 via seed (8 trials)
  gen_mo_rsi_stoch_rvol_gate_tp_r [e90ee5cd2003] on EURUSD D1 via seed (8 trials)
  gen_mo_rsi_stoch_rvol_gate_tp_r [e90ee5cd2003] on GBPJPY H4 via seed (8 trials)
  gen_mo_rsi_stoch_rvol_gate_tp_r [e90ee5cd2003] on GBPJPY D1 via seed (8 trials)
  gen_mo_rsi_stoch_rvol_gate_tp_r [e90ee5cd2003] on GBPUSD H4 via seed (8 trials)
  gen_mo_rsi_stoch_rvol_gate_tp_r [e90ee5cd2003] on GBPUSD D1 via seed (8 trials)
  gen_mo_rsi_stoch_rvol_gate_tp_r [e90ee5cd2003] on NZDUSD H4 via seed (8 trials)
  gen_mo_rsi_stoch_rvol_gate_tp_r [e90ee5cd2003] on NZDUSD D1 via seed (8 trials)
  gen_mo_rsi_stoch_rvol_gate_tp_r [e90ee5cd2003] on USDCAD H4 via seed (8 trials)
  gen_mo_rsi_stoch_rvol_gate_tp_r [e90ee5cd2003] on USDCAD D1 via seed (8 trials)
  gen_mo_rsi_stoch_rvol_gate_tp_r [e90ee5cd2003] on USDCHF H4 via seed (8 trials)
  gen_mo_rsi_stoch_rvol_gate_tp_r [e90ee5cd2003] on USDCHF D1 via seed (8 trials)
  gen_mo_rsi_stoch_rvol_gate_tp_r [e90ee5cd2003] on USDJPY H4 via seed (8 trials)
  gen_mo_rsi_stoch_rvol_gate_tp_r [e90ee5cd2003] on USDJPY D1 via seed (8 trials)
  gen_mo_rsi_stoch_rvol_gate_tp_r [e90ee5cd2003] on XAUUSD H4 via seed (8 trials)
  gen_mo_rsi_stoch_rvol_gate_tp_r [e90ee5cd2003] on XAUUSD D1 via seed (8 trials)
  gen_mo_rsi_stoch_session_swing_tp_long [c7d9646c83b5] on AUDJPY H4 via seed (8 trials)
  gen_mo_rsi_stoch_session_swing_tp_long [c7d9646c83b5] on AUDUSD H4 via seed (8 trials)
  gen_mo_rsi_stoch_session_swing_tp_long [c7d9646c83b5] on EURGBP H4 via seed (8 trials)
  gen_mo_rsi_stoch_session_swing_tp_long [c7d9646c83b5] on EURJPY H4 via seed (8 trials)
  gen_mo_rsi_stoch_session_swing_tp_long [c7d9646c83b5] on EURUSD H4 via seed (8 trials)
  gen_mo_rsi_stoch_session_swing_tp_long [c7d9646c83b5] on GBPJPY H4 via seed (8 trials)
  gen_mo_rsi_stoch_session_swing_tp_long [c7d9646c83b5] on GBPUSD H4 via seed (8 trials)
  gen_mo_rsi_stoch_session_swing_tp_long [c7d9646c83b5] on NZDUSD H4 via seed (8 trials)
  gen_mo_rsi_stoch_session_swing_tp_long [c7d9646c83b5] on USDCAD H4 via seed (8 trials)
  gen_mo_rsi_stoch_session_swing_tp_long [c7d9646c83b5] on USDCHF H4 via seed (8 trials)
  gen_mo_rsi_stoch_session_swing_tp_long [c7d9646c83b5] on USDJPY H4 via seed (8 trials)
  gen_mo_rsi_stoch_session_swing_tp_long [c7d9646c83b5] on XAUUSD H4 via seed (8 trials)
  gen_mo_rsi_stoch_session_trail [5b1f55ea607c] on AUDJPY H4 via seed (8 trials)
  gen_mo_rsi_stoch_session_trail [5b1f55ea607c] on AUDUSD H4 via seed (8 trials)
  gen_mo_rsi_stoch_session_trail [5b1f55ea607c] on EURGBP H4 via seed (8 trials)
  gen_mo_rsi_stoch_session_trail [5b1f55ea607c] on EURJPY H4 via seed (8 trials)
  gen_mo_rsi_stoch_session_trail [5b1f55ea607c] on EURUSD H4 via seed (8 trials)
  gen_mo_rsi_stoch_session_trail [5b1f55ea607c] on GBPJPY H4 via seed (8 trials)
  gen_mo_rsi_stoch_session_trail [5b1f55ea607c] on GBPUSD H4 via seed (8 trials)
  gen_mo_rsi_stoch_session_trail [5b1f55ea607c] on NZDUSD H4 via seed (8 trials)
  gen_mo_rsi_stoch_session_trail [5b1f55ea607c] on USDCAD H4 via seed (8 trials)
  gen_mo_rsi_stoch_session_trail [5b1f55ea607c] on USDCHF H4 via seed (8 trials)
  gen_mo_rsi_stoch_session_trail [5b1f55ea607c] on USDJPY H4 via seed (8 trials)
  gen_mo_rsi_stoch_session_trail [5b1f55ea607c] on XAUUSD H4 via seed (8 trials)
  gen_mr_bb_reentry_none_swing_tp_long [a718fc741479] on AUDUSD H4 via seed (8 trials)
  gen_mr_bb_reentry_none_swing_tp_long [a718fc741479] on AUDUSD D1 via seed (8 trials)
  gen_mr_bb_reentry_none_swing_tp_long [a718fc741479] on EURGBP H4 via seed (8 trials)
  gen_mr_bb_reentry_none_swing_tp_long [a718fc741479] on EURGBP D1 via seed (8 trials)
  gen_mr_bb_reentry_none_swing_tp_long [a718fc741479] on EURUSD H4 via seed (8 trials)
  gen_mr_bb_reentry_none_swing_tp_long [a718fc741479] on EURUSD D1 via seed (8 trials)
  gen_mr_bb_reentry_none_swing_tp_long [a718fc741479] on GBPUSD H4 via seed (8 trials)
  gen_mr_bb_reentry_none_swing_tp_long [a718fc741479] on GBPUSD D1 via seed (8 trials)
  gen_mr_bb_reentry_none_swing_tp_long [a718fc741479] on NZDUSD H4 via seed (8 trials)
  gen_mr_bb_reentry_none_swing_tp_long [a718fc741479] on NZDUSD D1 via seed (8 trials)
  gen_mr_bb_reentry_none_swing_tp_long [a718fc741479] on USDCAD H4 via seed (8 trials)
  gen_mr_bb_reentry_none_swing_tp_long [a718fc741479] on USDCAD D1 via seed (8 trials)
  gen_mr_bb_reentry_none_swing_tp_long [a718fc741479] on USDCHF H4 via seed (8 trials)
  gen_mr_bb_reentry_none_swing_tp_long [a718fc741479] on USDCHF D1 via seed (8 trials)
  gen_mr_bb_reentry_none_swing_tp_long [a718fc741479] on USDJPY H4 via seed (8 trials)
  gen_mr_bb_reentry_none_swing_tp_long [a718fc741479] on USDJPY D1 via seed (8 trials)
  gen_mr_bb_reentry_none_swing_tp_short [483041a5b9e0] on AUDUSD H4 via seed (8 trials)
  gen_mr_bb_reentry_none_swing_tp_short [483041a5b9e0] on AUDUSD D1 via seed (8 trials)
  gen_mr_bb_reentry_none_swing_tp_short [483041a5b9e0] on EURGBP H4 via seed (8 trials)
  gen_mr_bb_reentry_none_swing_tp_short [483041a5b9e0] on EURGBP D1 via seed (8 trials)
  gen_mr_bb_reentry_none_swing_tp_short [483041a5b9e0] on EURUSD H4 via seed (8 trials)
  gen_mr_bb_reentry_none_swing_tp_short [483041a5b9e0] on EURUSD D1 via seed (8 trials)
  gen_mr_bb_reentry_none_swing_tp_short [483041a5b9e0] on GBPUSD H4 via seed (8 trials)
  gen_mr_bb_reentry_none_swing_tp_short [483041a5b9e0] on GBPUSD D1 via seed (8 trials)
  gen_mr_bb_reentry_none_swing_tp_short [483041a5b9e0] on NZDUSD H4 via seed (8 trials)
  gen_mr_bb_reentry_none_swing_tp_short [483041a5b9e0] on NZDUSD D1 via seed (8 trials)
  gen_mr_bb_reentry_none_swing_tp_short [483041a5b9e0] on USDCAD H4 via seed (8 trials)
  gen_mr_bb_reentry_none_swing_tp_short [483041a5b9e0] on USDCAD D1 via seed (8 trials)
  gen_mr_bb_reentry_none_swing_tp_short [483041a5b9e0] on USDCHF H4 via seed (8 trials)
  gen_mr_bb_reentry_none_swing_tp_short [483041a5b9e0] on USDCHF D1 via seed (8 trials)
  gen_mr_bb_reentry_none_swing_tp_short [483041a5b9e0] on USDJPY H4 via seed (8 trials)
  gen_mr_bb_reentry_none_swing_tp_short [483041a5b9e0] on USDJPY D1 via seed (8 trials)
  gen_mr_bb_reentry_none_time_exit [871dd2d629d6] on AUDUSD H4 via seed (8 trials)
  gen_mr_bb_reentry_none_time_exit [871dd2d629d6] on AUDUSD D1 via seed (8 trials)
  gen_mr_bb_reentry_none_time_exit [871dd2d629d6] on EURGBP H4 via seed (8 trials)
  gen_mr_bb_reentry_none_time_exit [871dd2d629d6] on EURGBP D1 via seed (8 trials)
  gen_mr_bb_reentry_none_time_exit [871dd2d629d6] on EURUSD H4 via seed (8 trials)
  gen_mr_bb_reentry_none_time_exit [871dd2d629d6] on EURUSD D1 via seed (8 trials)
  gen_mr_bb_reentry_none_time_exit [871dd2d629d6] on GBPUSD H4 via seed (8 trials)
  gen_mr_bb_reentry_none_time_exit [871dd2d629d6] on GBPUSD D1 via seed (8 trials)
  gen_mr_bb_reentry_none_time_exit [871dd2d629d6] on NZDUSD H4 via seed (8 trials)
  gen_mr_bb_reentry_none_time_exit [871dd2d629d6] on NZDUSD D1 via seed (8 trials)
  gen_mr_bb_reentry_none_time_exit [871dd2d629d6] on USDCAD H4 via seed (8 trials)
  gen_mr_bb_reentry_none_time_exit [871dd2d629d6] on USDCAD D1 via seed (8 trials)
  gen_mr_bb_reentry_none_time_exit [871dd2d629d6] on USDCHF H4 via seed (8 trials)
  gen_mr_bb_reentry_none_time_exit [871dd2d629d6] on USDCHF D1 via seed (8 trials)
  gen_mr_bb_reentry_none_time_exit [871dd2d629d6] on USDJPY H4 via seed (8 trials)
  gen_mr_bb_reentry_none_time_exit [871dd2d629d6] on USDJPY D1 via seed (8 trials)
  gen_mr_bb_reentry_rvol_gate_swing_tp_long [060f8a34bf0a] on AUDUSD H4 via seed (8 trials)
  gen_mr_bb_reentry_rvol_gate_swing_tp_long [060f8a34bf0a] on AUDUSD D1 via seed (8 trials)
  gen_mr_bb_reentry_rvol_gate_swing_tp_long [060f8a34bf0a] on EURGBP H4 via seed (8 trials)
  gen_mr_bb_reentry_rvol_gate_swing_tp_long [060f8a34bf0a] on EURGBP D1 via seed (8 trials)
  gen_mr_bb_reentry_rvol_gate_swing_tp_long [060f8a34bf0a] on EURUSD H4 via seed (8 trials)
  gen_mr_bb_reentry_rvol_gate_swing_tp_long [060f8a34bf0a] on EURUSD D1 via seed (8 trials)
  gen_mr_bb_reentry_rvol_gate_swing_tp_long [060f8a34bf0a] on GBPUSD H4 via seed (8 trials)
  gen_mr_bb_reentry_rvol_gate_swing_tp_long [060f8a34bf0a] on GBPUSD D1 via seed (8 trials)
  gen_mr_bb_reentry_rvol_gate_swing_tp_long [060f8a34bf0a] on NZDUSD H4 via seed (8 trials)
  gen_mr_bb_reentry_rvol_gate_swing_tp_long [060f8a34bf0a] on NZDUSD D1 via seed (8 trials)
  gen_mr_bb_reentry_rvol_gate_swing_tp_long [060f8a34bf0a] on USDCAD H4 via seed (8 trials)
  gen_mr_bb_reentry_rvol_gate_swing_tp_long [060f8a34bf0a] on USDCAD D1 via seed (8 trials)
  gen_mr_bb_reentry_rvol_gate_swing_tp_long [060f8a34bf0a] on USDCHF H4 via seed (8 trials)
  gen_mr_bb_reentry_rvol_gate_swing_tp_long [060f8a34bf0a] on USDCHF D1 via seed (8 trials)
  gen_mr_bb_reentry_rvol_gate_swing_tp_long [060f8a34bf0a] on USDJPY H4 via seed (8 trials)
  gen_mr_bb_reentry_rvol_gate_swing_tp_long [060f8a34bf0a] on USDJPY D1 via seed (8 trials)
  gen_mr_bb_reentry_session_swing_tp_long [bb75bea3a87d] on AUDUSD H4 via seed (8 trials)
  gen_mr_bb_reentry_session_swing_tp_long [bb75bea3a87d] on EURGBP H4 via seed (8 trials)
  gen_mr_bb_reentry_session_swing_tp_long [bb75bea3a87d] on EURUSD H4 via seed (8 trials)
  gen_mr_bb_reentry_session_swing_tp_long [bb75bea3a87d] on GBPUSD H4 via seed (8 trials)
  gen_mr_bb_reentry_session_swing_tp_long [bb75bea3a87d] on NZDUSD H4 via seed (8 trials)
  gen_mr_bb_reentry_session_swing_tp_long [bb75bea3a87d] on USDCAD H4 via seed (8 trials)
  gen_mr_bb_reentry_session_swing_tp_long [bb75bea3a87d] on USDCHF H4 via seed (8 trials)
  gen_mr_bb_reentry_session_swing_tp_long [bb75bea3a87d] on USDJPY H4 via seed (8 trials)
  gen_mr_bb_reentry_session_swing_tp_short [549f4ee3ad1a] on AUDUSD H4 via seed (8 trials)
  gen_mr_bb_reentry_session_swing_tp_short [549f4ee3ad1a] on EURGBP H4 via seed (8 trials)
  gen_mr_bb_reentry_session_swing_tp_short [549f4ee3ad1a] on EURUSD H4 via seed (8 trials)
  gen_mr_bb_reentry_session_swing_tp_short [549f4ee3ad1a] on GBPUSD H4 via seed (8 trials)
  gen_mr_bb_reentry_session_swing_tp_short [549f4ee3ad1a] on NZDUSD H4 via seed (8 trials)
  gen_mr_bb_reentry_session_swing_tp_short [549f4ee3ad1a] on USDCAD H4 via seed (8 trials)
  gen_mr_bb_reentry_session_swing_tp_short [549f4ee3ad1a] on USDCHF H4 via seed (8 trials)
  gen_mr_bb_reentry_session_swing_tp_short [549f4ee3ad1a] on USDJPY H4 via seed (8 trials)
  gen_mr_bb_reentry_session_time_exit [4deb7947721a] on AUDUSD H4 via seed (8 trials)
  gen_mr_bb_reentry_session_time_exit [4deb7947721a] on EURGBP H4 via seed (8 trials)
  gen_mr_bb_reentry_session_time_exit [4deb7947721a] on EURUSD H4 via seed (8 trials)
  gen_mr_bb_reentry_session_time_exit [4deb7947721a] on GBPUSD H4 via seed (8 trials)
  gen_mr_bb_reentry_session_time_exit [4deb7947721a] on NZDUSD H4 via seed (8 trials)
  gen_mr_bb_reentry_session_time_exit [4deb7947721a] on USDCAD H4 via seed (8 trials)
  gen_mr_bb_reentry_session_time_exit [4deb7947721a] on USDCHF H4 via seed (8 trials)
  gen_mr_bb_reentry_session_time_exit [4deb7947721a] on USDJPY H4 via seed (8 trials)
  gen_mr_kc_reentry_none_swing_tp_long [d831c0edf026] on AUDUSD H4 via seed (8 trials)
  gen_mr_kc_reentry_none_swing_tp_long [d831c0edf026] on AUDUSD D1 via seed (8 trials)
  gen_mr_kc_reentry_none_swing_tp_long [d831c0edf026] on EURGBP H4 via seed (8 trials)
  gen_mr_kc_reentry_none_swing_tp_long [d831c0edf026] on EURGBP D1 via seed (8 trials)
  gen_mr_kc_reentry_none_swing_tp_long [d831c0edf026] on EURUSD H4 via seed (8 trials)
  gen_mr_kc_reentry_none_swing_tp_long [d831c0edf026] on EURUSD D1 via seed (8 trials)
  gen_mr_kc_reentry_none_swing_tp_long [d831c0edf026] on GBPUSD H4 via seed (8 trials)
  gen_mr_kc_reentry_none_swing_tp_long [d831c0edf026] on GBPUSD D1 via seed (8 trials)
  gen_mr_kc_reentry_none_swing_tp_long [d831c0edf026] on NZDUSD H4 via seed (8 trials)
  gen_mr_kc_reentry_none_swing_tp_long [d831c0edf026] on NZDUSD D1 via seed (8 trials)
  gen_mr_kc_reentry_none_swing_tp_long [d831c0edf026] on USDCAD H4 via seed (8 trials)
  gen_mr_kc_reentry_none_swing_tp_long [d831c0edf026] on USDCAD D1 via seed (8 trials)
  gen_mr_kc_reentry_none_swing_tp_long [d831c0edf026] on USDCHF H4 via seed (8 trials)
  gen_mr_kc_reentry_none_swing_tp_long [d831c0edf026] on USDCHF D1 via seed (8 trials)
  gen_mr_kc_reentry_none_swing_tp_long [d831c0edf026] on USDJPY H4 via seed (8 trials)
  gen_mr_kc_reentry_none_swing_tp_long [d831c0edf026] on USDJPY D1 via seed (8 trials)
  gen_mr_kc_reentry_none_time_exit [e8667da88ecc] on AUDUSD H4 via seed (8 trials)
  gen_mr_kc_reentry_none_time_exit [e8667da88ecc] on AUDUSD D1 via seed (8 trials)
  gen_mr_kc_reentry_none_time_exit [e8667da88ecc] on EURGBP H4 via seed (8 trials)
  gen_mr_kc_reentry_none_time_exit [e8667da88ecc] on EURGBP D1 via seed (8 trials)
  gen_mr_kc_reentry_none_time_exit [e8667da88ecc] on EURUSD H4 via seed (8 trials)
  gen_mr_kc_reentry_none_time_exit [e8667da88ecc] on EURUSD D1 via seed (8 trials)
  gen_mr_kc_reentry_none_time_exit [e8667da88ecc] on GBPUSD H4 via seed (8 trials)
  gen_mr_kc_reentry_none_time_exit [e8667da88ecc] on GBPUSD D1 via seed (8 trials)
  gen_mr_kc_reentry_none_time_exit [e8667da88ecc] on NZDUSD H4 via seed (8 trials)
  gen_mr_kc_reentry_none_time_exit [e8667da88ecc] on NZDUSD D1 via seed (8 trials)
  gen_mr_kc_reentry_none_time_exit [e8667da88ecc] on USDCAD H4 via seed (8 trials)
  gen_mr_kc_reentry_none_time_exit [e8667da88ecc] on USDCAD D1 via seed (8 trials)
  gen_mr_kc_reentry_none_time_exit [e8667da88ecc] on USDCHF H4 via seed (8 trials)
  gen_mr_kc_reentry_none_time_exit [e8667da88ecc] on USDCHF D1 via seed (8 trials)
  gen_mr_kc_reentry_none_time_exit [e8667da88ecc] on USDJPY H4 via seed (8 trials)
  gen_mr_kc_reentry_none_time_exit [e8667da88ecc] on USDJPY D1 via seed (8 trials)
  gen_mr_kc_reentry_none_trail [21144572d764] on AUDUSD H4 via seed (8 trials)
  gen_mr_kc_reentry_none_trail [21144572d764] on AUDUSD D1 via seed (8 trials)
  gen_mr_kc_reentry_none_trail [21144572d764] on EURGBP H4 via seed (8 trials)
  gen_mr_kc_reentry_none_trail [21144572d764] on EURGBP D1 via seed (8 trials)
  gen_mr_kc_reentry_none_trail [21144572d764] on EURUSD H4 via seed (8 trials)
  gen_mr_kc_reentry_none_trail [21144572d764] on EURUSD D1 via seed (8 trials)
  gen_mr_kc_reentry_none_trail [21144572d764] on GBPUSD H4 via seed (8 trials)
  gen_mr_kc_reentry_none_trail [21144572d764] on GBPUSD D1 via seed (8 trials)
  gen_mr_kc_reentry_none_trail [21144572d764] on NZDUSD H4 via seed (8 trials)
  gen_mr_kc_reentry_none_trail [21144572d764] on NZDUSD D1 via seed (8 trials)
  gen_mr_kc_reentry_none_trail [21144572d764] on USDCAD H4 via seed (8 trials)
  gen_mr_kc_reentry_none_trail [21144572d764] on USDCAD D1 via seed (8 trials)
  gen_mr_kc_reentry_none_trail [21144572d764] on USDCHF H4 via seed (8 trials)
  gen_mr_kc_reentry_none_trail [21144572d764] on USDCHF D1 via seed (8 trials)
  gen_mr_kc_reentry_none_trail [21144572d764] on USDJPY H4 via seed (8 trials)
  gen_mr_kc_reentry_none_trail [21144572d764] on USDJPY D1 via seed (8 trials)
  gen_mr_kc_reentry_session_swing_tp_long [dd1342ba9af8] on AUDUSD H4 via seed (8 trials)
  gen_mr_kc_reentry_session_swing_tp_long [dd1342ba9af8] on EURGBP H4 via seed (8 trials)
  gen_mr_kc_reentry_session_swing_tp_long [dd1342ba9af8] on EURUSD H4 via seed (8 trials)
  gen_mr_kc_reentry_session_swing_tp_long [dd1342ba9af8] on GBPUSD H4 via seed (8 trials)
  gen_mr_kc_reentry_session_swing_tp_long [dd1342ba9af8] on NZDUSD H4 via seed (8 trials)
  gen_mr_kc_reentry_session_swing_tp_long [dd1342ba9af8] on USDCAD H4 via seed (8 trials)
  gen_mr_kc_reentry_session_swing_tp_long [dd1342ba9af8] on USDCHF H4 via seed (8 trials)
  gen_mr_kc_reentry_session_swing_tp_long [dd1342ba9af8] on USDJPY H4 via seed (8 trials)
  gen_mr_kc_reentry_session_swing_tp_short [b187ca954df3] on AUDUSD H4 via seed (8 trials)
  gen_mr_kc_reentry_session_swing_tp_short [b187ca954df3] on EURGBP H4 via seed (8 trials)
  gen_mr_kc_reentry_session_swing_tp_short [b187ca954df3] on EURUSD H4 via seed (8 trials)
  gen_mr_kc_reentry_session_swing_tp_short [b187ca954df3] on GBPUSD H4 via seed (8 trials)
  gen_mr_kc_reentry_session_swing_tp_short [b187ca954df3] on NZDUSD H4 via seed (8 trials)
  gen_mr_kc_reentry_session_swing_tp_short [b187ca954df3] on USDCAD H4 via seed (8 trials)
  gen_mr_kc_reentry_session_swing_tp_short [b187ca954df3] on USDCHF H4 via seed (8 trials)
  gen_mr_kc_reentry_session_swing_tp_short [b187ca954df3] on USDJPY H4 via seed (8 trials)
  gen_mr_kc_reentry_session_time_exit [88ace5a83d80] on AUDUSD H4 via seed (8 trials)
  gen_mr_kc_reentry_session_time_exit [88ace5a83d80] on EURGBP H4 via seed (8 trials)
  gen_mr_kc_reentry_session_time_exit [88ace5a83d80] on EURUSD H4 via seed (8 trials)
  gen_mr_kc_reentry_session_time_exit [88ace5a83d80] on GBPUSD H4 via seed (8 trials)
  gen_mr_kc_reentry_session_time_exit [88ace5a83d80] on NZDUSD H4 via seed (8 trials)
  gen_mr_kc_reentry_session_time_exit [88ace5a83d80] on USDCAD H4 via seed (8 trials)
  gen_mr_kc_reentry_session_time_exit [88ace5a83d80] on USDCHF H4 via seed (8 trials)
  gen_mr_kc_reentry_session_time_exit [88ace5a83d80] on USDJPY H4 via seed (8 trials)
  gen_sb_range_close_break_adx_gate_swing_tp_short [df5c828a9603] on DE40 H4 via seed (4 trials)
  gen_sb_range_close_break_adx_gate_swing_tp_short [df5c828a9603] on EURGBP H4 via seed (4 trials)
  gen_sb_range_close_break_adx_gate_swing_tp_short [df5c828a9603] on EURJPY H4 via seed (4 trials)
  gen_sb_range_close_break_adx_gate_swing_tp_short [df5c828a9603] on EURUSD H4 via seed (4 trials)
  gen_sb_range_close_break_adx_gate_swing_tp_short [df5c828a9603] on GBPJPY H4 via seed (4 trials)
  gen_sb_range_close_break_adx_gate_swing_tp_short [df5c828a9603] on GBPUSD H4 via seed (4 trials)
  gen_sb_range_close_break_adx_gate_swing_tp_short [df5c828a9603] on UK100 H4 via seed (4 trials)
  gen_sb_range_close_break_adx_gate_swing_tp_short [df5c828a9603] on USDCHF H4 via seed (4 trials)
  gen_sb_range_close_break_adx_gate_time_exit [ce9b2d07ba2e] on DE40 H4 via seed (4 trials)
  gen_sb_range_close_break_adx_gate_time_exit [ce9b2d07ba2e] on EURGBP H4 via seed (4 trials)
  gen_sb_range_close_break_adx_gate_time_exit [ce9b2d07ba2e] on EURJPY H4 via seed (4 trials)
  gen_sb_range_close_break_adx_gate_time_exit [ce9b2d07ba2e] on EURUSD H4 via seed (4 trials)
  gen_sb_range_close_break_adx_gate_time_exit [ce9b2d07ba2e] on GBPJPY H4 via seed (4 trials)
  gen_sb_range_close_break_adx_gate_time_exit [ce9b2d07ba2e] on GBPUSD H4 via seed (4 trials)
  gen_sb_range_close_break_adx_gate_time_exit [ce9b2d07ba2e] on UK100 H4 via seed (4 trials)
  gen_sb_range_close_break_adx_gate_time_exit [ce9b2d07ba2e] on USDCHF H4 via seed (4 trials)
  gen_sb_range_close_break_none_swing_tp_long [a8122fac7575] on DE40 H4 via seed (4 trials)
  gen_sb_range_close_break_none_swing_tp_long [a8122fac7575] on EURGBP H4 via seed (4 trials)
  gen_sb_range_close_break_none_swing_tp_long [a8122fac7575] on EURJPY H4 via seed (4 trials)
  gen_sb_range_close_break_none_swing_tp_long [a8122fac7575] on EURUSD H4 via seed (4 trials)
  gen_sb_range_close_break_none_swing_tp_long [a8122fac7575] on GBPJPY H4 via seed (4 trials)
  gen_sb_range_close_break_none_swing_tp_long [a8122fac7575] on GBPUSD H4 via seed (4 trials)
  gen_sb_range_close_break_none_swing_tp_long [a8122fac7575] on UK100 H4 via seed (4 trials)
  gen_sb_range_close_break_none_swing_tp_long [a8122fac7575] on USDCHF H4 via seed (4 trials)
  gen_sb_range_close_break_none_swing_tp_short [10b31386cb4a] on DE40 H4 via seed (4 trials)
  gen_sb_range_close_break_none_swing_tp_short [10b31386cb4a] on EURGBP H4 via seed (4 trials)
  gen_sb_range_close_break_none_swing_tp_short [10b31386cb4a] on EURJPY H4 via seed (4 trials)
  gen_sb_range_close_break_none_swing_tp_short [10b31386cb4a] on EURUSD H4 via seed (4 trials)
  gen_sb_range_close_break_none_swing_tp_short [10b31386cb4a] on GBPJPY H4 via seed (4 trials)
  gen_sb_range_close_break_none_swing_tp_short [10b31386cb4a] on GBPUSD H4 via seed (4 trials)
  gen_sb_range_close_break_none_swing_tp_short [10b31386cb4a] on UK100 H4 via seed (4 trials)
  gen_sb_range_close_break_none_swing_tp_short [10b31386cb4a] on USDCHF H4 via seed (4 trials)
  gen_sb_range_close_break_none_trail [fca0dfca05d0] on DE40 H4 via seed (4 trials)
  gen_sb_range_close_break_none_trail [fca0dfca05d0] on EURGBP H4 via seed (4 trials)
  gen_sb_range_close_break_none_trail [fca0dfca05d0] on EURJPY H4 via seed (4 trials)
  gen_sb_range_close_break_none_trail [fca0dfca05d0] on EURUSD H4 via seed (4 trials)
  gen_sb_range_close_break_none_trail [fca0dfca05d0] on GBPJPY H4 via seed (4 trials)
  gen_sb_range_close_break_none_trail [fca0dfca05d0] on GBPUSD H4 via seed (4 trials)
  gen_sb_range_close_break_none_trail [fca0dfca05d0] on UK100 H4 via seed (4 trials)
  gen_sb_range_close_break_none_trail [fca0dfca05d0] on USDCHF H4 via seed (4 trials)
  gen_sb_range_close_break_rvol_gate_swing_tp_short [dc6a3c41622b] on DE40 H4 via seed (4 trials)
  gen_sb_range_close_break_rvol_gate_swing_tp_short [dc6a3c41622b] on EURGBP H4 via seed (4 trials)
  gen_sb_range_close_break_rvol_gate_swing_tp_short [dc6a3c41622b] on EURJPY H4 via seed (4 trials)
  gen_sb_range_close_break_rvol_gate_swing_tp_short [dc6a3c41622b] on EURUSD H4 via seed (4 trials)
  gen_sb_range_close_break_rvol_gate_swing_tp_short [dc6a3c41622b] on GBPJPY H4 via seed (4 trials)
  gen_sb_range_close_break_rvol_gate_swing_tp_short [dc6a3c41622b] on GBPUSD H4 via seed (4 trials)
  gen_sb_range_close_break_rvol_gate_swing_tp_short [dc6a3c41622b] on UK100 H4 via seed (4 trials)
  gen_sb_range_close_break_rvol_gate_swing_tp_short [dc6a3c41622b] on USDCHF H4 via seed (4 trials)
  gen_sb_range_close_break_session_swing_tp_long [0614414df73a] on DE40 H4 via seed (4 trials)
  gen_sb_range_close_break_session_swing_tp_long [0614414df73a] on EURGBP H4 via seed (4 trials)
  gen_sb_range_close_break_session_swing_tp_long [0614414df73a] on EURJPY H4 via seed (4 trials)
  gen_sb_range_close_break_session_swing_tp_long [0614414df73a] on EURUSD H4 via seed (4 trials)
  gen_sb_range_close_break_session_swing_tp_long [0614414df73a] on GBPJPY H4 via seed (4 trials)
  gen_sb_range_close_break_session_swing_tp_long [0614414df73a] on GBPUSD H4 via seed (4 trials)
  gen_sb_range_close_break_session_swing_tp_long [0614414df73a] on UK100 H4 via seed (4 trials)
  gen_sb_range_close_break_session_swing_tp_long [0614414df73a] on USDCHF H4 via seed (4 trials)
  gen_sb_range_close_break_session_time_exit [23e12c425577] on DE40 H4 via seed (4 trials)
  gen_sb_range_close_break_session_time_exit [23e12c425577] on EURGBP H4 via seed (4 trials)
  gen_sb_range_close_break_session_time_exit [23e12c425577] on EURJPY H4 via seed (4 trials)
  gen_sb_range_close_break_session_time_exit [23e12c425577] on EURUSD H4 via seed (4 trials)
  gen_sb_range_close_break_session_time_exit [23e12c425577] on GBPJPY H4 via seed (4 trials)
  gen_sb_range_close_break_session_time_exit [23e12c425577] on GBPUSD H4 via seed (4 trials)
  gen_sb_range_close_break_session_time_exit [23e12c425577] on UK100 H4 via seed (4 trials)
  gen_sb_range_close_break_session_time_exit [23e12c425577] on USDCHF H4 via seed (4 trials)
  gen_sb_range_fresh_cross_adx_gate_swing_tp_short [5e93bb9db8ac] on DE40 H4 via seed (4 trials)
  gen_sb_range_fresh_cross_adx_gate_swing_tp_short [5e93bb9db8ac] on EURGBP H4 via seed (4 trials)
  gen_sb_range_fresh_cross_adx_gate_swing_tp_short [5e93bb9db8ac] on EURJPY H4 via seed (4 trials)
  gen_sb_range_fresh_cross_adx_gate_swing_tp_short [5e93bb9db8ac] on EURUSD H4 via seed (4 trials)
  gen_sb_range_fresh_cross_adx_gate_swing_tp_short [5e93bb9db8ac] on GBPJPY H4 via seed (4 trials)
  gen_sb_range_fresh_cross_adx_gate_swing_tp_short [5e93bb9db8ac] on GBPUSD H4 via seed (4 trials)
  gen_sb_range_fresh_cross_adx_gate_swing_tp_short [5e93bb9db8ac] on UK100 H4 via seed (4 trials)
  gen_sb_range_fresh_cross_adx_gate_swing_tp_short [5e93bb9db8ac] on USDCHF H4 via seed (4 trials)
  gen_sb_range_fresh_cross_adx_gate_time_exit [bf0c20bb128e] on DE40 H4 via seed (4 trials)
  gen_sb_range_fresh_cross_adx_gate_time_exit [bf0c20bb128e] on EURGBP H4 via seed (4 trials)
  gen_sb_range_fresh_cross_adx_gate_time_exit [bf0c20bb128e] on EURJPY H4 via seed (4 trials)
  gen_sb_range_fresh_cross_adx_gate_time_exit [bf0c20bb128e] on EURUSD H4 via seed (4 trials)
  gen_sb_range_fresh_cross_adx_gate_time_exit [bf0c20bb128e] on GBPJPY H4 via seed (4 trials)
  gen_sb_range_fresh_cross_adx_gate_time_exit [bf0c20bb128e] on GBPUSD H4 via seed (4 trials)
  gen_sb_range_fresh_cross_adx_gate_time_exit [bf0c20bb128e] on UK100 H4 via seed (4 trials)
  gen_sb_range_fresh_cross_adx_gate_time_exit [bf0c20bb128e] on USDCHF H4 via seed (4 trials)
  gen_sb_range_fresh_cross_none_swing_tp_long [0aefdcf5dd72] on DE40 H4 via seed (4 trials)
  gen_sb_range_fresh_cross_none_swing_tp_long [0aefdcf5dd72] on EURGBP H4 via seed (4 trials)
  gen_sb_range_fresh_cross_none_swing_tp_long [0aefdcf5dd72] on EURJPY H4 via seed (4 trials)
  gen_sb_range_fresh_cross_none_swing_tp_long [0aefdcf5dd72] on EURUSD H4 via seed (4 trials)
  gen_sb_range_fresh_cross_none_swing_tp_long [0aefdcf5dd72] on GBPJPY H4 via seed (4 trials)
  gen_sb_range_fresh_cross_none_swing_tp_long [0aefdcf5dd72] on GBPUSD H4 via seed (4 trials)
  gen_sb_range_fresh_cross_none_swing_tp_long [0aefdcf5dd72] on UK100 H4 via seed (4 trials)
  gen_sb_range_fresh_cross_none_swing_tp_long [0aefdcf5dd72] on USDCHF H4 via seed (4 trials)
  gen_sb_range_fresh_cross_none_swing_tp_short [798d83a2058d] on DE40 H4 via seed (4 trials)
  gen_sb_range_fresh_cross_none_swing_tp_short [798d83a2058d] on EURGBP H4 via seed (4 trials)
  gen_sb_range_fresh_cross_none_swing_tp_short [798d83a2058d] on EURJPY H4 via seed (4 trials)
  gen_sb_range_fresh_cross_none_swing_tp_short [798d83a2058d] on EURUSD H4 via seed (4 trials)
  gen_sb_range_fresh_cross_none_swing_tp_short [798d83a2058d] on GBPJPY H4 via seed (4 trials)
  gen_sb_range_fresh_cross_none_swing_tp_short [798d83a2058d] on GBPUSD H4 via seed (4 trials)
  gen_sb_range_fresh_cross_none_swing_tp_short [798d83a2058d] on UK100 H4 via seed (4 trials)
  gen_sb_range_fresh_cross_none_swing_tp_short [798d83a2058d] on USDCHF H4 via seed (4 trials)
  gen_sb_range_fresh_cross_none_time_exit [d183eac8fb43] on DE40 H4 via seed (4 trials)
  gen_sb_range_fresh_cross_none_time_exit [d183eac8fb43] on EURGBP H4 via seed (4 trials)
  gen_sb_range_fresh_cross_none_time_exit [d183eac8fb43] on EURJPY H4 via seed (4 trials)
  gen_sb_range_fresh_cross_none_time_exit [d183eac8fb43] on EURUSD H4 via seed (4 trials)
  gen_sb_range_fresh_cross_none_time_exit [d183eac8fb43] on GBPJPY H4 via seed (4 trials)
  gen_sb_range_fresh_cross_none_time_exit [d183eac8fb43] on GBPUSD H4 via seed (4 trials)
  gen_sb_range_fresh_cross_none_time_exit [d183eac8fb43] on UK100 H4 via seed (4 trials)
  gen_sb_range_fresh_cross_none_time_exit [d183eac8fb43] on USDCHF H4 via seed (4 trials)
  gen_sb_range_fresh_cross_rvol_gate_tp_r [76fe00e5d648] on DE40 H4 via seed (4 trials)
  gen_sb_range_fresh_cross_rvol_gate_tp_r [76fe00e5d648] on EURGBP H4 via seed (4 trials)
  gen_sb_range_fresh_cross_rvol_gate_tp_r [76fe00e5d648] on EURJPY H4 via seed (4 trials)
  gen_sb_range_fresh_cross_rvol_gate_tp_r [76fe00e5d648] on EURUSD H4 via seed (4 trials)
  gen_sb_range_fresh_cross_rvol_gate_tp_r [76fe00e5d648] on GBPJPY H4 via seed (4 trials)
  gen_sb_range_fresh_cross_rvol_gate_tp_r [76fe00e5d648] on GBPUSD H4 via seed (4 trials)
  gen_sb_range_fresh_cross_rvol_gate_tp_r [76fe00e5d648] on UK100 H4 via seed (4 trials)
  gen_sb_range_fresh_cross_rvol_gate_tp_r [76fe00e5d648] on USDCHF H4 via seed (4 trials)
  gen_sb_range_fresh_cross_session_swing_tp_long [0924a927eda0] on DE40 H4 via seed (4 trials)
  gen_sb_range_fresh_cross_session_swing_tp_long [0924a927eda0] on EURGBP H4 via seed (4 trials)
  gen_sb_range_fresh_cross_session_swing_tp_long [0924a927eda0] on EURJPY H4 via seed (4 trials)
  gen_sb_range_fresh_cross_session_swing_tp_long [0924a927eda0] on EURUSD H4 via seed (4 trials)
  gen_sb_range_fresh_cross_session_swing_tp_long [0924a927eda0] on GBPJPY H4 via seed (4 trials)
  gen_sb_range_fresh_cross_session_swing_tp_long [0924a927eda0] on GBPUSD H4 via seed (4 trials)
  gen_sb_range_fresh_cross_session_swing_tp_long [0924a927eda0] on UK100 H4 via seed (4 trials)
  gen_sb_range_fresh_cross_session_swing_tp_long [0924a927eda0] on USDCHF H4 via seed (4 trials)
  gen_sb_range_fresh_cross_session_time_exit [1ef8ec8cf472] on DE40 H4 via seed (4 trials)
  gen_sb_range_fresh_cross_session_time_exit [1ef8ec8cf472] on EURGBP H4 via seed (4 trials)
  gen_sb_range_fresh_cross_session_time_exit [1ef8ec8cf472] on EURJPY H4 via seed (4 trials)
  gen_sb_range_fresh_cross_session_time_exit [1ef8ec8cf472] on EURUSD H4 via seed (4 trials)
  gen_sb_range_fresh_cross_session_time_exit [1ef8ec8cf472] on GBPJPY H4 via seed (4 trials)
  gen_sb_range_fresh_cross_session_time_exit [1ef8ec8cf472] on GBPUSD H4 via seed (4 trials)
  gen_sb_range_fresh_cross_session_time_exit [1ef8ec8cf472] on UK100 H4 via seed (4 trials)
  gen_sb_range_fresh_cross_session_time_exit [1ef8ec8cf472] on USDCHF H4 via seed (4 trials)
  gen_tp_ema_recross_rvol_gate_trail [6a4b75f7950d] on AUDUSD H4 via seed (8 trials)
  gen_tp_ema_recross_rvol_gate_trail [6a4b75f7950d] on AUDUSD D1 via seed (8 trials)
  gen_tp_ema_recross_rvol_gate_trail [6a4b75f7950d] on DE40 H4 via seed (8 trials)
  gen_tp_ema_recross_rvol_gate_trail [6a4b75f7950d] on DE40 D1 via seed (8 trials)
  gen_tp_ema_recross_rvol_gate_trail [6a4b75f7950d] on EURJPY H4 via seed (8 trials)
  gen_tp_ema_recross_rvol_gate_trail [6a4b75f7950d] on EURJPY D1 via seed (8 trials)
  gen_tp_ema_recross_rvol_gate_trail [6a4b75f7950d] on EURUSD H4 via seed (8 trials)
  gen_tp_ema_recross_rvol_gate_trail [6a4b75f7950d] on EURUSD D1 via seed (8 trials)
  gen_tp_ema_recross_rvol_gate_trail [6a4b75f7950d] on GBPJPY H4 via seed (8 trials)
  gen_tp_ema_recross_rvol_gate_trail [6a4b75f7950d] on GBPJPY D1 via seed (8 trials)
  gen_tp_ema_recross_rvol_gate_trail [6a4b75f7950d] on GBPUSD H4 via seed (8 trials)
  gen_tp_ema_recross_rvol_gate_trail [6a4b75f7950d] on GBPUSD D1 via seed (8 trials)
  gen_tp_ema_recross_rvol_gate_trail [6a4b75f7950d] on NZDUSD H4 via seed (8 trials)
  gen_tp_ema_recross_rvol_gate_trail [6a4b75f7950d] on NZDUSD D1 via seed (8 trials)
  gen_tp_ema_recross_rvol_gate_trail [6a4b75f7950d] on UK100 H4 via seed (8 trials)
  gen_tp_ema_recross_rvol_gate_trail [6a4b75f7950d] on UK100 D1 via seed (8 trials)
  gen_tp_ema_recross_rvol_gate_trail [6a4b75f7950d] on US500 H4 via seed (8 trials)
  gen_tp_ema_recross_rvol_gate_trail [6a4b75f7950d] on US500 D1 via seed (8 trials)
  gen_tp_ema_recross_rvol_gate_trail [6a4b75f7950d] on USDCAD H4 via seed (8 trials)
  gen_tp_ema_recross_rvol_gate_trail [6a4b75f7950d] on USDCAD D1 via seed (8 trials)
  gen_tp_ema_recross_rvol_gate_trail [6a4b75f7950d] on USDCHF H4 via seed (8 trials)
  gen_tp_ema_recross_rvol_gate_trail [6a4b75f7950d] on USDCHF D1 via seed (8 trials)
  gen_tp_ema_recross_rvol_gate_trail [6a4b75f7950d] on USDJPY H4 via seed (8 trials)
  gen_tp_ema_recross_rvol_gate_trail [6a4b75f7950d] on USDJPY D1 via seed (8 trials)
  gen_tp_ema_recross_rvol_gate_trail [6a4b75f7950d] on XAGUSD H4 via seed (8 trials)
  gen_tp_ema_recross_rvol_gate_trail [6a4b75f7950d] on XAGUSD D1 via seed (8 trials)
  gen_tp_ema_recross_rvol_gate_trail [6a4b75f7950d] on XAUUSD H4 via seed (8 trials)
  gen_tp_ema_recross_rvol_gate_trail [6a4b75f7950d] on XAUUSD D1 via seed (8 trials)
  gen_tp_ema_recross_session_trail [94b7155aa6ba] on AUDUSD H4 via seed (8 trials)
  gen_tp_ema_recross_session_trail [94b7155aa6ba] on DE40 H4 via seed (8 trials)
  gen_tp_ema_recross_session_trail [94b7155aa6ba] on EURJPY H4 via seed (8 trials)
  gen_tp_ema_recross_session_trail [94b7155aa6ba] on EURUSD H4 via seed (8 trials)
  gen_tp_ema_recross_session_trail [94b7155aa6ba] on GBPJPY H4 via seed (8 trials)
  gen_tp_ema_recross_session_trail [94b7155aa6ba] on GBPUSD H4 via seed (8 trials)
  gen_tp_ema_recross_session_trail [94b7155aa6ba] on NZDUSD H4 via seed (8 trials)
  gen_tp_ema_recross_session_trail [94b7155aa6ba] on UK100 H4 via seed (8 trials)
  gen_tp_ema_recross_session_trail [94b7155aa6ba] on US500 H4 via seed (8 trials)
  gen_tp_ema_recross_session_trail [94b7155aa6ba] on USDCAD H4 via seed (8 trials)
  gen_tp_ema_recross_session_trail [94b7155aa6ba] on USDCHF H4 via seed (8 trials)
  gen_tp_ema_recross_session_trail [94b7155aa6ba] on USDJPY H4 via seed (8 trials)
  gen_tp_ema_recross_session_trail [94b7155aa6ba] on XAGUSD H4 via seed (8 trials)
  gen_tp_ema_recross_session_trail [94b7155aa6ba] on XAUUSD H4 via seed (8 trials)
  gen_tp_kc_recross_adx_gate_swing_tp_short [3f8924ccaf65] on AUDUSD H4 via seed (8 trials)
  gen_tp_kc_recross_adx_gate_swing_tp_short [3f8924ccaf65] on AUDUSD D1 via seed (8 trials)
  gen_tp_kc_recross_adx_gate_swing_tp_short [3f8924ccaf65] on DE40 H4 via seed (8 trials)
  gen_tp_kc_recross_adx_gate_swing_tp_short [3f8924ccaf65] on DE40 D1 via seed (8 trials)
  gen_tp_kc_recross_adx_gate_swing_tp_short [3f8924ccaf65] on EURJPY H4 via seed (8 trials)
  gen_tp_kc_recross_adx_gate_swing_tp_short [3f8924ccaf65] on EURJPY D1 via seed (8 trials)
  gen_tp_kc_recross_adx_gate_swing_tp_short [3f8924ccaf65] on EURUSD H4 via seed (8 trials)
  gen_tp_kc_recross_adx_gate_swing_tp_short [3f8924ccaf65] on EURUSD D1 via seed (8 trials)
  gen_tp_kc_recross_adx_gate_swing_tp_short [3f8924ccaf65] on GBPJPY H4 via seed (8 trials)
  gen_tp_kc_recross_adx_gate_swing_tp_short [3f8924ccaf65] on GBPJPY D1 via seed (8 trials)
  gen_tp_kc_recross_adx_gate_swing_tp_short [3f8924ccaf65] on GBPUSD H4 via seed (8 trials)
  gen_tp_kc_recross_adx_gate_swing_tp_short [3f8924ccaf65] on GBPUSD D1 via seed (8 trials)
  gen_tp_kc_recross_adx_gate_swing_tp_short [3f8924ccaf65] on NZDUSD H4 via seed (8 trials)
  gen_tp_kc_recross_adx_gate_swing_tp_short [3f8924ccaf65] on NZDUSD D1 via seed (8 trials)
  gen_tp_kc_recross_adx_gate_swing_tp_short [3f8924ccaf65] on UK100 H4 via seed (8 trials)
  gen_tp_kc_recross_adx_gate_swing_tp_short [3f8924ccaf65] on UK100 D1 via seed (8 trials)
  gen_tp_kc_recross_adx_gate_swing_tp_short [3f8924ccaf65] on US500 H4 via seed (8 trials)
  gen_tp_kc_recross_adx_gate_swing_tp_short [3f8924ccaf65] on US500 D1 via seed (8 trials)
  gen_tp_kc_recross_adx_gate_swing_tp_short [3f8924ccaf65] on USDCAD H4 via seed (8 trials)
  gen_tp_kc_recross_adx_gate_swing_tp_short [3f8924ccaf65] on USDCAD D1 via seed (8 trials)
  gen_tp_kc_recross_adx_gate_swing_tp_short [3f8924ccaf65] on USDCHF H4 via seed (8 trials)
  gen_tp_kc_recross_adx_gate_swing_tp_short [3f8924ccaf65] on USDCHF D1 via seed (8 trials)
  gen_tp_kc_recross_adx_gate_swing_tp_short [3f8924ccaf65] on USDJPY H4 via seed (8 trials)
  gen_tp_kc_recross_adx_gate_swing_tp_short [3f8924ccaf65] on USDJPY D1 via seed (8 trials)
  gen_tp_kc_recross_adx_gate_swing_tp_short [3f8924ccaf65] on XAGUSD H4 via seed (8 trials)
  gen_tp_kc_recross_adx_gate_swing_tp_short [3f8924ccaf65] on XAGUSD D1 via seed (8 trials)
  gen_tp_kc_recross_adx_gate_swing_tp_short [3f8924ccaf65] on XAUUSD H4 via seed (8 trials)
  gen_tp_kc_recross_adx_gate_swing_tp_short [3f8924ccaf65] on XAUUSD D1 via seed (8 trials)
  gen_tp_kc_recross_none_swing_tp_long [e5ec7922e6f0] on AUDUSD H4 via seed (8 trials)
  gen_tp_kc_recross_none_swing_tp_long [e5ec7922e6f0] on AUDUSD D1 via seed (8 trials)
  gen_tp_kc_recross_none_swing_tp_long [e5ec7922e6f0] on DE40 H4 via seed (8 trials)
  gen_tp_kc_recross_none_swing_tp_long [e5ec7922e6f0] on DE40 D1 via seed (8 trials)
  gen_tp_kc_recross_none_swing_tp_long [e5ec7922e6f0] on EURJPY H4 via seed (8 trials)
  gen_tp_kc_recross_none_swing_tp_long [e5ec7922e6f0] on EURJPY D1 via seed (8 trials)
  gen_tp_kc_recross_none_swing_tp_long [e5ec7922e6f0] on EURUSD H4 via seed (8 trials)
  gen_tp_kc_recross_none_swing_tp_long [e5ec7922e6f0] on EURUSD D1 via seed (8 trials)
  gen_tp_kc_recross_none_swing_tp_long [e5ec7922e6f0] on GBPJPY H4 via seed (8 trials)
  gen_tp_kc_recross_none_swing_tp_long [e5ec7922e6f0] on GBPJPY D1 via seed (8 trials)
  gen_tp_kc_recross_none_swing_tp_long [e5ec7922e6f0] on GBPUSD H4 via seed (8 trials)
  gen_tp_kc_recross_none_swing_tp_long [e5ec7922e6f0] on GBPUSD D1 via seed (8 trials)
  gen_tp_kc_recross_none_swing_tp_long [e5ec7922e6f0] on NZDUSD H4 via seed (8 trials)
  gen_tp_kc_recross_none_swing_tp_long [e5ec7922e6f0] on NZDUSD D1 via seed (8 trials)
  gen_tp_kc_recross_none_swing_tp_long [e5ec7922e6f0] on UK100 H4 via seed (8 trials)
  gen_tp_kc_recross_none_swing_tp_long [e5ec7922e6f0] on UK100 D1 via seed (8 trials)
  gen_tp_kc_recross_none_swing_tp_long [e5ec7922e6f0] on US500 H4 via seed (8 trials)
  gen_tp_kc_recross_none_swing_tp_long [e5ec7922e6f0] on US500 D1 via seed (8 trials)
  gen_tp_kc_recross_none_swing_tp_long [e5ec7922e6f0] on USDCAD H4 via seed (8 trials)
  gen_tp_kc_recross_none_swing_tp_long [e5ec7922e6f0] on USDCAD D1 via seed (8 trials)
  gen_tp_kc_recross_none_swing_tp_long [e5ec7922e6f0] on USDCHF H4 via seed (8 trials)
  gen_tp_kc_recross_none_swing_tp_long [e5ec7922e6f0] on USDCHF D1 via seed (8 trials)
  gen_tp_kc_recross_none_swing_tp_long [e5ec7922e6f0] on USDJPY H4 via seed (8 trials)
  gen_tp_kc_recross_none_swing_tp_long [e5ec7922e6f0] on USDJPY D1 via seed (8 trials)
  gen_tp_kc_recross_none_swing_tp_long [e5ec7922e6f0] on XAGUSD H4 via seed (8 trials)
  gen_tp_kc_recross_none_swing_tp_long [e5ec7922e6f0] on XAGUSD D1 via seed (8 trials)
  gen_tp_kc_recross_none_swing_tp_long [e5ec7922e6f0] on XAUUSD H4 via seed (8 trials)
  gen_tp_kc_recross_none_swing_tp_long [e5ec7922e6f0] on XAUUSD D1 via seed (8 trials)
  gen_tp_kc_recross_none_time_exit [c249b4b2fc52] on AUDUSD H4 via seed (8 trials)
  gen_tp_kc_recross_none_time_exit [c249b4b2fc52] on AUDUSD D1 via seed (8 trials)
  gen_tp_kc_recross_none_time_exit [c249b4b2fc52] on DE40 H4 via seed (8 trials)
  gen_tp_kc_recross_none_time_exit [c249b4b2fc52] on DE40 D1 via seed (8 trials)
  gen_tp_kc_recross_none_time_exit [c249b4b2fc52] on EURJPY H4 via seed (8 trials)
  gen_tp_kc_recross_none_time_exit [c249b4b2fc52] on EURJPY D1 via seed (8 trials)
  gen_tp_kc_recross_none_time_exit [c249b4b2fc52] on EURUSD H4 via seed (8 trials)
  gen_tp_kc_recross_none_time_exit [c249b4b2fc52] on EURUSD D1 via seed (8 trials)
  gen_tp_kc_recross_none_time_exit [c249b4b2fc52] on GBPJPY H4 via seed (8 trials)
  gen_tp_kc_recross_none_time_exit [c249b4b2fc52] on GBPJPY D1 via seed (8 trials)
  gen_tp_kc_recross_none_time_exit [c249b4b2fc52] on GBPUSD H4 via seed (8 trials)
  gen_tp_kc_recross_none_time_exit [c249b4b2fc52] on GBPUSD D1 via seed (8 trials)
  gen_tp_kc_recross_none_time_exit [c249b4b2fc52] on NZDUSD H4 via seed (8 trials)
  gen_tp_kc_recross_none_time_exit [c249b4b2fc52] on NZDUSD D1 via seed (8 trials)
  gen_tp_kc_recross_none_time_exit [c249b4b2fc52] on UK100 H4 via seed (8 trials)
  gen_tp_kc_recross_none_time_exit [c249b4b2fc52] on UK100 D1 via seed (8 trials)
  gen_tp_kc_recross_none_time_exit [c249b4b2fc52] on US500 H4 via seed (8 trials)
  gen_tp_kc_recross_none_time_exit [c249b4b2fc52] on US500 D1 via seed (8 trials)
  gen_tp_kc_recross_none_time_exit [c249b4b2fc52] on USDCAD H4 via seed (8 trials)
  gen_tp_kc_recross_none_time_exit [c249b4b2fc52] on USDCAD D1 via seed (8 trials)
  gen_tp_kc_recross_none_time_exit [c249b4b2fc52] on USDCHF H4 via seed (8 trials)
  gen_tp_kc_recross_none_time_exit [c249b4b2fc52] on USDCHF D1 via seed (8 trials)
  gen_tp_kc_recross_none_time_exit [c249b4b2fc52] on USDJPY H4 via seed (8 trials)
  gen_tp_kc_recross_none_time_exit [c249b4b2fc52] on USDJPY D1 via seed (8 trials)
  gen_tp_kc_recross_none_time_exit [c249b4b2fc52] on XAGUSD H4 via seed (8 trials)
  gen_tp_kc_recross_none_time_exit [c249b4b2fc52] on XAGUSD D1 via seed (8 trials)
  gen_tp_kc_recross_none_time_exit [c249b4b2fc52] on XAUUSD H4 via seed (8 trials)
  gen_tp_kc_recross_none_time_exit [c249b4b2fc52] on XAUUSD D1 via seed (8 trials)
  gen_tp_kc_recross_none_trail [1d153125d144] on AUDUSD H4 via seed (8 trials)
  gen_tp_kc_recross_none_trail [1d153125d144] on AUDUSD D1 via seed (8 trials)
  gen_tp_kc_recross_none_trail [1d153125d144] on DE40 H4 via seed (8 trials)
  gen_tp_kc_recross_none_trail [1d153125d144] on DE40 D1 via seed (8 trials)
  gen_tp_kc_recross_none_trail [1d153125d144] on EURJPY H4 via seed (8 trials)
  gen_tp_kc_recross_none_trail [1d153125d144] on EURJPY D1 via seed (8 trials)
  gen_tp_kc_recross_none_trail [1d153125d144] on EURUSD H4 via seed (8 trials)
  gen_tp_kc_recross_none_trail [1d153125d144] on EURUSD D1 via seed (8 trials)
  gen_tp_kc_recross_none_trail [1d153125d144] on GBPJPY H4 via seed (8 trials)
  gen_tp_kc_recross_none_trail [1d153125d144] on GBPJPY D1 via seed (8 trials)
  gen_tp_kc_recross_none_trail [1d153125d144] on GBPUSD H4 via seed (8 trials)
  gen_tp_kc_recross_none_trail [1d153125d144] on GBPUSD D1 via seed (8 trials)
  gen_tp_kc_recross_none_trail [1d153125d144] on NZDUSD H4 via seed (8 trials)
  gen_tp_kc_recross_none_trail [1d153125d144] on NZDUSD D1 via seed (8 trials)
  gen_tp_kc_recross_none_trail [1d153125d144] on UK100 H4 via seed (8 trials)
  gen_tp_kc_recross_none_trail [1d153125d144] on UK100 D1 via seed (8 trials)
  gen_tp_kc_recross_none_trail [1d153125d144] on US500 H4 via seed (8 trials)
  gen_tp_kc_recross_none_trail [1d153125d144] on US500 D1 via seed (8 trials)
  gen_tp_kc_recross_none_trail [1d153125d144] on USDCAD H4 via seed (8 trials)
  gen_tp_kc_recross_none_trail [1d153125d144] on USDCAD D1 via seed (8 trials)
  gen_tp_kc_recross_none_trail [1d153125d144] on USDCHF H4 via seed (8 trials)
  gen_tp_kc_recross_none_trail [1d153125d144] on USDCHF D1 via seed (8 trials)
  gen_tp_kc_recross_none_trail [1d153125d144] on USDJPY H4 via seed (8 trials)
  gen_tp_kc_recross_none_trail [1d153125d144] on USDJPY D1 via seed (8 trials)
  gen_tp_kc_recross_none_trail [1d153125d144] on XAGUSD H4 via seed (8 trials)
  gen_tp_kc_recross_none_trail [1d153125d144] on XAGUSD D1 via seed (8 trials)
  gen_tp_kc_recross_none_trail [1d153125d144] on XAUUSD H4 via seed (8 trials)
  gen_tp_kc_recross_none_trail [1d153125d144] on XAUUSD D1 via seed (8 trials)
  gen_tp_kc_recross_rvol_gate_time_exit [a3a052c528d3] on AUDUSD H4 via seed (8 trials)
  gen_tp_kc_recross_rvol_gate_time_exit [a3a052c528d3] on AUDUSD D1 via seed (8 trials)
  gen_tp_kc_recross_rvol_gate_time_exit [a3a052c528d3] on DE40 H4 via seed (8 trials)
  gen_tp_kc_recross_rvol_gate_time_exit [a3a052c528d3] on DE40 D1 via seed (8 trials)
  gen_tp_kc_recross_rvol_gate_time_exit [a3a052c528d3] on EURJPY H4 via seed (8 trials)
  gen_tp_kc_recross_rvol_gate_time_exit [a3a052c528d3] on EURJPY D1 via seed (8 trials)
  gen_tp_kc_recross_rvol_gate_time_exit [a3a052c528d3] on EURUSD H4 via seed (8 trials)
  gen_tp_kc_recross_rvol_gate_time_exit [a3a052c528d3] on EURUSD D1 via seed (8 trials)
  gen_tp_kc_recross_rvol_gate_time_exit [a3a052c528d3] on GBPJPY H4 via seed (8 trials)
  gen_tp_kc_recross_rvol_gate_time_exit [a3a052c528d3] on GBPJPY D1 via seed (8 trials)
  gen_tp_kc_recross_rvol_gate_time_exit [a3a052c528d3] on GBPUSD H4 via seed (8 trials)
  gen_tp_kc_recross_rvol_gate_time_exit [a3a052c528d3] on GBPUSD D1 via seed (8 trials)
  gen_tp_kc_recross_rvol_gate_time_exit [a3a052c528d3] on NZDUSD H4 via seed (8 trials)
  gen_tp_kc_recross_rvol_gate_time_exit [a3a052c528d3] on NZDUSD D1 via seed (8 trials)
  gen_tp_kc_recross_rvol_gate_time_exit [a3a052c528d3] on UK100 H4 via seed (8 trials)
  gen_tp_kc_recross_rvol_gate_time_exit [a3a052c528d3] on UK100 D1 via seed (8 trials)
  gen_tp_kc_recross_rvol_gate_time_exit [a3a052c528d3] on US500 H4 via seed (8 trials)
  gen_tp_kc_recross_rvol_gate_time_exit [a3a052c528d3] on US500 D1 via seed (8 trials)
  gen_tp_kc_recross_rvol_gate_time_exit [a3a052c528d3] on USDCAD H4 via seed (8 trials)
  gen_tp_kc_recross_rvol_gate_time_exit [a3a052c528d3] on USDCAD D1 via seed (8 trials)
  gen_tp_kc_recross_rvol_gate_time_exit [a3a052c528d3] on USDCHF H4 via seed (8 trials)
  gen_tp_kc_recross_rvol_gate_time_exit [a3a052c528d3] on USDCHF D1 via seed (8 trials)
  gen_tp_kc_recross_rvol_gate_time_exit [a3a052c528d3] on USDJPY H4 via seed (8 trials)
  gen_tp_kc_recross_rvol_gate_time_exit [a3a052c528d3] on USDJPY D1 via seed (8 trials)
  gen_tp_kc_recross_rvol_gate_time_exit [a3a052c528d3] on XAGUSD H4 via seed (8 trials)
  gen_tp_kc_recross_rvol_gate_time_exit [a3a052c528d3] on XAGUSD D1 via seed (8 trials)
  gen_tp_kc_recross_rvol_gate_time_exit [a3a052c528d3] on XAUUSD H4 via seed (8 trials)
  gen_tp_kc_recross_rvol_gate_time_exit [a3a052c528d3] on XAUUSD D1 via seed (8 trials)
  gen_tp_kc_recross_session_trail [c5c4af5c82da] on AUDUSD H4 via seed (8 trials)
  gen_tp_kc_recross_session_trail [c5c4af5c82da] on DE40 H4 via seed (8 trials)
  gen_tp_kc_recross_session_trail [c5c4af5c82da] on EURJPY H4 via seed (8 trials)
  gen_tp_kc_recross_session_trail [c5c4af5c82da] on EURUSD H4 via seed (8 trials)
  gen_tp_kc_recross_session_trail [c5c4af5c82da] on GBPJPY H4 via seed (8 trials)
  gen_tp_kc_recross_session_trail [c5c4af5c82da] on GBPUSD H4 via seed (8 trials)
  gen_tp_kc_recross_session_trail [c5c4af5c82da] on NZDUSD H4 via seed (8 trials)
  gen_tp_kc_recross_session_trail [c5c4af5c82da] on UK100 H4 via seed (8 trials)
  gen_tp_kc_recross_session_trail [c5c4af5c82da] on US500 H4 via seed (8 trials)
  gen_tp_kc_recross_session_trail [c5c4af5c82da] on USDCAD H4 via seed (8 trials)
  gen_tp_kc_recross_session_trail [c5c4af5c82da] on USDCHF H4 via seed (8 trials)
  gen_tp_kc_recross_session_trail [c5c4af5c82da] on USDJPY H4 via seed (8 trials)
  gen_tp_kc_recross_session_trail [c5c4af5c82da] on XAGUSD H4 via seed (8 trials)
  gen_tp_kc_recross_session_trail [c5c4af5c82da] on XAUUSD H4 via seed (8 trials)
  gen_tp_sma_recross_adx_gate_swing_tp_long [7e7d917548e5] on AUDUSD H4 via seed (8 trials)
  gen_tp_sma_recross_adx_gate_swing_tp_long [7e7d917548e5] on AUDUSD D1 via seed (8 trials)
  gen_tp_sma_recross_adx_gate_swing_tp_long [7e7d917548e5] on DE40 H4 via seed (8 trials)
  gen_tp_sma_recross_adx_gate_swing_tp_long [7e7d917548e5] on DE40 D1 via seed (8 trials)
  gen_tp_sma_recross_adx_gate_swing_tp_long [7e7d917548e5] on EURJPY H4 via seed (8 trials)
  gen_tp_sma_recross_adx_gate_swing_tp_long [7e7d917548e5] on EURJPY D1 via seed (8 trials)
  gen_tp_sma_recross_adx_gate_swing_tp_long [7e7d917548e5] on EURUSD H4 via seed (8 trials)
  gen_tp_sma_recross_adx_gate_swing_tp_long [7e7d917548e5] on EURUSD D1 via seed (8 trials)
  gen_tp_sma_recross_adx_gate_swing_tp_long [7e7d917548e5] on GBPJPY H4 via seed (8 trials)
  gen_tp_sma_recross_adx_gate_swing_tp_long [7e7d917548e5] on GBPJPY D1 via seed (8 trials)
  gen_tp_sma_recross_adx_gate_swing_tp_long [7e7d917548e5] on GBPUSD H4 via seed (8 trials)
  gen_tp_sma_recross_adx_gate_swing_tp_long [7e7d917548e5] on GBPUSD D1 via seed (8 trials)
  gen_tp_sma_recross_adx_gate_swing_tp_long [7e7d917548e5] on NZDUSD H4 via seed (8 trials)
  gen_tp_sma_recross_adx_gate_swing_tp_long [7e7d917548e5] on NZDUSD D1 via seed (8 trials)
  gen_tp_sma_recross_adx_gate_swing_tp_long [7e7d917548e5] on UK100 H4 via seed (8 trials)
  gen_tp_sma_recross_adx_gate_swing_tp_long [7e7d917548e5] on UK100 D1 via seed (8 trials)
  gen_tp_sma_recross_adx_gate_swing_tp_long [7e7d917548e5] on US500 H4 via seed (8 trials)
  gen_tp_sma_recross_adx_gate_swing_tp_long [7e7d917548e5] on US500 D1 via seed (8 trials)
  gen_tp_sma_recross_adx_gate_swing_tp_long [7e7d917548e5] on USDCAD H4 via seed (8 trials)
  gen_tp_sma_recross_adx_gate_swing_tp_long [7e7d917548e5] on USDCAD D1 via seed (8 trials)
  gen_tp_sma_recross_adx_gate_swing_tp_long [7e7d917548e5] on USDCHF H4 via seed (8 trials)
  gen_tp_sma_recross_adx_gate_swing_tp_long [7e7d917548e5] on USDCHF D1 via seed (8 trials)
  gen_tp_sma_recross_adx_gate_swing_tp_long [7e7d917548e5] on USDJPY H4 via seed (8 trials)
  gen_tp_sma_recross_adx_gate_swing_tp_long [7e7d917548e5] on USDJPY D1 via seed (8 trials)
  gen_tp_sma_recross_adx_gate_swing_tp_long [7e7d917548e5] on XAGUSD H4 via seed (8 trials)
  gen_tp_sma_recross_adx_gate_swing_tp_long [7e7d917548e5] on XAGUSD D1 via seed (8 trials)
  gen_tp_sma_recross_adx_gate_swing_tp_long [7e7d917548e5] on XAUUSD H4 via seed (8 trials)
  gen_tp_sma_recross_adx_gate_swing_tp_long [7e7d917548e5] on XAUUSD D1 via seed (8 trials)
  gen_tp_sma_recross_adx_gate_swing_tp_short [f83b5008fb19] on AUDUSD H4 via seed (8 trials)
  gen_tp_sma_recross_adx_gate_swing_tp_short [f83b5008fb19] on AUDUSD D1 via seed (8 trials)
  gen_tp_sma_recross_adx_gate_swing_tp_short [f83b5008fb19] on DE40 H4 via seed (8 trials)
  gen_tp_sma_recross_adx_gate_swing_tp_short [f83b5008fb19] on DE40 D1 via seed (8 trials)
  gen_tp_sma_recross_adx_gate_swing_tp_short [f83b5008fb19] on EURJPY H4 via seed (8 trials)
  gen_tp_sma_recross_adx_gate_swing_tp_short [f83b5008fb19] on EURJPY D1 via seed (8 trials)
  gen_tp_sma_recross_adx_gate_swing_tp_short [f83b5008fb19] on EURUSD H4 via seed (8 trials)
  gen_tp_sma_recross_adx_gate_swing_tp_short [f83b5008fb19] on EURUSD D1 via seed (8 trials)
  gen_tp_sma_recross_adx_gate_swing_tp_short [f83b5008fb19] on GBPJPY H4 via seed (8 trials)
  gen_tp_sma_recross_adx_gate_swing_tp_short [f83b5008fb19] on GBPJPY D1 via seed (8 trials)
  gen_tp_sma_recross_adx_gate_swing_tp_short [f83b5008fb19] on GBPUSD H4 via seed (8 trials)
  gen_tp_sma_recross_adx_gate_swing_tp_short [f83b5008fb19] on GBPUSD D1 via seed (8 trials)
  gen_tp_sma_recross_adx_gate_swing_tp_short [f83b5008fb19] on NZDUSD H4 via seed (8 trials)
  gen_tp_sma_recross_adx_gate_swing_tp_short [f83b5008fb19] on NZDUSD D1 via seed (8 trials)
  gen_tp_sma_recross_adx_gate_swing_tp_short [f83b5008fb19] on UK100 H4 via seed (8 trials)
  gen_tp_sma_recross_adx_gate_swing_tp_short [f83b5008fb19] on UK100 D1 via seed (8 trials)
  gen_tp_sma_recross_adx_gate_swing_tp_short [f83b5008fb19] on US500 H4 via seed (8 trials)
  gen_tp_sma_recross_adx_gate_swing_tp_short [f83b5008fb19] on US500 D1 via seed (8 trials)
  gen_tp_sma_recross_adx_gate_swing_tp_short [f83b5008fb19] on USDCAD H4 via seed (8 trials)
  gen_tp_sma_recross_adx_gate_swing_tp_short [f83b5008fb19] on USDCAD D1 via seed (8 trials)
  gen_tp_sma_recross_adx_gate_swing_tp_short [f83b5008fb19] on USDCHF H4 via seed (8 trials)
  gen_tp_sma_recross_adx_gate_swing_tp_short [f83b5008fb19] on USDCHF D1 via seed (8 trials)
  gen_tp_sma_recross_adx_gate_swing_tp_short [f83b5008fb19] on USDJPY H4 via seed (8 trials)
  gen_tp_sma_recross_adx_gate_swing_tp_short [f83b5008fb19] on USDJPY D1 via seed (8 trials)
  gen_tp_sma_recross_adx_gate_swing_tp_short [f83b5008fb19] on XAGUSD H4 via seed (8 trials)
  gen_tp_sma_recross_adx_gate_swing_tp_short [f83b5008fb19] on XAGUSD D1 via seed (8 trials)
  gen_tp_sma_recross_adx_gate_swing_tp_short [f83b5008fb19] on XAUUSD H4 via seed (8 trials)
  gen_tp_sma_recross_adx_gate_swing_tp_short [f83b5008fb19] on XAUUSD D1 via seed (8 trials)
  gen_tp_sma_recross_adx_gate_time_exit [448c91e8ef01] on AUDUSD H4 via seed (8 trials)
  gen_tp_sma_recross_adx_gate_time_exit [448c91e8ef01] on AUDUSD D1 via seed (8 trials)
  gen_tp_sma_recross_adx_gate_time_exit [448c91e8ef01] on DE40 H4 via seed (8 trials)
  gen_tp_sma_recross_adx_gate_time_exit [448c91e8ef01] on DE40 D1 via seed (8 trials)
  gen_tp_sma_recross_adx_gate_time_exit [448c91e8ef01] on EURJPY H4 via seed (8 trials)
  gen_tp_sma_recross_adx_gate_time_exit [448c91e8ef01] on EURJPY D1 via seed (8 trials)
  gen_tp_sma_recross_adx_gate_time_exit [448c91e8ef01] on EURUSD H4 via seed (8 trials)
  gen_tp_sma_recross_adx_gate_time_exit [448c91e8ef01] on EURUSD D1 via seed (8 trials)
  gen_tp_sma_recross_adx_gate_time_exit [448c91e8ef01] on GBPJPY H4 via seed (8 trials)
  gen_tp_sma_recross_adx_gate_time_exit [448c91e8ef01] on GBPJPY D1 via seed (8 trials)
  gen_tp_sma_recross_adx_gate_time_exit [448c91e8ef01] on GBPUSD H4 via seed (8 trials)
  gen_tp_sma_recross_adx_gate_time_exit [448c91e8ef01] on GBPUSD D1 via seed (8 trials)
  gen_tp_sma_recross_adx_gate_time_exit [448c91e8ef01] on NZDUSD H4 via seed (8 trials)
  gen_tp_sma_recross_adx_gate_time_exit [448c91e8ef01] on NZDUSD D1 via seed (8 trials)
  gen_tp_sma_recross_adx_gate_time_exit [448c91e8ef01] on UK100 H4 via seed (8 trials)
  gen_tp_sma_recross_adx_gate_time_exit [448c91e8ef01] on UK100 D1 via seed (8 trials)
  gen_tp_sma_recross_adx_gate_time_exit [448c91e8ef01] on US500 H4 via seed (8 trials)
  gen_tp_sma_recross_adx_gate_time_exit [448c91e8ef01] on US500 D1 via seed (8 trials)
  gen_tp_sma_recross_adx_gate_time_exit [448c91e8ef01] on USDCAD H4 via seed (8 trials)
  gen_tp_sma_recross_adx_gate_time_exit [448c91e8ef01] on USDCAD D1 via seed (8 trials)
  gen_tp_sma_recross_adx_gate_time_exit [448c91e8ef01] on USDCHF H4 via seed (8 trials)
  gen_tp_sma_recross_adx_gate_time_exit [448c91e8ef01] on USDCHF D1 via seed (8 trials)
  gen_tp_sma_recross_adx_gate_time_exit [448c91e8ef01] on USDJPY H4 via seed (8 trials)
  gen_tp_sma_recross_adx_gate_time_exit [448c91e8ef01] on USDJPY D1 via seed (8 trials)
  gen_tp_sma_recross_adx_gate_time_exit [448c91e8ef01] on XAGUSD H4 via seed (8 trials)
  gen_tp_sma_recross_adx_gate_time_exit [448c91e8ef01] on XAGUSD D1 via seed (8 trials)
  gen_tp_sma_recross_adx_gate_time_exit [448c91e8ef01] on XAUUSD H4 via seed (8 trials)
  gen_tp_sma_recross_adx_gate_time_exit [448c91e8ef01] on XAUUSD D1 via seed (8 trials)
  gen_tp_sma_recross_adx_gate_tp_r [6c5c55515945] on AUDUSD H4 via seed (8 trials)
  gen_tp_sma_recross_adx_gate_tp_r [6c5c55515945] on AUDUSD D1 via seed (8 trials)
  gen_tp_sma_recross_adx_gate_tp_r [6c5c55515945] on DE40 H4 via seed (8 trials)
  gen_tp_sma_recross_adx_gate_tp_r [6c5c55515945] on DE40 D1 via seed (8 trials)
  gen_tp_sma_recross_adx_gate_tp_r [6c5c55515945] on EURJPY H4 via seed (8 trials)
  gen_tp_sma_recross_adx_gate_tp_r [6c5c55515945] on EURJPY D1 via seed (8 trials)
  gen_tp_sma_recross_adx_gate_tp_r [6c5c55515945] on EURUSD H4 via seed (8 trials)
  gen_tp_sma_recross_adx_gate_tp_r [6c5c55515945] on EURUSD D1 via seed (8 trials)
  gen_tp_sma_recross_adx_gate_tp_r [6c5c55515945] on GBPJPY H4 via seed (8 trials)
  gen_tp_sma_recross_adx_gate_tp_r [6c5c55515945] on GBPJPY D1 via seed (8 trials)
  gen_tp_sma_recross_adx_gate_tp_r [6c5c55515945] on GBPUSD H4 via seed (8 trials)
  gen_tp_sma_recross_adx_gate_tp_r [6c5c55515945] on GBPUSD D1 via seed (8 trials)
  gen_tp_sma_recross_adx_gate_tp_r [6c5c55515945] on NZDUSD H4 via seed (8 trials)
  gen_tp_sma_recross_adx_gate_tp_r [6c5c55515945] on NZDUSD D1 via seed (8 trials)
  gen_tp_sma_recross_adx_gate_tp_r [6c5c55515945] on UK100 H4 via seed (8 trials)
  gen_tp_sma_recross_adx_gate_tp_r [6c5c55515945] on UK100 D1 via seed (8 trials)
  gen_tp_sma_recross_adx_gate_tp_r [6c5c55515945] on US500 H4 via seed (8 trials)
  gen_tp_sma_recross_adx_gate_tp_r [6c5c55515945] on US500 D1 via seed (8 trials)
  gen_tp_sma_recross_adx_gate_tp_r [6c5c55515945] on USDCAD H4 via seed (8 trials)
  gen_tp_sma_recross_adx_gate_tp_r [6c5c55515945] on USDCAD D1 via seed (8 trials)
  gen_tp_sma_recross_adx_gate_tp_r [6c5c55515945] on USDCHF H4 via seed (8 trials)
  gen_tp_sma_recross_adx_gate_tp_r [6c5c55515945] on USDCHF D1 via seed (8 trials)
  gen_tp_sma_recross_adx_gate_tp_r [6c5c55515945] on USDJPY H4 via seed (8 trials)
  gen_tp_sma_recross_adx_gate_tp_r [6c5c55515945] on USDJPY D1 via seed (8 trials)
  gen_tp_sma_recross_adx_gate_tp_r [6c5c55515945] on XAGUSD H4 via seed (8 trials)
  gen_tp_sma_recross_adx_gate_tp_r [6c5c55515945] on XAGUSD D1 via seed (8 trials)
  gen_tp_sma_recross_adx_gate_tp_r [6c5c55515945] on XAUUSD H4 via seed (8 trials)
  gen_tp_sma_recross_adx_gate_tp_r [6c5c55515945] on XAUUSD D1 via seed (8 trials)
  gen_tp_sma_recross_none_swing_tp_long [e14b48a926d9] on AUDUSD H4 via seed (8 trials)
  gen_tp_sma_recross_none_swing_tp_long [e14b48a926d9] on AUDUSD D1 via seed (8 trials)
  gen_tp_sma_recross_none_swing_tp_long [e14b48a926d9] on DE40 H4 via seed (8 trials)
  gen_tp_sma_recross_none_swing_tp_long [e14b48a926d9] on DE40 D1 via seed (8 trials)
  gen_tp_sma_recross_none_swing_tp_long [e14b48a926d9] on EURJPY H4 via seed (8 trials)
  gen_tp_sma_recross_none_swing_tp_long [e14b48a926d9] on EURJPY D1 via seed (8 trials)
  gen_tp_sma_recross_none_swing_tp_long [e14b48a926d9] on EURUSD H4 via seed (8 trials)
  gen_tp_sma_recross_none_swing_tp_long [e14b48a926d9] on EURUSD D1 via seed (8 trials)
  gen_tp_sma_recross_none_swing_tp_long [e14b48a926d9] on GBPJPY H4 via seed (8 trials)
  gen_tp_sma_recross_none_swing_tp_long [e14b48a926d9] on GBPJPY D1 via seed (8 trials)
  gen_tp_sma_recross_none_swing_tp_long [e14b48a926d9] on GBPUSD H4 via seed (8 trials)
  gen_tp_sma_recross_none_swing_tp_long [e14b48a926d9] on GBPUSD D1 via seed (8 trials)
  gen_tp_sma_recross_none_swing_tp_long [e14b48a926d9] on NZDUSD H4 via seed (8 trials)
  gen_tp_sma_recross_none_swing_tp_long [e14b48a926d9] on NZDUSD D1 via seed (8 trials)
  gen_tp_sma_recross_none_swing_tp_long [e14b48a926d9] on UK100 H4 via seed (8 trials)
  gen_tp_sma_recross_none_swing_tp_long [e14b48a926d9] on UK100 D1 via seed (8 trials)
  gen_tp_sma_recross_none_swing_tp_long [e14b48a926d9] on US500 H4 via seed (8 trials)
  gen_tp_sma_recross_none_swing_tp_long [e14b48a926d9] on US500 D1 via seed (8 trials)
  gen_tp_sma_recross_none_swing_tp_long [e14b48a926d9] on USDCAD H4 via seed (8 trials)
  gen_tp_sma_recross_none_swing_tp_long [e14b48a926d9] on USDCAD D1 via seed (8 trials)
  gen_tp_sma_recross_none_swing_tp_long [e14b48a926d9] on USDCHF H4 via seed (8 trials)
  gen_tp_sma_recross_none_swing_tp_long [e14b48a926d9] on USDCHF D1 via seed (8 trials)
  gen_tp_sma_recross_none_swing_tp_long [e14b48a926d9] on USDJPY H4 via seed (8 trials)
  gen_tp_sma_recross_none_swing_tp_long [e14b48a926d9] on USDJPY D1 via seed (8 trials)
  gen_tp_sma_recross_none_swing_tp_long [e14b48a926d9] on XAGUSD H4 via seed (8 trials)
  gen_tp_sma_recross_none_swing_tp_long [e14b48a926d9] on XAGUSD D1 via seed (8 trials)
  gen_tp_sma_recross_none_swing_tp_long [e14b48a926d9] on XAUUSD H4 via seed (8 trials)
  gen_tp_sma_recross_none_swing_tp_long [e14b48a926d9] on XAUUSD D1 via seed (8 trials)
  gen_tp_sma_recross_none_swing_tp_short [e096b6c7d9b1] on AUDUSD H4 via seed (8 trials)
  gen_tp_sma_recross_none_swing_tp_short [e096b6c7d9b1] on AUDUSD D1 via seed (8 trials)
  gen_tp_sma_recross_none_swing_tp_short [e096b6c7d9b1] on DE40 H4 via seed (8 trials)
  gen_tp_sma_recross_none_swing_tp_short [e096b6c7d9b1] on DE40 D1 via seed (8 trials)
  gen_tp_sma_recross_none_swing_tp_short [e096b6c7d9b1] on EURJPY H4 via seed (8 trials)
  gen_tp_sma_recross_none_swing_tp_short [e096b6c7d9b1] on EURJPY D1 via seed (8 trials)
  gen_tp_sma_recross_none_swing_tp_short [e096b6c7d9b1] on EURUSD H4 via seed (8 trials)
  gen_tp_sma_recross_none_swing_tp_short [e096b6c7d9b1] on EURUSD D1 via seed (8 trials)
  gen_tp_sma_recross_none_swing_tp_short [e096b6c7d9b1] on GBPJPY H4 via seed (8 trials)
  gen_tp_sma_recross_none_swing_tp_short [e096b6c7d9b1] on GBPJPY D1 via seed (8 trials)
  gen_tp_sma_recross_none_swing_tp_short [e096b6c7d9b1] on GBPUSD H4 via seed (8 trials)
  gen_tp_sma_recross_none_swing_tp_short [e096b6c7d9b1] on GBPUSD D1 via seed (8 trials)
  gen_tp_sma_recross_none_swing_tp_short [e096b6c7d9b1] on NZDUSD H4 via seed (8 trials)
  gen_tp_sma_recross_none_swing_tp_short [e096b6c7d9b1] on NZDUSD D1 via seed (8 trials)
  gen_tp_sma_recross_none_swing_tp_short [e096b6c7d9b1] on UK100 H4 via seed (8 trials)
  gen_tp_sma_recross_none_swing_tp_short [e096b6c7d9b1] on UK100 D1 via seed (8 trials)
  gen_tp_sma_recross_none_swing_tp_short [e096b6c7d9b1] on US500 H4 via seed (8 trials)
  gen_tp_sma_recross_none_swing_tp_short [e096b6c7d9b1] on US500 D1 via seed (8 trials)
  gen_tp_sma_recross_none_swing_tp_short [e096b6c7d9b1] on USDCAD H4 via seed (8 trials)
  gen_tp_sma_recross_none_swing_tp_short [e096b6c7d9b1] on USDCAD D1 via seed (8 trials)
  gen_tp_sma_recross_none_swing_tp_short [e096b6c7d9b1] on USDCHF H4 via seed (8 trials)
  gen_tp_sma_recross_none_swing_tp_short [e096b6c7d9b1] on USDCHF D1 via seed (8 trials)
  gen_tp_sma_recross_none_swing_tp_short [e096b6c7d9b1] on USDJPY H4 via seed (8 trials)
  gen_tp_sma_recross_none_swing_tp_short [e096b6c7d9b1] on USDJPY D1 via seed (8 trials)
  gen_tp_sma_recross_none_swing_tp_short [e096b6c7d9b1] on XAGUSD H4 via seed (8 trials)
  gen_tp_sma_recross_none_swing_tp_short [e096b6c7d9b1] on XAGUSD D1 via seed (8 trials)
  gen_tp_sma_recross_none_swing_tp_short [e096b6c7d9b1] on XAUUSD H4 via seed (8 trials)
  gen_tp_sma_recross_none_swing_tp_short [e096b6c7d9b1] on XAUUSD D1 via seed (8 trials)
  gen_tp_sma_recross_rvol_gate_tp_r [24c680a018b7] on AUDUSD H4 via seed (8 trials)
  gen_tp_sma_recross_rvol_gate_tp_r [24c680a018b7] on AUDUSD D1 via seed (8 trials)
  gen_tp_sma_recross_rvol_gate_tp_r [24c680a018b7] on DE40 H4 via seed (8 trials)
  gen_tp_sma_recross_rvol_gate_tp_r [24c680a018b7] on DE40 D1 via seed (8 trials)
  gen_tp_sma_recross_rvol_gate_tp_r [24c680a018b7] on EURJPY H4 via seed (8 trials)
  gen_tp_sma_recross_rvol_gate_tp_r [24c680a018b7] on EURJPY D1 via seed (8 trials)
  gen_tp_sma_recross_rvol_gate_tp_r [24c680a018b7] on EURUSD H4 via seed (8 trials)
  gen_tp_sma_recross_rvol_gate_tp_r [24c680a018b7] on EURUSD D1 via seed (8 trials)
  gen_tp_sma_recross_rvol_gate_tp_r [24c680a018b7] on GBPJPY H4 via seed (8 trials)
  gen_tp_sma_recross_rvol_gate_tp_r [24c680a018b7] on GBPJPY D1 via seed (8 trials)
  gen_tp_sma_recross_rvol_gate_tp_r [24c680a018b7] on GBPUSD H4 via seed (8 trials)
  gen_tp_sma_recross_rvol_gate_tp_r [24c680a018b7] on GBPUSD D1 via seed (8 trials)
  gen_tp_sma_recross_rvol_gate_tp_r [24c680a018b7] on NZDUSD H4 via seed (8 trials)
  gen_tp_sma_recross_rvol_gate_tp_r [24c680a018b7] on NZDUSD D1 via seed (8 trials)
  gen_tp_sma_recross_rvol_gate_tp_r [24c680a018b7] on UK100 H4 via seed (8 trials)
  gen_tp_sma_recross_rvol_gate_tp_r [24c680a018b7] on UK100 D1 via seed (8 trials)
  gen_tp_sma_recross_rvol_gate_tp_r [24c680a018b7] on US500 H4 via seed (8 trials)
  gen_tp_sma_recross_rvol_gate_tp_r [24c680a018b7] on US500 D1 via seed (8 trials)
  gen_tp_sma_recross_rvol_gate_tp_r [24c680a018b7] on USDCAD H4 via seed (8 trials)
  gen_tp_sma_recross_rvol_gate_tp_r [24c680a018b7] on USDCAD D1 via seed (8 trials)
  gen_tp_sma_recross_rvol_gate_tp_r [24c680a018b7] on USDCHF H4 via seed (8 trials)
  gen_tp_sma_recross_rvol_gate_tp_r [24c680a018b7] on USDCHF D1 via seed (8 trials)
  gen_tp_sma_recross_rvol_gate_tp_r [24c680a018b7] on USDJPY H4 via seed (8 trials)
  gen_tp_sma_recross_rvol_gate_tp_r [24c680a018b7] on USDJPY D1 via seed (8 trials)
  gen_tp_sma_recross_rvol_gate_tp_r [24c680a018b7] on XAGUSD H4 via seed (8 trials)
  gen_tp_sma_recross_rvol_gate_tp_r [24c680a018b7] on XAGUSD D1 via seed (8 trials)
  gen_tp_sma_recross_rvol_gate_tp_r [24c680a018b7] on XAUUSD H4 via seed (8 trials)
  gen_tp_sma_recross_rvol_gate_tp_r [24c680a018b7] on XAUUSD D1 via seed (8 trials)
  gen_tp_sma_recross_rvol_gate_trail [9732ca1f0157] on AUDUSD H4 via seed (8 trials)
  gen_tp_sma_recross_rvol_gate_trail [9732ca1f0157] on AUDUSD D1 via seed (8 trials)
  gen_tp_sma_recross_rvol_gate_trail [9732ca1f0157] on DE40 H4 via seed (8 trials)
  gen_tp_sma_recross_rvol_gate_trail [9732ca1f0157] on DE40 D1 via seed (8 trials)
  gen_tp_sma_recross_rvol_gate_trail [9732ca1f0157] on EURJPY H4 via seed (8 trials)
  gen_tp_sma_recross_rvol_gate_trail [9732ca1f0157] on EURJPY D1 via seed (8 trials)
  gen_tp_sma_recross_rvol_gate_trail [9732ca1f0157] on EURUSD H4 via seed (8 trials)
  gen_tp_sma_recross_rvol_gate_trail [9732ca1f0157] on EURUSD D1 via seed (8 trials)
  gen_tp_sma_recross_rvol_gate_trail [9732ca1f0157] on GBPJPY H4 via seed (8 trials)
  gen_tp_sma_recross_rvol_gate_trail [9732ca1f0157] on GBPJPY D1 via seed (8 trials)
  gen_tp_sma_recross_rvol_gate_trail [9732ca1f0157] on GBPUSD H4 via seed (8 trials)
  gen_tp_sma_recross_rvol_gate_trail [9732ca1f0157] on GBPUSD D1 via seed (8 trials)
  gen_tp_sma_recross_rvol_gate_trail [9732ca1f0157] on NZDUSD H4 via seed (8 trials)
  gen_tp_sma_recross_rvol_gate_trail [9732ca1f0157] on NZDUSD D1 via seed (8 trials)
  gen_tp_sma_recross_rvol_gate_trail [9732ca1f0157] on UK100 H4 via seed (8 trials)
  gen_tp_sma_recross_rvol_gate_trail [9732ca1f0157] on UK100 D1 via seed (8 trials)
  gen_tp_sma_recross_rvol_gate_trail [9732ca1f0157] on US500 H4 via seed (8 trials)
  gen_tp_sma_recross_rvol_gate_trail [9732ca1f0157] on US500 D1 via seed (8 trials)
  gen_tp_sma_recross_rvol_gate_trail [9732ca1f0157] on USDCAD H4 via seed (8 trials)
  gen_tp_sma_recross_rvol_gate_trail [9732ca1f0157] on USDCAD D1 via seed (8 trials)
  gen_tp_sma_recross_rvol_gate_trail [9732ca1f0157] on USDCHF H4 via seed (8 trials)
  gen_tp_sma_recross_rvol_gate_trail [9732ca1f0157] on USDCHF D1 via seed (8 trials)
  gen_tp_sma_recross_rvol_gate_trail [9732ca1f0157] on USDJPY H4 via seed (8 trials)
  gen_tp_sma_recross_rvol_gate_trail [9732ca1f0157] on USDJPY D1 via seed (8 trials)
  gen_tp_sma_recross_rvol_gate_trail [9732ca1f0157] on XAGUSD H4 via seed (8 trials)
  gen_tp_sma_recross_rvol_gate_trail [9732ca1f0157] on XAGUSD D1 via seed (8 trials)
  gen_tp_sma_recross_rvol_gate_trail [9732ca1f0157] on XAUUSD H4 via seed (8 trials)
  gen_tp_sma_recross_rvol_gate_trail [9732ca1f0157] on XAUUSD D1 via seed (8 trials)
  gen_tp_sma_recross_session_swing_tp_short [f0dd966660e4] on AUDUSD H4 via seed (8 trials)
  gen_tp_sma_recross_session_swing_tp_short [f0dd966660e4] on DE40 H4 via seed (8 trials)
  gen_tp_sma_recross_session_swing_tp_short [f0dd966660e4] on EURJPY H4 via seed (8 trials)
  gen_tp_sma_recross_session_swing_tp_short [f0dd966660e4] on EURUSD H4 via seed (8 trials)
  gen_tp_sma_recross_session_swing_tp_short [f0dd966660e4] on GBPJPY H4 via seed (8 trials)
  gen_tp_sma_recross_session_swing_tp_short [f0dd966660e4] on GBPUSD H4 via seed (8 trials)
  gen_tp_sma_recross_session_swing_tp_short [f0dd966660e4] on NZDUSD H4 via seed (8 trials)
  gen_tp_sma_recross_session_swing_tp_short [f0dd966660e4] on UK100 H4 via seed (8 trials)
  gen_tp_sma_recross_session_swing_tp_short [f0dd966660e4] on US500 H4 via seed (8 trials)
  gen_tp_sma_recross_session_swing_tp_short [f0dd966660e4] on USDCAD H4 via seed (8 trials)
  gen_tp_sma_recross_session_swing_tp_short [f0dd966660e4] on USDCHF H4 via seed (8 trials)
  gen_tp_sma_recross_session_swing_tp_short [f0dd966660e4] on USDJPY H4 via seed (8 trials)
  gen_tp_sma_recross_session_swing_tp_short [f0dd966660e4] on XAGUSD H4 via seed (8 trials)
  gen_tp_sma_recross_session_swing_tp_short [f0dd966660e4] on XAUUSD H4 via seed (8 trials)
  gen_tp_sma_recross_session_time_exit [d90bdd22681e] on AUDUSD H4 via seed (8 trials)
  gen_tp_sma_recross_session_time_exit [d90bdd22681e] on DE40 H4 via seed (8 trials)
  gen_tp_sma_recross_session_time_exit [d90bdd22681e] on EURJPY H4 via seed (8 trials)
  gen_tp_sma_recross_session_time_exit [d90bdd22681e] on EURUSD H4 via seed (8 trials)
  gen_tp_sma_recross_session_time_exit [d90bdd22681e] on GBPJPY H4 via seed (8 trials)
  gen_tp_sma_recross_session_time_exit [d90bdd22681e] on GBPUSD H4 via seed (8 trials)
  gen_tp_sma_recross_session_time_exit [d90bdd22681e] on NZDUSD H4 via seed (8 trials)
  gen_tp_sma_recross_session_time_exit [d90bdd22681e] on UK100 H4 via seed (8 trials)
  gen_tp_sma_recross_session_time_exit [d90bdd22681e] on US500 H4 via seed (8 trials)
  gen_tp_sma_recross_session_time_exit [d90bdd22681e] on USDCAD H4 via seed (8 trials)
  gen_tp_sma_recross_session_time_exit [d90bdd22681e] on USDCHF H4 via seed (8 trials)
  gen_tp_sma_recross_session_time_exit [d90bdd22681e] on USDJPY H4 via seed (8 trials)
  gen_tp_sma_recross_session_time_exit [d90bdd22681e] on XAGUSD H4 via seed (8 trials)
  gen_tp_sma_recross_session_time_exit [d90bdd22681e] on XAUUSD H4 via seed (8 trials)

  SKIP donchian_breakout_atr on AUDJPY H4: out_of_universe -- donchian_breakout_atr declares universe ['EURUSD', 'GBPUSD', 'USDJPY', 'AUDUSD', 'USDCAD', 'USDCHF', 'NZDUSD', 'EURJPY', 'GBPJPY', 'XAUUSD', 'US5
  SKIP donchian_breakout_atr on AUDJPY D1: out_of_universe -- donchian_breakout_atr declares universe ['EURUSD', 'GBPUSD', 'USDJPY', 'AUDUSD', 'USDCAD', 'USDCHF', 'NZDUSD', 'EURJPY', 'GBPJPY', 'XAUUSD', 'US5
  SKIP donchian_breakout_atr on EURGBP H4: out_of_universe -- donchian_breakout_atr declares universe ['EURUSD', 'GBPUSD', 'USDJPY', 'AUDUSD', 'USDCAD', 'USDCHF', 'NZDUSD', 'EURJPY', 'GBPJPY', 'XAUUSD', 'US5
  SKIP donchian_breakout_atr on EURGBP D1: out_of_universe -- donchian_breakout_atr declares universe ['EURUSD', 'GBPUSD', 'USDJPY', 'AUDUSD', 'USDCAD', 'USDCHF', 'NZDUSD', 'EURJPY', 'GBPJPY', 'XAUUSD', 'US5
  SKIP donchian_breakout_atr on UK100 H4: out_of_universe -- donchian_breakout_atr declares universe ['EURUSD', 'GBPUSD', 'USDJPY', 'AUDUSD', 'USDCAD', 'USDCHF', 'NZDUSD', 'EURJPY', 'GBPJPY', 'XAUUSD', 'US50
  SKIP donchian_breakout_atr on UK100 D1: out_of_universe -- donchian_breakout_atr declares universe ['EURUSD', 'GBPUSD', 'USDJPY', 'AUDUSD', 'USDCAD', 'USDCHF', 'NZDUSD', 'EURJPY', 'GBPJPY', 'XAUUSD', 'US50
  SKIP donchian_breakout_atr on XAGUSD H4: out_of_universe -- donchian_breakout_atr declares universe ['EURUSD', 'GBPUSD', 'USDJPY', 'AUDUSD', 'USDCAD', 'USDCHF', 'NZDUSD', 'EURJPY', 'GBPJPY', 'XAUUSD', 'US5
  SKIP donchian_breakout_atr on XAGUSD D1: out_of_universe -- donchian_breakout_atr declares universe ['EURUSD', 'GBPUSD', 'USDJPY', 'AUDUSD', 'USDCAD', 'USDCHF', 'NZDUSD', 'EURJPY', 'GBPJPY', 'XAUUSD', 'US5
  SKIP fib_golden_pocket_pullback on AUDJPY H4: out_of_universe -- fib_golden_pocket_pullback declares universe ['EURUSD', 'GBPUSD', 'USDJPY', 'AUDUSD', 'USDCAD', 'USDCHF', 'NZDUSD', 'EURJPY', 'GBPJPY', 'XAU
  SKIP fib_golden_pocket_pullback on AUDJPY D1: out_of_universe -- fib_golden_pocket_pullback declares universe ['EURUSD', 'GBPUSD', 'USDJPY', 'AUDUSD', 'USDCAD', 'USDCHF', 'NZDUSD', 'EURJPY', 'GBPJPY', 'XAU
  SKIP fib_golden_pocket_pullback on EURGBP H4: out_of_universe -- fib_golden_pocket_pullback declares universe ['EURUSD', 'GBPUSD', 'USDJPY', 'AUDUSD', 'USDCAD', 'USDCHF', 'NZDUSD', 'EURJPY', 'GBPJPY', 'XAU
  SKIP fib_golden_pocket_pullback on EURGBP D1: out_of_universe -- fib_golden_pocket_pullback declares universe ['EURUSD', 'GBPUSD', 'USDJPY', 'AUDUSD', 'USDCAD', 'USDCHF', 'NZDUSD', 'EURJPY', 'GBPJPY', 'XAU
  SKIP fib_golden_pocket_pullback on UK100 H4: out_of_universe -- fib_golden_pocket_pullback declares universe ['EURUSD', 'GBPUSD', 'USDJPY', 'AUDUSD', 'USDCAD', 'USDCHF', 'NZDUSD', 'EURJPY', 'GBPJPY', 'XAUU
  SKIP fib_golden_pocket_pullback on UK100 D1: out_of_universe -- fib_golden_pocket_pullback declares universe ['EURUSD', 'GBPUSD', 'USDJPY', 'AUDUSD', 'USDCAD', 'USDCHF', 'NZDUSD', 'EURJPY', 'GBPJPY', 'XAUU
  SKIP fib_golden_pocket_pullback on XAGUSD H4: out_of_universe -- fib_golden_pocket_pullback declares universe ['EURUSD', 'GBPUSD', 'USDJPY', 'AUDUSD', 'USDCAD', 'USDCHF', 'NZDUSD', 'EURJPY', 'GBPJPY', 'XAU
  SKIP fib_golden_pocket_pullback on XAGUSD D1: out_of_universe -- fib_golden_pocket_pullback declares universe ['EURUSD', 'GBPUSD', 'USDJPY', 'AUDUSD', 'USDCAD', 'USDCHF', 'NZDUSD', 'EURJPY', 'GBPJPY', 'XAU
  SKIP ichimoku_kumo_trend on AUDJPY H4: out_of_universe -- ichimoku_kumo_trend declares universe ['EURUSD', 'GBPUSD', 'USDJPY', 'AUDUSD', 'USDCAD', 'USDCHF', 'NZDUSD', 'EURJPY', 'GBPJPY', 'XAUUSD', 'US500',
  SKIP ichimoku_kumo_trend on AUDJPY D1: out_of_universe -- ichimoku_kumo_trend declares universe ['EURUSD', 'GBPUSD', 'USDJPY', 'AUDUSD', 'USDCAD', 'USDCHF', 'NZDUSD', 'EURJPY', 'GBPJPY', 'XAUUSD', 'US500',
  SKIP ichimoku_kumo_trend on EURGBP H4: out_of_universe -- ichimoku_kumo_trend declares universe ['EURUSD', 'GBPUSD', 'USDJPY', 'AUDUSD', 'USDCAD', 'USDCHF', 'NZDUSD', 'EURJPY', 'GBPJPY', 'XAUUSD', 'US500',
  SKIP ichimoku_kumo_trend on EURGBP D1: out_of_universe -- ichimoku_kumo_trend declares universe ['EURUSD', 'GBPUSD', 'USDJPY', 'AUDUSD', 'USDCAD', 'USDCHF', 'NZDUSD', 'EURJPY', 'GBPJPY', 'XAUUSD', 'US500',
  SKIP ichimoku_kumo_trend on UK100 H4: out_of_universe -- ichimoku_kumo_trend declares universe ['EURUSD', 'GBPUSD', 'USDJPY', 'AUDUSD', 'USDCAD', 'USDCHF', 'NZDUSD', 'EURJPY', 'GBPJPY', 'XAUUSD', 'US500', 
  SKIP ichimoku_kumo_trend on UK100 D1: out_of_universe -- ichimoku_kumo_trend declares universe ['EURUSD', 'GBPUSD', 'USDJPY', 'AUDUSD', 'USDCAD', 'USDCHF', 'NZDUSD', 'EURJPY', 'GBPJPY', 'XAUUSD', 'US500', 
  SKIP ichimoku_kumo_trend on XAGUSD H4: out_of_universe -- ichimoku_kumo_trend declares universe ['EURUSD', 'GBPUSD', 'USDJPY', 'AUDUSD', 'USDCAD', 'USDCHF', 'NZDUSD', 'EURJPY', 'GBPJPY', 'XAUUSD', 'US500',
  SKIP ichimoku_kumo_trend on XAGUSD D1: out_of_universe -- ichimoku_kumo_trend declares universe ['EURUSD', 'GBPUSD', 'USDJPY', 'AUDUSD', 'USDCAD', 'USDCHF', 'NZDUSD', 'EURJPY', 'GBPJPY', 'XAUUSD', 'US500',
  SKIP macd_ema_trend_hybrid on AUDJPY H4: out_of_universe -- macd_ema_trend_hybrid declares universe ['EURUSD', 'GBPUSD', 'USDJPY', 'AUDUSD', 'USDCAD', 'USDCHF', 'NZDUSD', 'EURJPY', 'GBPJPY', 'XAUUSD', 'US5
  SKIP macd_ema_trend_hybrid on AUDJPY D1: out_of_universe -- macd_ema_trend_hybrid declares universe ['EURUSD', 'GBPUSD', 'USDJPY', 'AUDUSD', 'USDCAD', 'USDCHF', 'NZDUSD', 'EURJPY', 'GBPJPY', 'XAUUSD', 'US5
  SKIP macd_ema_trend_hybrid on EURGBP H4: out_of_universe -- macd_ema_trend_hybrid declares universe ['EURUSD', 'GBPUSD', 'USDJPY', 'AUDUSD', 'USDCAD', 'USDCHF', 'NZDUSD', 'EURJPY', 'GBPJPY', 'XAUUSD', 'US5
  SKIP macd_ema_trend_hybrid on EURGBP D1: out_of_universe -- macd_ema_trend_hybrid declares universe ['EURUSD', 'GBPUSD', 'USDJPY', 'AUDUSD', 'USDCAD', 'USDCHF', 'NZDUSD', 'EURJPY', 'GBPJPY', 'XAUUSD', 'US5
  SKIP macd_ema_trend_hybrid on UK100 H4: out_of_universe -- macd_ema_trend_hybrid declares universe ['EURUSD', 'GBPUSD', 'USDJPY', 'AUDUSD', 'USDCAD', 'USDCHF', 'NZDUSD', 'EURJPY', 'GBPJPY', 'XAUUSD', 'US50
  SKIP macd_ema_trend_hybrid on UK100 D1: out_of_universe -- macd_ema_trend_hybrid declares universe ['EURUSD', 'GBPUSD', 'USDJPY', 'AUDUSD', 'USDCAD', 'USDCHF', 'NZDUSD', 'EURJPY', 'GBPJPY', 'XAUUSD', 'US50
  SKIP macd_ema_trend_hybrid on XAGUSD H4: out_of_universe -- macd_ema_trend_hybrid declares universe ['EURUSD', 'GBPUSD', 'USDJPY', 'AUDUSD', 'USDCAD', 'USDCHF', 'NZDUSD', 'EURJPY', 'GBPJPY', 'XAUUSD', 'US5
  SKIP macd_ema_trend_hybrid on XAGUSD D1: out_of_universe -- macd_ema_trend_hybrid declares universe ['EURUSD', 'GBPUSD', 'USDJPY', 'AUDUSD', 'USDCAD', 'USDCHF', 'NZDUSD', 'EURJPY', 'GBPJPY', 'XAUUSD', 'US5
  SKIP rsi_band_mean_reversion on AUDJPY H4: out_of_universe -- rsi_band_mean_reversion declares universe ['EURUSD', 'GBPUSD', 'USDJPY', 'AUDUSD', 'USDCAD', 'USDCHF', 'NZDUSD', 'EURGBP', 'AUDNZD', 'EURCHF'] 
  SKIP rsi_band_mean_reversion on AUDJPY D1: out_of_universe -- rsi_band_mean_reversion declares universe ['EURUSD', 'GBPUSD', 'USDJPY', 'AUDUSD', 'USDCAD', 'USDCHF', 'NZDUSD', 'EURGBP', 'AUDNZD', 'EURCHF'] 
  SKIP rsi_band_mean_reversion on AUDUSD D1: out_of_universe -- rsi_band_mean_reversion declares universe ['EURUSD', 'GBPUSD', 'USDJPY', 'AUDUSD', 'USDCAD', 'USDCHF', 'NZDUSD', 'EURGBP', 'AUDNZD', 'EURCHF'] 
  SKIP rsi_band_mean_reversion on DE40 H4: out_of_universe -- rsi_band_mean_reversion declares universe ['EURUSD', 'GBPUSD', 'USDJPY', 'AUDUSD', 'USDCAD', 'USDCHF', 'NZDUSD', 'EURGBP', 'AUDNZD', 'EURCHF'] an
  SKIP rsi_band_mean_reversion on DE40 D1: out_of_universe -- rsi_band_mean_reversion declares universe ['EURUSD', 'GBPUSD', 'USDJPY', 'AUDUSD', 'USDCAD', 'USDCHF', 'NZDUSD', 'EURGBP', 'AUDNZD', 'EURCHF'] an
  SKIP rsi_band_mean_reversion on EURGBP D1: out_of_universe -- rsi_band_mean_reversion declares universe ['EURUSD', 'GBPUSD', 'USDJPY', 'AUDUSD', 'USDCAD', 'USDCHF', 'NZDUSD', 'EURGBP', 'AUDNZD', 'EURCHF'] 
  SKIP rsi_band_mean_reversion on EURJPY H4: out_of_universe -- rsi_band_mean_reversion declares universe ['EURUSD', 'GBPUSD', 'USDJPY', 'AUDUSD', 'USDCAD', 'USDCHF', 'NZDUSD', 'EURGBP', 'AUDNZD', 'EURCHF'] 
  SKIP rsi_band_mean_reversion on EURJPY D1: out_of_universe -- rsi_band_mean_reversion declares universe ['EURUSD', 'GBPUSD', 'USDJPY', 'AUDUSD', 'USDCAD', 'USDCHF', 'NZDUSD', 'EURGBP', 'AUDNZD', 'EURCHF'] 
  SKIP rsi_band_mean_reversion on EURUSD D1: out_of_universe -- rsi_band_mean_reversion declares universe ['EURUSD', 'GBPUSD', 'USDJPY', 'AUDUSD', 'USDCAD', 'USDCHF', 'NZDUSD', 'EURGBP', 'AUDNZD', 'EURCHF'] 
  SKIP rsi_band_mean_reversion on GBPJPY H4: out_of_universe -- rsi_band_mean_reversion declares universe ['EURUSD', 'GBPUSD', 'USDJPY', 'AUDUSD', 'USDCAD', 'USDCHF', 'NZDUSD', 'EURGBP', 'AUDNZD', 'EURCHF'] 
  SKIP rsi_band_mean_reversion on GBPJPY D1: out_of_universe -- rsi_band_mean_reversion declares universe ['EURUSD', 'GBPUSD', 'USDJPY', 'AUDUSD', 'USDCAD', 'USDCHF', 'NZDUSD', 'EURGBP', 'AUDNZD', 'EURCHF'] 
  SKIP rsi_band_mean_reversion on GBPUSD D1: out_of_universe -- rsi_band_mean_reversion declares universe ['EURUSD', 'GBPUSD', 'USDJPY', 'AUDUSD', 'USDCAD', 'USDCHF', 'NZDUSD', 'EURGBP', 'AUDNZD', 'EURCHF'] 
  SKIP rsi_band_mean_reversion on NZDUSD D1: out_of_universe -- rsi_band_mean_reversion declares universe ['EURUSD', 'GBPUSD', 'USDJPY', 'AUDUSD', 'USDCAD', 'USDCHF', 'NZDUSD', 'EURGBP', 'AUDNZD', 'EURCHF'] 
  SKIP rsi_band_mean_reversion on UK100 H4: out_of_universe -- rsi_band_mean_reversion declares universe ['EURUSD', 'GBPUSD', 'USDJPY', 'AUDUSD', 'USDCAD', 'USDCHF', 'NZDUSD', 'EURGBP', 'AUDNZD', 'EURCHF'] a
  SKIP rsi_band_mean_reversion on UK100 D1: out_of_universe -- rsi_band_mean_reversion declares universe ['EURUSD', 'GBPUSD', 'USDJPY', 'AUDUSD', 'USDCAD', 'USDCHF', 'NZDUSD', 'EURGBP', 'AUDNZD', 'EURCHF'] a
  SKIP rsi_band_mean_reversion on US500 H4: out_of_universe -- rsi_band_mean_reversion declares universe ['EURUSD', 'GBPUSD', 'USDJPY', 'AUDUSD', 'USDCAD', 'USDCHF', 'NZDUSD', 'EURGBP', 'AUDNZD', 'EURCHF'] a
  SKIP rsi_band_mean_reversion on US500 D1: out_of_universe -- rsi_band_mean_reversion declares universe ['EURUSD', 'GBPUSD', 'USDJPY', 'AUDUSD', 'USDCAD', 'USDCHF', 'NZDUSD', 'EURGBP', 'AUDNZD', 'EURCHF'] a
  SKIP rsi_band_mean_reversion on USDCAD D1: out_of_universe -- rsi_band_mean_reversion declares universe ['EURUSD', 'GBPUSD', 'USDJPY', 'AUDUSD', 'USDCAD', 'USDCHF', 'NZDUSD', 'EURGBP', 'AUDNZD', 'EURCHF'] 
  SKIP rsi_band_mean_reversion on USDCHF D1: out_of_universe -- rsi_band_mean_reversion declares universe ['EURUSD', 'GBPUSD', 'USDJPY', 'AUDUSD', 'USDCAD', 'USDCHF', 'NZDUSD', 'EURGBP', 'AUDNZD', 'EURCHF'] 
  SKIP rsi_band_mean_reversion on USDJPY D1: out_of_universe -- rsi_band_mean_reversion declares universe ['EURUSD', 'GBPUSD', 'USDJPY', 'AUDUSD', 'USDCAD', 'USDCHF', 'NZDUSD', 'EURGBP', 'AUDNZD', 'EURCHF'] 
  SKIP rsi_band_mean_reversion on XAGUSD H4: out_of_universe -- rsi_band_mean_reversion declares universe ['EURUSD', 'GBPUSD', 'USDJPY', 'AUDUSD', 'USDCAD', 'USDCHF', 'NZDUSD', 'EURGBP', 'AUDNZD', 'EURCHF'] 
  SKIP rsi_band_mean_reversion on XAGUSD D1: out_of_universe -- rsi_band_mean_reversion declares universe ['EURUSD', 'GBPUSD', 'USDJPY', 'AUDUSD', 'USDCAD', 'USDCHF', 'NZDUSD', 'EURGBP', 'AUDNZD', 'EURCHF'] 
  SKIP rsi_band_mean_reversion on XAUUSD H4: out_of_universe -- rsi_band_mean_reversion declares universe ['EURUSD', 'GBPUSD', 'USDJPY', 'AUDUSD', 'USDCAD', 'USDCHF', 'NZDUSD', 'EURGBP', 'AUDNZD', 'EURCHF'] 
  SKIP rsi_band_mean_reversion on XAUUSD D1: out_of_universe -- rsi_band_mean_reversion declares universe ['EURUSD', 'GBPUSD', 'USDJPY', 'AUDUSD', 'USDCAD', 'USDCHF', 'NZDUSD', 'EURGBP', 'AUDNZD', 'EURCHF'] 
  SKIP tsmom_dual_horizon on AUDJPY H4: out_of_universe -- tsmom_dual_horizon declares universe ['EURUSD', 'GBPUSD', 'USDJPY', 'AUDUSD', 'USDCAD', 'USDCHF', 'NZDUSD', 'XAUUSD', 'US500', 'DE40'] and timeframe
  SKIP tsmom_dual_horizon on AUDJPY D1: out_of_universe -- tsmom_dual_horizon declares universe ['EURUSD', 'GBPUSD', 'USDJPY', 'AUDUSD', 'USDCAD', 'USDCHF', 'NZDUSD', 'XAUUSD', 'US500', 'DE40'] and timeframe
  SKIP tsmom_dual_horizon on EURGBP H4: out_of_universe -- tsmom_dual_horizon declares universe ['EURUSD', 'GBPUSD', 'USDJPY', 'AUDUSD', 'USDCAD', 'USDCHF', 'NZDUSD', 'XAUUSD', 'US500', 'DE40'] and timeframe
  SKIP tsmom_dual_horizon on EURGBP D1: out_of_universe -- tsmom_dual_horizon declares universe ['EURUSD', 'GBPUSD', 'USDJPY', 'AUDUSD', 'USDCAD', 'USDCHF', 'NZDUSD', 'XAUUSD', 'US500', 'DE40'] and timeframe
  SKIP tsmom_dual_horizon on EURJPY H4: out_of_universe -- tsmom_dual_horizon declares universe ['EURUSD', 'GBPUSD', 'USDJPY', 'AUDUSD', 'USDCAD', 'USDCHF', 'NZDUSD', 'XAUUSD', 'US500', 'DE40'] and timeframe
  SKIP tsmom_dual_horizon on EURJPY D1: out_of_universe -- tsmom_dual_horizon declares universe ['EURUSD', 'GBPUSD', 'USDJPY', 'AUDUSD', 'USDCAD', 'USDCHF', 'NZDUSD', 'XAUUSD', 'US500', 'DE40'] and timeframe
  SKIP tsmom_dual_horizon on GBPJPY H4: out_of_universe -- tsmom_dual_horizon declares universe ['EURUSD', 'GBPUSD', 'USDJPY', 'AUDUSD', 'USDCAD', 'USDCHF', 'NZDUSD', 'XAUUSD', 'US500', 'DE40'] and timeframe
  SKIP tsmom_dual_horizon on GBPJPY D1: out_of_universe -- tsmom_dual_horizon declares universe ['EURUSD', 'GBPUSD', 'USDJPY', 'AUDUSD', 'USDCAD', 'USDCHF', 'NZDUSD', 'XAUUSD', 'US500', 'DE40'] and timeframe
  SKIP tsmom_dual_horizon on UK100 H4: out_of_universe -- tsmom_dual_horizon declares universe ['EURUSD', 'GBPUSD', 'USDJPY', 'AUDUSD', 'USDCAD', 'USDCHF', 'NZDUSD', 'XAUUSD', 'US500', 'DE40'] and timeframes
  SKIP tsmom_dual_horizon on UK100 D1: out_of_universe -- tsmom_dual_horizon declares universe ['EURUSD', 'GBPUSD', 'USDJPY', 'AUDUSD', 'USDCAD', 'USDCHF', 'NZDUSD', 'XAUUSD', 'US500', 'DE40'] and timeframes
  SKIP tsmom_dual_horizon on XAGUSD H4: out_of_universe -- tsmom_dual_horizon declares universe ['EURUSD', 'GBPUSD', 'USDJPY', 'AUDUSD', 'USDCAD', 'USDCHF', 'NZDUSD', 'XAUUSD', 'US500', 'DE40'] and timeframe
  SKIP tsmom_dual_horizon on XAGUSD D1: out_of_universe -- tsmom_dual_horizon declares universe ['EURUSD', 'GBPUSD', 'USDJPY', 'AUDUSD', 'USDCAD', 'USDCHF', 'NZDUSD', 'XAUUSD', 'US500', 'DE40'] and timeframe
  SKIP gen_bv_donchian_close_break_adx_gate_swing_tp_short on EURGBP H4: out_of_universe -- gen_bv_donchian_close_break_adx_gate_swing_tp_short declares universe ['EURUSD', 'GBPUSD', 'USDJPY', 'AUDUSD', 'USD
  SKIP gen_bv_donchian_close_break_adx_gate_swing_tp_short on EURGBP D1: out_of_universe -- gen_bv_donchian_close_break_adx_gate_swing_tp_short declares universe ['EURUSD', 'GBPUSD', 'USDJPY', 'AUDUSD', 'USD
  SKIP gen_bv_donchian_close_break_adx_gate_tp_r on EURGBP H4: out_of_universe -- gen_bv_donchian_close_break_adx_gate_tp_r declares universe ['EURUSD', 'GBPUSD', 'USDJPY', 'AUDUSD', 'USDCAD', 'USDCHF', 'NZD
  SKIP gen_bv_donchian_close_break_adx_gate_tp_r on EURGBP D1: out_of_universe -- gen_bv_donchian_close_break_adx_gate_tp_r declares universe ['EURUSD', 'GBPUSD', 'USDJPY', 'AUDUSD', 'USDCAD', 'USDCHF', 'NZD
  SKIP gen_bv_donchian_close_break_none_swing_tp_long on EURGBP H4: out_of_universe -- gen_bv_donchian_close_break_none_swing_tp_long declares universe ['EURUSD', 'GBPUSD', 'USDJPY', 'AUDUSD', 'USDCAD', 'USD
  SKIP gen_bv_donchian_close_break_none_swing_tp_long on EURGBP D1: out_of_universe -- gen_bv_donchian_close_break_none_swing_tp_long declares universe ['EURUSD', 'GBPUSD', 'USDJPY', 'AUDUSD', 'USDCAD', 'USD
  SKIP gen_bv_donchian_close_break_session_time_exit on AUDJPY D1: out_of_universe -- gen_bv_donchian_close_break_session_time_exit declares universe ['EURUSD', 'GBPUSD', 'USDJPY', 'AUDUSD', 'USDCAD', 'USDCH
  SKIP gen_bv_donchian_close_break_session_time_exit on AUDUSD D1: out_of_universe -- gen_bv_donchian_close_break_session_time_exit declares universe ['EURUSD', 'GBPUSD', 'USDJPY', 'AUDUSD', 'USDCAD', 'USDCH
  SKIP gen_bv_donchian_close_break_session_time_exit on DE40 D1: out_of_universe -- gen_bv_donchian_close_break_session_time_exit declares universe ['EURUSD', 'GBPUSD', 'USDJPY', 'AUDUSD', 'USDCAD', 'USDCHF'
  SKIP gen_bv_donchian_close_break_session_time_exit on EURGBP H4: out_of_universe -- gen_bv_donchian_close_break_session_time_exit declares universe ['EURUSD', 'GBPUSD', 'USDJPY', 'AUDUSD', 'USDCAD', 'USDCH
  SKIP gen_bv_donchian_close_break_session_time_exit on EURGBP D1: out_of_universe -- gen_bv_donchian_close_break_session_time_exit declares universe ['EURUSD', 'GBPUSD', 'USDJPY', 'AUDUSD', 'USDCAD', 'USDCH
  SKIP gen_bv_donchian_close_break_session_time_exit on EURJPY D1: out_of_universe -- gen_bv_donchian_close_break_session_time_exit declares universe ['EURUSD', 'GBPUSD', 'USDJPY', 'AUDUSD', 'USDCAD', 'USDCH
  SKIP gen_bv_donchian_close_break_session_time_exit on EURUSD D1: out_of_universe -- gen_bv_donchian_close_break_session_time_exit declares universe ['EURUSD', 'GBPUSD', 'USDJPY', 'AUDUSD', 'USDCAD', 'USDCH
  SKIP gen_bv_donchian_close_break_session_time_exit on GBPJPY D1: out_of_universe -- gen_bv_donchian_close_break_session_time_exit declares universe ['EURUSD', 'GBPUSD', 'USDJPY', 'AUDUSD', 'USDCAD', 'USDCH
  SKIP gen_bv_donchian_close_break_session_time_exit on GBPUSD D1: out_of_universe -- gen_bv_donchian_close_break_session_time_exit declares universe ['EURUSD', 'GBPUSD', 'USDJPY', 'AUDUSD', 'USDCAD', 'USDCH
  SKIP gen_bv_donchian_close_break_session_time_exit on NZDUSD D1: out_of_universe -- gen_bv_donchian_close_break_session_time_exit declares universe ['EURUSD', 'GBPUSD', 'USDJPY', 'AUDUSD', 'USDCAD', 'USDCH
  SKIP gen_bv_donchian_close_break_session_time_exit on UK100 D1: out_of_universe -- gen_bv_donchian_close_break_session_time_exit declares universe ['EURUSD', 'GBPUSD', 'USDJPY', 'AUDUSD', 'USDCAD', 'USDCHF
  SKIP gen_bv_donchian_close_break_session_time_exit on US500 D1: out_of_universe -- gen_bv_donchian_close_break_session_time_exit declares universe ['EURUSD', 'GBPUSD', 'USDJPY', 'AUDUSD', 'USDCAD', 'USDCHF
  SKIP gen_bv_donchian_close_break_session_time_exit on USDCAD D1: out_of_universe -- gen_bv_donchian_close_break_session_time_exit declares universe ['EURUSD', 'GBPUSD', 'USDJPY', 'AUDUSD', 'USDCAD', 'USDCH
  SKIP gen_bv_donchian_close_break_session_time_exit on USDCHF D1: out_of_universe -- gen_bv_donchian_close_break_session_time_exit declares universe ['EURUSD', 'GBPUSD', 'USDJPY', 'AUDUSD', 'USDCAD', 'USDCH
  SKIP gen_bv_donchian_close_break_session_time_exit on USDJPY D1: out_of_universe -- gen_bv_donchian_close_break_session_time_exit declares universe ['EURUSD', 'GBPUSD', 'USDJPY', 'AUDUSD', 'USDCAD', 'USDCH
  SKIP gen_bv_donchian_close_break_session_time_exit on XAGUSD D1: out_of_universe -- gen_bv_donchian_close_break_session_time_exit declares universe ['EURUSD', 'GBPUSD', 'USDJPY', 'AUDUSD', 'USDCAD', 'USDCH
  SKIP gen_bv_donchian_close_break_session_time_exit on XAUUSD D1: out_of_universe -- gen_bv_donchian_close_break_session_time_exit declares universe ['EURUSD', 'GBPUSD', 'USDJPY', 'AUDUSD', 'USDCAD', 'USDCH
  SKIP gen_bv_donchian_fresh_cross_adx_gate_swing_tp_long on EURGBP H4: out_of_universe -- gen_bv_donchian_fresh_cross_adx_gate_swing_tp_long declares universe ['EURUSD', 'GBPUSD', 'USDJPY', 'AUDUSD', 'USDCA
  SKIP gen_bv_donchian_fresh_cross_adx_gate_swing_tp_long on EURGBP D1: out_of_universe -- gen_bv_donchian_fresh_cross_adx_gate_swing_tp_long declares universe ['EURUSD', 'GBPUSD', 'USDJPY', 'AUDUSD', 'USDCA
  SKIP gen_bv_donchian_fresh_cross_none_swing_tp_short on EURGBP H4: out_of_universe -- gen_bv_donchian_fresh_cross_none_swing_tp_short declares universe ['EURUSD', 'GBPUSD', 'USDJPY', 'AUDUSD', 'USDCAD', 'U
  SKIP gen_bv_donchian_fresh_cross_none_swing_tp_short on EURGBP D1: out_of_universe -- gen_bv_donchian_fresh_cross_none_swing_tp_short declares universe ['EURUSD', 'GBPUSD', 'USDJPY', 'AUDUSD', 'USDCAD', 'U
  SKIP gen_bv_donchian_fresh_cross_none_time_exit on EURGBP H4: out_of_universe -- gen_bv_donchian_fresh_cross_none_time_exit declares universe ['EURUSD', 'GBPUSD', 'USDJPY', 'AUDUSD', 'USDCAD', 'USDCHF', 'N
  SKIP gen_bv_donchian_fresh_cross_none_time_exit on EURGBP D1: out_of_universe -- gen_bv_donchian_fresh_cross_none_time_exit declares universe ['EURUSD', 'GBPUSD', 'USDJPY', 'AUDUSD', 'USDCAD', 'USDCHF', 'N
  SKIP gen_bv_donchian_fresh_cross_none_trail on EURGBP H4: out_of_universe -- gen_bv_donchian_fresh_cross_none_trail declares universe ['EURUSD', 'GBPUSD', 'USDJPY', 'AUDUSD', 'USDCAD', 'USDCHF', 'NZDUSD', 
  SKIP gen_bv_donchian_fresh_cross_none_trail on EURGBP D1: out_of_universe -- gen_bv_donchian_fresh_cross_none_trail declares universe ['EURUSD', 'GBPUSD', 'USDJPY', 'AUDUSD', 'USDCAD', 'USDCHF', 'NZDUSD', 
  SKIP gen_bv_donchian_fresh_cross_session_swing_tp_short on AUDJPY D1: out_of_universe -- gen_bv_donchian_fresh_cross_session_swing_tp_short declares universe ['EURUSD', 'GBPUSD', 'USDJPY', 'AUDUSD', 'USDCA
  SKIP gen_bv_donchian_fresh_cross_session_swing_tp_short on AUDUSD D1: out_of_universe -- gen_bv_donchian_fresh_cross_session_swing_tp_short declares universe ['EURUSD', 'GBPUSD', 'USDJPY', 'AUDUSD', 'USDCA
  SKIP gen_bv_donchian_fresh_cross_session_swing_tp_short on DE40 D1: out_of_universe -- gen_bv_donchian_fresh_cross_session_swing_tp_short declares universe ['EURUSD', 'GBPUSD', 'USDJPY', 'AUDUSD', 'USDCAD'
  SKIP gen_bv_donchian_fresh_cross_session_swing_tp_short on EURGBP H4: out_of_universe -- gen_bv_donchian_fresh_cross_session_swing_tp_short declares universe ['EURUSD', 'GBPUSD', 'USDJPY', 'AUDUSD', 'USDCA
  SKIP gen_bv_donchian_fresh_cross_session_swing_tp_short on EURGBP D1: out_of_universe -- gen_bv_donchian_fresh_cross_session_swing_tp_short declares universe ['EURUSD', 'GBPUSD', 'USDJPY', 'AUDUSD', 'USDCA
  SKIP gen_bv_donchian_fresh_cross_session_swing_tp_short on EURJPY D1: out_of_universe -- gen_bv_donchian_fresh_cross_session_swing_tp_short declares universe ['EURUSD', 'GBPUSD', 'USDJPY', 'AUDUSD', 'USDCA
  SKIP gen_bv_donchian_fresh_cross_session_swing_tp_short on EURUSD D1: out_of_universe -- gen_bv_donchian_fresh_cross_session_swing_tp_short declares universe ['EURUSD', 'GBPUSD', 'USDJPY', 'AUDUSD', 'USDCA
  SKIP gen_bv_donchian_fresh_cross_session_swing_tp_short on GBPJPY D1: out_of_universe -- gen_bv_donchian_fresh_cross_session_swing_tp_short declares universe ['EURUSD', 'GBPUSD', 'USDJPY', 'AUDUSD', 'USDCA
  SKIP gen_bv_donchian_fresh_cross_session_swing_tp_short on GBPUSD D1: out_of_universe -- gen_bv_donchian_fresh_cross_session_swing_tp_short declares universe ['EURUSD', 'GBPUSD', 'USDJPY', 'AUDUSD', 'USDCA
  SKIP gen_bv_donchian_fresh_cross_session_swing_tp_short on NZDUSD D1: out_of_universe -- gen_bv_donchian_fresh_cross_session_swing_tp_short declares universe ['EURUSD', 'GBPUSD', 'USDJPY', 'AUDUSD', 'USDCA
  SKIP gen_bv_donchian_fresh_cross_session_swing_tp_short on UK100 D1: out_of_universe -- gen_bv_donchian_fresh_cross_session_swing_tp_short declares universe ['EURUSD', 'GBPUSD', 'USDJPY', 'AUDUSD', 'USDCAD
  SKIP gen_bv_donchian_fresh_cross_session_swing_tp_short on US500 D1: out_of_universe -- gen_bv_donchian_fresh_cross_session_swing_tp_short declares universe ['EURUSD', 'GBPUSD', 'USDJPY', 'AUDUSD', 'USDCAD
  SKIP gen_bv_donchian_fresh_cross_session_swing_tp_short on USDCAD D1: out_of_universe -- gen_bv_donchian_fresh_cross_session_swing_tp_short declares universe ['EURUSD', 'GBPUSD', 'USDJPY', 'AUDUSD', 'USDCA
  SKIP gen_bv_donchian_fresh_cross_session_swing_tp_short on USDCHF D1: out_of_universe -- gen_bv_donchian_fresh_cross_session_swing_tp_short declares universe ['EURUSD', 'GBPUSD', 'USDJPY', 'AUDUSD', 'USDCA
  SKIP gen_bv_donchian_fresh_cross_session_swing_tp_short on USDJPY D1: out_of_universe -- gen_bv_donchian_fresh_cross_session_swing_tp_short declares universe ['EURUSD', 'GBPUSD', 'USDJPY', 'AUDUSD', 'USDCA
  SKIP gen_bv_donchian_fresh_cross_session_swing_tp_short on XAGUSD D1: out_of_universe -- gen_bv_donchian_fresh_cross_session_swing_tp_short declares universe ['EURUSD', 'GBPUSD', 'USDJPY', 'AUDUSD', 'USDCA
  SKIP gen_bv_donchian_fresh_cross_session_swing_tp_short on XAUUSD D1: out_of_universe -- gen_bv_donchian_fresh_cross_session_swing_tp_short declares universe ['EURUSD', 'GBPUSD', 'USDJPY', 'AUDUSD', 'USDCA
  SKIP gen_bv_donchian_fresh_cross_session_time_exit on AUDJPY D1: out_of_universe -- gen_bv_donchian_fresh_cross_session_time_exit declares universe ['EURUSD', 'GBPUSD', 'USDJPY', 'AUDUSD', 'USDCAD', 'USDCH
  SKIP gen_bv_donchian_fresh_cross_session_time_exit on AUDUSD D1: out_of_universe -- gen_bv_donchian_fresh_cross_session_time_exit declares universe ['EURUSD', 'GBPUSD', 'USDJPY', 'AUDUSD', 'USDCAD', 'USDCH
  SKIP gen_bv_donchian_fresh_cross_session_time_exit on DE40 D1: out_of_universe -- gen_bv_donchian_fresh_cross_session_time_exit declares universe ['EURUSD', 'GBPUSD', 'USDJPY', 'AUDUSD', 'USDCAD', 'USDCHF'
  SKIP gen_bv_donchian_fresh_cross_session_time_exit on EURGBP H4: out_of_universe -- gen_bv_donchian_fresh_cross_session_time_exit declares universe ['EURUSD', 'GBPUSD', 'USDJPY', 'AUDUSD', 'USDCAD', 'USDCH
  SKIP gen_bv_donchian_fresh_cross_session_time_exit on EURGBP D1: out_of_universe -- gen_bv_donchian_fresh_cross_session_time_exit declares universe ['EURUSD', 'GBPUSD', 'USDJPY', 'AUDUSD', 'USDCAD', 'USDCH
  SKIP gen_bv_donchian_fresh_cross_session_time_exit on EURJPY D1: out_of_universe -- gen_bv_donchian_fresh_cross_session_time_exit declares universe ['EURUSD', 'GBPUSD', 'USDJPY', 'AUDUSD', 'USDCAD', 'USDCH
  SKIP gen_bv_donchian_fresh_cross_session_time_exit on EURUSD D1: out_of_universe -- gen_bv_donchian_fresh_cross_session_time_exit declares universe ['EURUSD', 'GBPUSD', 'USDJPY', 'AUDUSD', 'USDCAD', 'USDCH
  SKIP gen_bv_donchian_fresh_cross_session_time_exit on GBPJPY D1: out_of_universe -- gen_bv_donchian_fresh_cross_session_time_exit declares universe ['EURUSD', 'GBPUSD', 'USDJPY', 'AUDUSD', 'USDCAD', 'USDCH
  SKIP gen_bv_donchian_fresh_cross_session_time_exit on GBPUSD D1: out_of_universe -- gen_bv_donchian_fresh_cross_session_time_exit declares universe ['EURUSD', 'GBPUSD', 'USDJPY', 'AUDUSD', 'USDCAD', 'USDCH
  SKIP gen_bv_donchian_fresh_cross_session_time_exit on NZDUSD D1: out_of_universe -- gen_bv_donchian_fresh_cross_session_time_exit declares universe ['EURUSD', 'GBPUSD', 'USDJPY', 'AUDUSD', 'USDCAD', 'USDCH
  SKIP gen_bv_donchian_fresh_cross_session_time_exit on UK100 D1: out_of_universe -- gen_bv_donchian_fresh_cross_session_time_exit declares universe ['EURUSD', 'GBPUSD', 'USDJPY', 'AUDUSD', 'USDCAD', 'USDCHF
  SKIP gen_bv_donchian_fresh_cross_session_time_exit on US500 D1: out_of_universe -- gen_bv_donchian_fresh_cross_session_time_exit declares universe ['EURUSD', 'GBPUSD', 'USDJPY', 'AUDUSD', 'USDCAD', 'USDCHF
  SKIP gen_bv_donchian_fresh_cross_session_time_exit on USDCAD D1: out_of_universe -- gen_bv_donchian_fresh_cross_session_time_exit declares universe ['EURUSD', 'GBPUSD', 'USDJPY', 'AUDUSD', 'USDCAD', 'USDCH
  SKIP gen_bv_donchian_fresh_cross_session_time_exit on USDCHF D1: out_of_universe -- gen_bv_donchian_fresh_cross_session_time_exit declares universe ['EURUSD', 'GBPUSD', 'USDJPY', 'AUDUSD', 'USDCAD', 'USDCH
  SKIP gen_bv_donchian_fresh_cross_session_time_exit on USDJPY D1: out_of_universe -- gen_bv_donchian_fresh_cross_session_time_exit declares universe ['EURUSD', 'GBPUSD', 'USDJPY', 'AUDUSD', 'USDCAD', 'USDCH
  SKIP gen_bv_donchian_fresh_cross_session_time_exit on XAGUSD D1: out_of_universe -- gen_bv_donchian_fresh_cross_session_time_exit declares universe ['EURUSD', 'GBPUSD', 'USDJPY', 'AUDUSD', 'USDCAD', 'USDCH
  SKIP gen_bv_donchian_fresh_cross_session_time_exit on XAUUSD D1: out_of_universe -- gen_bv_donchian_fresh_cross_session_time_exit declares universe ['EURUSD', 'GBPUSD', 'USDJPY', 'AUDUSD', 'USDCAD', 'USDCH
  SKIP gen_bv_kc_break_adx_gate_time_exit on EURGBP H4: out_of_universe -- gen_bv_kc_break_adx_gate_time_exit declares universe ['EURUSD', 'GBPUSD', 'USDJPY', 'AUDUSD', 'USDCAD', 'USDCHF', 'NZDUSD', 'EURJPY'
  SKIP gen_bv_kc_break_adx_gate_time_exit on EURGBP D1: out_of_universe -- gen_bv_kc_break_adx_gate_time_exit declares universe ['EURUSD', 'GBPUSD', 'USDJPY', 'AUDUSD', 'USDCAD', 'USDCHF', 'NZDUSD', 'EURJPY'
  SKIP gen_bv_kc_break_none_swing_tp_long on EURGBP H4: out_of_universe -- gen_bv_kc_break_none_swing_tp_long declares universe ['EURUSD', 'GBPUSD', 'USDJPY', 'AUDUSD', 'USDCAD', 'USDCHF', 'NZDUSD', 'EURJPY'
  SKIP gen_bv_kc_break_none_swing_tp_long on EURGBP D1: out_of_universe -- gen_bv_kc_break_none_swing_tp_long declares universe ['EURUSD', 'GBPUSD', 'USDJPY', 'AUDUSD', 'USDCAD', 'USDCHF', 'NZDUSD', 'EURJPY'
  SKIP gen_bv_kc_break_none_tp_r on EURGBP H4: out_of_universe -- gen_bv_kc_break_none_tp_r declares universe ['EURUSD', 'GBPUSD', 'USDJPY', 'AUDUSD', 'USDCAD', 'USDCHF', 'NZDUSD', 'EURJPY', 'GBPJPY', 'AUDJP
  SKIP gen_bv_kc_break_none_tp_r on EURGBP D1: out_of_universe -- gen_bv_kc_break_none_tp_r declares universe ['EURUSD', 'GBPUSD', 'USDJPY', 'AUDUSD', 'USDCAD', 'USDCHF', 'NZDUSD', 'EURJPY', 'GBPJPY', 'AUDJP
  SKIP gen_bv_kc_break_rvol_gate_time_exit on EURGBP H4: out_of_universe -- gen_bv_kc_break_rvol_gate_time_exit declares universe ['EURUSD', 'GBPUSD', 'USDJPY', 'AUDUSD', 'USDCAD', 'USDCHF', 'NZDUSD', 'EURJP
  SKIP gen_bv_kc_break_rvol_gate_time_exit on EURGBP D1: out_of_universe -- gen_bv_kc_break_rvol_gate_time_exit declares universe ['EURUSD', 'GBPUSD', 'USDJPY', 'AUDUSD', 'USDCAD', 'USDCHF', 'NZDUSD', 'EURJP
  SKIP gen_bv_kc_break_rvol_gate_tp_r on EURGBP H4: out_of_universe -- gen_bv_kc_break_rvol_gate_tp_r declares universe ['EURUSD', 'GBPUSD', 'USDJPY', 'AUDUSD', 'USDCAD', 'USDCHF', 'NZDUSD', 'EURJPY', 'GBPJP
  SKIP gen_bv_kc_break_rvol_gate_tp_r on EURGBP D1: out_of_universe -- gen_bv_kc_break_rvol_gate_tp_r declares universe ['EURUSD', 'GBPUSD', 'USDJPY', 'AUDUSD', 'USDCAD', 'USDCHF', 'NZDUSD', 'EURJPY', 'GBPJP
  SKIP gen_bv_kc_break_session_trail on AUDJPY D1: out_of_universe -- gen_bv_kc_break_session_trail declares universe ['EURUSD', 'GBPUSD', 'USDJPY', 'AUDUSD', 'USDCAD', 'USDCHF', 'NZDUSD', 'EURJPY', 'GBPJPY'
  SKIP gen_bv_kc_break_session_trail on AUDUSD D1: out_of_universe -- gen_bv_kc_break_session_trail declares universe ['EURUSD', 'GBPUSD', 'USDJPY', 'AUDUSD', 'USDCAD', 'USDCHF', 'NZDUSD', 'EURJPY', 'GBPJPY'
  SKIP gen_bv_kc_break_session_trail on DE40 D1: out_of_universe -- gen_bv_kc_break_session_trail declares universe ['EURUSD', 'GBPUSD', 'USDJPY', 'AUDUSD', 'USDCAD', 'USDCHF', 'NZDUSD', 'EURJPY', 'GBPJPY', 
  SKIP gen_bv_kc_break_session_trail on EURGBP H4: out_of_universe -- gen_bv_kc_break_session_trail declares universe ['EURUSD', 'GBPUSD', 'USDJPY', 'AUDUSD', 'USDCAD', 'USDCHF', 'NZDUSD', 'EURJPY', 'GBPJPY'
  SKIP gen_bv_kc_break_session_trail on EURGBP D1: out_of_universe -- gen_bv_kc_break_session_trail declares universe ['EURUSD', 'GBPUSD', 'USDJPY', 'AUDUSD', 'USDCAD', 'USDCHF', 'NZDUSD', 'EURJPY', 'GBPJPY'
  SKIP gen_bv_kc_break_session_trail on EURJPY D1: out_of_universe -- gen_bv_kc_break_session_trail declares universe ['EURUSD', 'GBPUSD', 'USDJPY', 'AUDUSD', 'USDCAD', 'USDCHF', 'NZDUSD', 'EURJPY', 'GBPJPY'
  SKIP gen_bv_kc_break_session_trail on EURUSD D1: out_of_universe -- gen_bv_kc_break_session_trail declares universe ['EURUSD', 'GBPUSD', 'USDJPY', 'AUDUSD', 'USDCAD', 'USDCHF', 'NZDUSD', 'EURJPY', 'GBPJPY'
  SKIP gen_bv_kc_break_session_trail on GBPJPY D1: out_of_universe -- gen_bv_kc_break_session_trail declares universe ['EURUSD', 'GBPUSD', 'USDJPY', 'AUDUSD', 'USDCAD', 'USDCHF', 'NZDUSD', 'EURJPY', 'GBPJPY'
  SKIP gen_bv_kc_break_session_trail on GBPUSD D1: out_of_universe -- gen_bv_kc_break_session_trail declares universe ['EURUSD', 'GBPUSD', 'USDJPY', 'AUDUSD', 'USDCAD', 'USDCHF', 'NZDUSD', 'EURJPY', 'GBPJPY'
  SKIP gen_bv_kc_break_session_trail on NZDUSD D1: out_of_universe -- gen_bv_kc_break_session_trail declares universe ['EURUSD', 'GBPUSD', 'USDJPY', 'AUDUSD', 'USDCAD', 'USDCHF', 'NZDUSD', 'EURJPY', 'GBPJPY'
  SKIP gen_bv_kc_break_session_trail on UK100 D1: out_of_universe -- gen_bv_kc_break_session_trail declares universe ['EURUSD', 'GBPUSD', 'USDJPY', 'AUDUSD', 'USDCAD', 'USDCHF', 'NZDUSD', 'EURJPY', 'GBPJPY',
  SKIP gen_bv_kc_break_session_trail on US500 D1: out_of_universe -- gen_bv_kc_break_session_trail declares universe ['EURUSD', 'GBPUSD', 'USDJPY', 'AUDUSD', 'USDCAD', 'USDCHF', 'NZDUSD', 'EURJPY', 'GBPJPY',
  SKIP gen_bv_kc_break_session_trail on USDCAD D1: out_of_universe -- gen_bv_kc_break_session_trail declares universe ['EURUSD', 'GBPUSD', 'USDJPY', 'AUDUSD', 'USDCAD', 'USDCHF', 'NZDUSD', 'EURJPY', 'GBPJPY'
  SKIP gen_bv_kc_break_session_trail on USDCHF D1: out_of_universe -- gen_bv_kc_break_session_trail declares universe ['EURUSD', 'GBPUSD', 'USDJPY', 'AUDUSD', 'USDCAD', 'USDCHF', 'NZDUSD', 'EURJPY', 'GBPJPY'
  SKIP gen_bv_kc_break_session_trail on USDJPY D1: out_of_universe -- gen_bv_kc_break_session_trail declares universe ['EURUSD', 'GBPUSD', 'USDJPY', 'AUDUSD', 'USDCAD', 'USDCHF', 'NZDUSD', 'EURJPY', 'GBPJPY'
  SKIP gen_bv_kc_break_session_trail on XAGUSD D1: out_of_universe -- gen_bv_kc_break_session_trail declares universe ['EURUSD', 'GBPUSD', 'USDJPY', 'AUDUSD', 'USDCAD', 'USDCHF', 'NZDUSD', 'EURJPY', 'GBPJPY'
  SKIP gen_bv_kc_break_session_trail on XAUUSD D1: out_of_universe -- gen_bv_kc_break_session_trail declares universe ['EURUSD', 'GBPUSD', 'USDJPY', 'AUDUSD', 'USDCAD', 'USDCHF', 'NZDUSD', 'EURJPY', 'GBPJPY'
  SKIP gen_ic_kumo_chikou_flip_adx_gate_swing_tp_long on DE40 H4: out_of_universe -- gen_ic_kumo_chikou_flip_adx_gate_swing_tp_long declares universe ['USDJPY', 'EURJPY', 'GBPJPY', 'AUDJPY', 'EURUSD', 'GBPUS
  SKIP gen_ic_kumo_chikou_flip_adx_gate_swing_tp_long on DE40 D1: out_of_universe -- gen_ic_kumo_chikou_flip_adx_gate_swing_tp_long declares universe ['USDJPY', 'EURJPY', 'GBPJPY', 'AUDJPY', 'EURUSD', 'GBPUS
  SKIP gen_ic_kumo_chikou_flip_adx_gate_swing_tp_long on EURGBP H4: out_of_universe -- gen_ic_kumo_chikou_flip_adx_gate_swing_tp_long declares universe ['USDJPY', 'EURJPY', 'GBPJPY', 'AUDJPY', 'EURUSD', 'GBP
  SKIP gen_ic_kumo_chikou_flip_adx_gate_swing_tp_long on EURGBP D1: out_of_universe -- gen_ic_kumo_chikou_flip_adx_gate_swing_tp_long declares universe ['USDJPY', 'EURJPY', 'GBPJPY', 'AUDJPY', 'EURUSD', 'GBP
  SKIP gen_ic_kumo_chikou_flip_adx_gate_swing_tp_long on NZDUSD H4: out_of_universe -- gen_ic_kumo_chikou_flip_adx_gate_swing_tp_long declares universe ['USDJPY', 'EURJPY', 'GBPJPY', 'AUDJPY', 'EURUSD', 'GBP
  SKIP gen_ic_kumo_chikou_flip_adx_gate_swing_tp_long on NZDUSD D1: out_of_universe -- gen_ic_kumo_chikou_flip_adx_gate_swing_tp_long declares universe ['USDJPY', 'EURJPY', 'GBPJPY', 'AUDJPY', 'EURUSD', 'GBP
  SKIP gen_ic_kumo_chikou_flip_adx_gate_swing_tp_long on UK100 H4: out_of_universe -- gen_ic_kumo_chikou_flip_adx_gate_swing_tp_long declares universe ['USDJPY', 'EURJPY', 'GBPJPY', 'AUDJPY', 'EURUSD', 'GBPU
  SKIP gen_ic_kumo_chikou_flip_adx_gate_swing_tp_long on UK100 D1: out_of_universe -- gen_ic_kumo_chikou_flip_adx_gate_swing_tp_long declares universe ['USDJPY', 'EURJPY', 'GBPJPY', 'AUDJPY', 'EURUSD', 'GBPU
  SKIP gen_ic_kumo_chikou_flip_adx_gate_swing_tp_long on USDCAD H4: out_of_universe -- gen_ic_kumo_chikou_flip_adx_gate_swing_tp_long declares universe ['USDJPY', 'EURJPY', 'GBPJPY', 'AUDJPY', 'EURUSD', 'GBP
  SKIP gen_ic_kumo_chikou_flip_adx_gate_swing_tp_long on USDCAD D1: out_of_universe -- gen_ic_kumo_chikou_flip_adx_gate_swing_tp_long declares universe ['USDJPY', 'EURJPY', 'GBPJPY', 'AUDJPY', 'EURUSD', 'GBP
  SKIP gen_ic_kumo_chikou_flip_adx_gate_swing_tp_long on USDCHF H4: out_of_universe -- gen_ic_kumo_chikou_flip_adx_gate_swing_tp_long declares universe ['USDJPY', 'EURJPY', 'GBPJPY', 'AUDJPY', 'EURUSD', 'GBP
  SKIP gen_ic_kumo_chikou_flip_adx_gate_swing_tp_long on USDCHF D1: out_of_universe -- gen_ic_kumo_chikou_flip_adx_gate_swing_tp_long declares universe ['USDJPY', 'EURJPY', 'GBPJPY', 'AUDJPY', 'EURUSD', 'GBP
  SKIP gen_ic_kumo_chikou_flip_adx_gate_swing_tp_long on XAGUSD H4: out_of_universe -- gen_ic_kumo_chikou_flip_adx_gate_swing_tp_long declares universe ['USDJPY', 'EURJPY', 'GBPJPY', 'AUDJPY', 'EURUSD', 'GBP
  SKIP gen_ic_kumo_chikou_flip_adx_gate_swing_tp_long on XAGUSD D1: out_of_universe -- gen_ic_kumo_chikou_flip_adx_gate_swing_tp_long declares universe ['USDJPY', 'EURJPY', 'GBPJPY', 'AUDJPY', 'EURUSD', 'GBP
  SKIP gen_ic_kumo_chikou_flip_none_swing_tp_short on DE40 H4: out_of_universe -- gen_ic_kumo_chikou_flip_none_swing_tp_short declares universe ['USDJPY', 'EURJPY', 'GBPJPY', 'AUDJPY', 'EURUSD', 'GBPUSD', 'A
  SKIP gen_ic_kumo_chikou_flip_none_swing_tp_short on DE40 D1: out_of_universe -- gen_ic_kumo_chikou_flip_none_swing_tp_short declares universe ['USDJPY', 'EURJPY', 'GBPJPY', 'AUDJPY', 'EURUSD', 'GBPUSD', 'A
  SKIP gen_ic_kumo_chikou_flip_none_swing_tp_short on EURGBP H4: out_of_universe -- gen_ic_kumo_chikou_flip_none_swing_tp_short declares universe ['USDJPY', 'EURJPY', 'GBPJPY', 'AUDJPY', 'EURUSD', 'GBPUSD', 
  SKIP gen_ic_kumo_chikou_flip_none_swing_tp_short on EURGBP D1: out_of_universe -- gen_ic_kumo_chikou_flip_none_swing_tp_short declares universe ['USDJPY', 'EURJPY', 'GBPJPY', 'AUDJPY', 'EURUSD', 'GBPUSD', 
  SKIP gen_ic_kumo_chikou_flip_none_swing_tp_short on NZDUSD H4: out_of_universe -- gen_ic_kumo_chikou_flip_none_swing_tp_short declares universe ['USDJPY', 'EURJPY', 'GBPJPY', 'AUDJPY', 'EURUSD', 'GBPUSD', 
  SKIP gen_ic_kumo_chikou_flip_none_swing_tp_short on NZDUSD D1: out_of_universe -- gen_ic_kumo_chikou_flip_none_swing_tp_short declares universe ['USDJPY', 'EURJPY', 'GBPJPY', 'AUDJPY', 'EURUSD', 'GBPUSD', 
  SKIP gen_ic_kumo_chikou_flip_none_swing_tp_short on UK100 H4: out_of_universe -- gen_ic_kumo_chikou_flip_none_swing_tp_short declares universe ['USDJPY', 'EURJPY', 'GBPJPY', 'AUDJPY', 'EURUSD', 'GBPUSD', '
  SKIP gen_ic_kumo_chikou_flip_none_swing_tp_short on UK100 D1: out_of_universe -- gen_ic_kumo_chikou_flip_none_swing_tp_short declares universe ['USDJPY', 'EURJPY', 'GBPJPY', 'AUDJPY', 'EURUSD', 'GBPUSD', '
  SKIP gen_ic_kumo_chikou_flip_none_swing_tp_short on USDCAD H4: out_of_universe -- gen_ic_kumo_chikou_flip_none_swing_tp_short declares universe ['USDJPY', 'EURJPY', 'GBPJPY', 'AUDJPY', 'EURUSD', 'GBPUSD', 
  SKIP gen_ic_kumo_chikou_flip_none_swing_tp_short on USDCAD D1: out_of_universe -- gen_ic_kumo_chikou_flip_none_swing_tp_short declares universe ['USDJPY', 'EURJPY', 'GBPJPY', 'AUDJPY', 'EURUSD', 'GBPUSD', 
  SKIP gen_ic_kumo_chikou_flip_none_swing_tp_short on USDCHF H4: out_of_universe -- gen_ic_kumo_chikou_flip_none_swing_tp_short declares universe ['USDJPY', 'EURJPY', 'GBPJPY', 'AUDJPY', 'EURUSD', 'GBPUSD', 
  SKIP gen_ic_kumo_chikou_flip_none_swing_tp_short on USDCHF D1: out_of_universe -- gen_ic_kumo_chikou_flip_none_swing_tp_short declares universe ['USDJPY', 'EURJPY', 'GBPJPY', 'AUDJPY', 'EURUSD', 'GBPUSD', 
  SKIP gen_ic_kumo_chikou_flip_none_swing_tp_short on XAGUSD H4: out_of_universe -- gen_ic_kumo_chikou_flip_none_swing_tp_short declares universe ['USDJPY', 'EURJPY', 'GBPJPY', 'AUDJPY', 'EURUSD', 'GBPUSD', 
  SKIP gen_ic_kumo_chikou_flip_none_swing_tp_short on XAGUSD D1: out_of_universe -- gen_ic_kumo_chikou_flip_none_swing_tp_short declares universe ['USDJPY', 'EURJPY', 'GBPJPY', 'AUDJPY', 'EURUSD', 'GBPUSD', 
  SKIP gen_ic_kumo_chikou_flip_rvol_gate_swing_tp_long on DE40 H4: out_of_universe -- gen_ic_kumo_chikou_flip_rvol_gate_swing_tp_long declares universe ['USDJPY', 'EURJPY', 'GBPJPY', 'AUDJPY', 'EURUSD', 'GBP
  SKIP gen_ic_kumo_chikou_flip_rvol_gate_swing_tp_long on DE40 D1: out_of_universe -- gen_ic_kumo_chikou_flip_rvol_gate_swing_tp_long declares universe ['USDJPY', 'EURJPY', 'GBPJPY', 'AUDJPY', 'EURUSD', 'GBP
  SKIP gen_ic_kumo_chikou_flip_rvol_gate_swing_tp_long on EURGBP H4: out_of_universe -- gen_ic_kumo_chikou_flip_rvol_gate_swing_tp_long declares universe ['USDJPY', 'EURJPY', 'GBPJPY', 'AUDJPY', 'EURUSD', 'G
  SKIP gen_ic_kumo_chikou_flip_rvol_gate_swing_tp_long on EURGBP D1: out_of_universe -- gen_ic_kumo_chikou_flip_rvol_gate_swing_tp_long declares universe ['USDJPY', 'EURJPY', 'GBPJPY', 'AUDJPY', 'EURUSD', 'G
  SKIP gen_ic_kumo_chikou_flip_rvol_gate_swing_tp_long on NZDUSD H4: out_of_universe -- gen_ic_kumo_chikou_flip_rvol_gate_swing_tp_long declares universe ['USDJPY', 'EURJPY', 'GBPJPY', 'AUDJPY', 'EURUSD', 'G
  SKIP gen_ic_kumo_chikou_flip_rvol_gate_swing_tp_long on NZDUSD D1: out_of_universe -- gen_ic_kumo_chikou_flip_rvol_gate_swing_tp_long declares universe ['USDJPY', 'EURJPY', 'GBPJPY', 'AUDJPY', 'EURUSD', 'G
  SKIP gen_ic_kumo_chikou_flip_rvol_gate_swing_tp_long on UK100 H4: out_of_universe -- gen_ic_kumo_chikou_flip_rvol_gate_swing_tp_long declares universe ['USDJPY', 'EURJPY', 'GBPJPY', 'AUDJPY', 'EURUSD', 'GB
  SKIP gen_ic_kumo_chikou_flip_rvol_gate_swing_tp_long on UK100 D1: out_of_universe -- gen_ic_kumo_chikou_flip_rvol_gate_swing_tp_long declares universe ['USDJPY', 'EURJPY', 'GBPJPY', 'AUDJPY', 'EURUSD', 'GB
  SKIP gen_ic_kumo_chikou_flip_rvol_gate_swing_tp_long on USDCAD H4: out_of_universe -- gen_ic_kumo_chikou_flip_rvol_gate_swing_tp_long declares universe ['USDJPY', 'EURJPY', 'GBPJPY', 'AUDJPY', 'EURUSD', 'G
  SKIP gen_ic_kumo_chikou_flip_rvol_gate_swing_tp_long on USDCAD D1: out_of_universe -- gen_ic_kumo_chikou_flip_rvol_gate_swing_tp_long declares universe ['USDJPY', 'EURJPY', 'GBPJPY', 'AUDJPY', 'EURUSD', 'G
  SKIP gen_ic_kumo_chikou_flip_rvol_gate_swing_tp_long on USDCHF H4: out_of_universe -- gen_ic_kumo_chikou_flip_rvol_gate_swing_tp_long declares universe ['USDJPY', 'EURJPY', 'GBPJPY', 'AUDJPY', 'EURUSD', 'G
  SKIP gen_ic_kumo_chikou_flip_rvol_gate_swing_tp_long on USDCHF D1: out_of_universe -- gen_ic_kumo_chikou_flip_rvol_gate_swing_tp_long declares universe ['USDJPY', 'EURJPY', 'GBPJPY', 'AUDJPY', 'EURUSD', 'G
  SKIP gen_ic_kumo_chikou_flip_rvol_gate_swing_tp_long on XAGUSD H4: out_of_universe -- gen_ic_kumo_chikou_flip_rvol_gate_swing_tp_long declares universe ['USDJPY', 'EURJPY', 'GBPJPY', 'AUDJPY', 'EURUSD', 'G
  SKIP gen_ic_kumo_chikou_flip_rvol_gate_swing_tp_long on XAGUSD D1: out_of_universe -- gen_ic_kumo_chikou_flip_rvol_gate_swing_tp_long declares universe ['USDJPY', 'EURJPY', 'GBPJPY', 'AUDJPY', 'EURUSD', 'G
  SKIP gen_ic_kumo_chikou_flip_rvol_gate_time_exit on DE40 H4: out_of_universe -- gen_ic_kumo_chikou_flip_rvol_gate_time_exit declares universe ['USDJPY', 'EURJPY', 'GBPJPY', 'AUDJPY', 'EURUSD', 'GBPUSD', 'A
  SKIP gen_ic_kumo_chikou_flip_rvol_gate_time_exit on DE40 D1: out_of_universe -- gen_ic_kumo_chikou_flip_rvol_gate_time_exit declares universe ['USDJPY', 'EURJPY', 'GBPJPY', 'AUDJPY', 'EURUSD', 'GBPUSD', 'A
  SKIP gen_ic_kumo_chikou_flip_rvol_gate_time_exit on EURGBP H4: out_of_universe -- gen_ic_kumo_chikou_flip_rvol_gate_time_exit declares universe ['USDJPY', 'EURJPY', 'GBPJPY', 'AUDJPY', 'EURUSD', 'GBPUSD', 
  SKIP gen_ic_kumo_chikou_flip_rvol_gate_time_exit on EURGBP D1: out_of_universe -- gen_ic_kumo_chikou_flip_rvol_gate_time_exit declares universe ['USDJPY', 'EURJPY', 'GBPJPY', 'AUDJPY', 'EURUSD', 'GBPUSD', 
  SKIP gen_ic_kumo_chikou_flip_rvol_gate_time_exit on NZDUSD H4: out_of_universe -- gen_ic_kumo_chikou_flip_rvol_gate_time_exit declares universe ['USDJPY', 'EURJPY', 'GBPJPY', 'AUDJPY', 'EURUSD', 'GBPUSD', 
  SKIP gen_ic_kumo_chikou_flip_rvol_gate_time_exit on NZDUSD D1: out_of_universe -- gen_ic_kumo_chikou_flip_rvol_gate_time_exit declares universe ['USDJPY', 'EURJPY', 'GBPJPY', 'AUDJPY', 'EURUSD', 'GBPUSD', 
  SKIP gen_ic_kumo_chikou_flip_rvol_gate_time_exit on UK100 H4: out_of_universe -- gen_ic_kumo_chikou_flip_rvol_gate_time_exit declares universe ['USDJPY', 'EURJPY', 'GBPJPY', 'AUDJPY', 'EURUSD', 'GBPUSD', '
  SKIP gen_ic_kumo_chikou_flip_rvol_gate_time_exit on UK100 D1: out_of_universe -- gen_ic_kumo_chikou_flip_rvol_gate_time_exit declares universe ['USDJPY', 'EURJPY', 'GBPJPY', 'AUDJPY', 'EURUSD', 'GBPUSD', '
  SKIP gen_ic_kumo_chikou_flip_rvol_gate_time_exit on USDCAD H4: out_of_universe -- gen_ic_kumo_chikou_flip_rvol_gate_time_exit declares universe ['USDJPY', 'EURJPY', 'GBPJPY', 'AUDJPY', 'EURUSD', 'GBPUSD', 
  SKIP gen_ic_kumo_chikou_flip_rvol_gate_time_exit on USDCAD D1: out_of_universe -- gen_ic_kumo_chikou_flip_rvol_gate_time_exit declares universe ['USDJPY', 'EURJPY', 'GBPJPY', 'AUDJPY', 'EURUSD', 'GBPUSD', 
  SKIP gen_ic_kumo_chikou_flip_rvol_gate_time_exit on USDCHF H4: out_of_universe -- gen_ic_kumo_chikou_flip_rvol_gate_time_exit declares universe ['USDJPY', 'EURJPY', 'GBPJPY', 'AUDJPY', 'EURUSD', 'GBPUSD', 
  SKIP gen_ic_kumo_chikou_flip_rvol_gate_time_exit on USDCHF D1: out_of_universe -- gen_ic_kumo_chikou_flip_rvol_gate_time_exit declares universe ['USDJPY', 'EURJPY', 'GBPJPY', 'AUDJPY', 'EURUSD', 'GBPUSD', 
  SKIP gen_ic_kumo_chikou_flip_rvol_gate_time_exit on XAGUSD H4: out_of_universe -- gen_ic_kumo_chikou_flip_rvol_gate_time_exit declares universe ['USDJPY', 'EURJPY', 'GBPJPY', 'AUDJPY', 'EURUSD', 'GBPUSD', 
  SKIP gen_ic_kumo_chikou_flip_rvol_gate_time_exit on XAGUSD D1: out_of_universe -- gen_ic_kumo_chikou_flip_rvol_gate_time_exit declares universe ['USDJPY', 'EURJPY', 'GBPJPY', 'AUDJPY', 'EURUSD', 'GBPUSD', 
  SKIP gen_ic_kumo_chikou_flip_session_time_exit on AUDJPY D1: out_of_universe -- gen_ic_kumo_chikou_flip_session_time_exit declares universe ['USDJPY', 'EURJPY', 'GBPJPY', 'AUDJPY', 'EURUSD', 'GBPUSD', 'AUD
  SKIP gen_ic_kumo_chikou_flip_session_time_exit on AUDUSD D1: out_of_universe -- gen_ic_kumo_chikou_flip_session_time_exit declares universe ['USDJPY', 'EURJPY', 'GBPJPY', 'AUDJPY', 'EURUSD', 'GBPUSD', 'AUD
  SKIP gen_ic_kumo_chikou_flip_session_time_exit on DE40 H4: out_of_universe -- gen_ic_kumo_chikou_flip_session_time_exit declares universe ['USDJPY', 'EURJPY', 'GBPJPY', 'AUDJPY', 'EURUSD', 'GBPUSD', 'AUDUS
  SKIP gen_ic_kumo_chikou_flip_session_time_exit on DE40 D1: out_of_universe -- gen_ic_kumo_chikou_flip_session_time_exit declares universe ['USDJPY', 'EURJPY', 'GBPJPY', 'AUDJPY', 'EURUSD', 'GBPUSD', 'AUDUS
  SKIP gen_ic_kumo_chikou_flip_session_time_exit on EURGBP H4: out_of_universe -- gen_ic_kumo_chikou_flip_session_time_exit declares universe ['USDJPY', 'EURJPY', 'GBPJPY', 'AUDJPY', 'EURUSD', 'GBPUSD', 'AUD
  SKIP gen_ic_kumo_chikou_flip_session_time_exit on EURGBP D1: out_of_universe -- gen_ic_kumo_chikou_flip_session_time_exit declares universe ['USDJPY', 'EURJPY', 'GBPJPY', 'AUDJPY', 'EURUSD', 'GBPUSD', 'AUD
  SKIP gen_ic_kumo_chikou_flip_session_time_exit on EURJPY D1: out_of_universe -- gen_ic_kumo_chikou_flip_session_time_exit declares universe ['USDJPY', 'EURJPY', 'GBPJPY', 'AUDJPY', 'EURUSD', 'GBPUSD', 'AUD
  SKIP gen_ic_kumo_chikou_flip_session_time_exit on EURUSD D1: out_of_universe -- gen_ic_kumo_chikou_flip_session_time_exit declares universe ['USDJPY', 'EURJPY', 'GBPJPY', 'AUDJPY', 'EURUSD', 'GBPUSD', 'AUD
  SKIP gen_ic_kumo_chikou_flip_session_time_exit on GBPJPY D1: out_of_universe -- gen_ic_kumo_chikou_flip_session_time_exit declares universe ['USDJPY', 'EURJPY', 'GBPJPY', 'AUDJPY', 'EURUSD', 'GBPUSD', 'AUD
  SKIP gen_ic_kumo_chikou_flip_session_time_exit on GBPUSD D1: out_of_universe -- gen_ic_kumo_chikou_flip_session_time_exit declares universe ['USDJPY', 'EURJPY', 'GBPJPY', 'AUDJPY', 'EURUSD', 'GBPUSD', 'AUD
  SKIP gen_ic_kumo_chikou_flip_session_time_exit on NZDUSD H4: out_of_universe -- gen_ic_kumo_chikou_flip_session_time_exit declares universe ['USDJPY', 'EURJPY', 'GBPJPY', 'AUDJPY', 'EURUSD', 'GBPUSD', 'AUD
  SKIP gen_ic_kumo_chikou_flip_session_time_exit on NZDUSD D1: out_of_universe -- gen_ic_kumo_chikou_flip_session_time_exit declares universe ['USDJPY', 'EURJPY', 'GBPJPY', 'AUDJPY', 'EURUSD', 'GBPUSD', 'AUD
  SKIP gen_ic_kumo_chikou_flip_session_time_exit on UK100 H4: out_of_universe -- gen_ic_kumo_chikou_flip_session_time_exit declares universe ['USDJPY', 'EURJPY', 'GBPJPY', 'AUDJPY', 'EURUSD', 'GBPUSD', 'AUDU
  SKIP gen_ic_kumo_chikou_flip_session_time_exit on UK100 D1: out_of_universe -- gen_ic_kumo_chikou_flip_session_time_exit declares universe ['USDJPY', 'EURJPY', 'GBPJPY', 'AUDJPY', 'EURUSD', 'GBPUSD', 'AUDU
  SKIP gen_ic_kumo_chikou_flip_session_time_exit on US500 D1: out_of_universe -- gen_ic_kumo_chikou_flip_session_time_exit declares universe ['USDJPY', 'EURJPY', 'GBPJPY', 'AUDJPY', 'EURUSD', 'GBPUSD', 'AUDU
  SKIP gen_ic_kumo_chikou_flip_session_time_exit on USDCAD H4: out_of_universe -- gen_ic_kumo_chikou_flip_session_time_exit declares universe ['USDJPY', 'EURJPY', 'GBPJPY', 'AUDJPY', 'EURUSD', 'GBPUSD', 'AUD
  SKIP gen_ic_kumo_chikou_flip_session_time_exit on USDCAD D1: out_of_universe -- gen_ic_kumo_chikou_flip_session_time_exit declares universe ['USDJPY', 'EURJPY', 'GBPJPY', 'AUDJPY', 'EURUSD', 'GBPUSD', 'AUD
  SKIP gen_ic_kumo_chikou_flip_session_time_exit on USDCHF H4: out_of_universe -- gen_ic_kumo_chikou_flip_session_time_exit declares universe ['USDJPY', 'EURJPY', 'GBPJPY', 'AUDJPY', 'EURUSD', 'GBPUSD', 'AUD
  SKIP gen_ic_kumo_chikou_flip_session_time_exit on USDCHF D1: out_of_universe -- gen_ic_kumo_chikou_flip_session_time_exit declares universe ['USDJPY', 'EURJPY', 'GBPJPY', 'AUDJPY', 'EURUSD', 'GBPUSD', 'AUD
  SKIP gen_ic_kumo_chikou_flip_session_time_exit on USDJPY D1: out_of_universe -- gen_ic_kumo_chikou_flip_session_time_exit declares universe ['USDJPY', 'EURJPY', 'GBPJPY', 'AUDJPY', 'EURUSD', 'GBPUSD', 'AUD
  SKIP gen_ic_kumo_chikou_flip_session_time_exit on XAGUSD H4: out_of_universe -- gen_ic_kumo_chikou_flip_session_time_exit declares universe ['USDJPY', 'EURJPY', 'GBPJPY', 'AUDJPY', 'EURUSD', 'GBPUSD', 'AUD
  SKIP gen_ic_kumo_chikou_flip_session_time_exit on XAGUSD D1: out_of_universe -- gen_ic_kumo_chikou_flip_session_time_exit declares universe ['USDJPY', 'EURJPY', 'GBPJPY', 'AUDJPY', 'EURUSD', 'GBPUSD', 'AUD
  SKIP gen_ic_kumo_chikou_flip_session_time_exit on XAUUSD D1: out_of_universe -- gen_ic_kumo_chikou_flip_session_time_exit declares universe ['USDJPY', 'EURJPY', 'GBPJPY', 'AUDJPY', 'EURUSD', 'GBPUSD', 'AUD
  SKIP gen_ic_kumo_kijun_cross_adx_gate_swing_tp_long on DE40 H4: out_of_universe -- gen_ic_kumo_kijun_cross_adx_gate_swing_tp_long declares universe ['USDJPY', 'EURJPY', 'GBPJPY', 'AUDJPY', 'EURUSD', 'GBPUS
  SKIP gen_ic_kumo_kijun_cross_adx_gate_swing_tp_long on DE40 D1: out_of_universe -- gen_ic_kumo_kijun_cross_adx_gate_swing_tp_long declares universe ['USDJPY', 'EURJPY', 'GBPJPY', 'AUDJPY', 'EURUSD', 'GBPUS
  SKIP gen_ic_kumo_kijun_cross_adx_gate_swing_tp_long on EURGBP H4: out_of_universe -- gen_ic_kumo_kijun_cross_adx_gate_swing_tp_long declares universe ['USDJPY', 'EURJPY', 'GBPJPY', 'AUDJPY', 'EURUSD', 'GBP
  SKIP gen_ic_kumo_kijun_cross_adx_gate_swing_tp_long on EURGBP D1: out_of_universe -- gen_ic_kumo_kijun_cross_adx_gate_swing_tp_long declares universe ['USDJPY', 'EURJPY', 'GBPJPY', 'AUDJPY', 'EURUSD', 'GBP
  SKIP gen_ic_kumo_kijun_cross_adx_gate_swing_tp_long on NZDUSD H4: out_of_universe -- gen_ic_kumo_kijun_cross_adx_gate_swing_tp_long declares universe ['USDJPY', 'EURJPY', 'GBPJPY', 'AUDJPY', 'EURUSD', 'GBP
  SKIP gen_ic_kumo_kijun_cross_adx_gate_swing_tp_long on NZDUSD D1: out_of_universe -- gen_ic_kumo_kijun_cross_adx_gate_swing_tp_long declares universe ['USDJPY', 'EURJPY', 'GBPJPY', 'AUDJPY', 'EURUSD', 'GBP
  SKIP gen_ic_kumo_kijun_cross_adx_gate_swing_tp_long on UK100 H4: out_of_universe -- gen_ic_kumo_kijun_cross_adx_gate_swing_tp_long declares universe ['USDJPY', 'EURJPY', 'GBPJPY', 'AUDJPY', 'EURUSD', 'GBPU
  SKIP gen_ic_kumo_kijun_cross_adx_gate_swing_tp_long on UK100 D1: out_of_universe -- gen_ic_kumo_kijun_cross_adx_gate_swing_tp_long declares universe ['USDJPY', 'EURJPY', 'GBPJPY', 'AUDJPY', 'EURUSD', 'GBPU
  SKIP gen_ic_kumo_kijun_cross_adx_gate_swing_tp_long on USDCAD H4: out_of_universe -- gen_ic_kumo_kijun_cross_adx_gate_swing_tp_long declares universe ['USDJPY', 'EURJPY', 'GBPJPY', 'AUDJPY', 'EURUSD', 'GBP
  SKIP gen_ic_kumo_kijun_cross_adx_gate_swing_tp_long on USDCAD D1: out_of_universe -- gen_ic_kumo_kijun_cross_adx_gate_swing_tp_long declares universe ['USDJPY', 'EURJPY', 'GBPJPY', 'AUDJPY', 'EURUSD', 'GBP
  SKIP gen_ic_kumo_kijun_cross_adx_gate_swing_tp_long on USDCHF H4: out_of_universe -- gen_ic_kumo_kijun_cross_adx_gate_swing_tp_long declares universe ['USDJPY', 'EURJPY', 'GBPJPY', 'AUDJPY', 'EURUSD', 'GBP
  SKIP gen_ic_kumo_kijun_cross_adx_gate_swing_tp_long on USDCHF D1: out_of_universe -- gen_ic_kumo_kijun_cross_adx_gate_swing_tp_long declares universe ['USDJPY', 'EURJPY', 'GBPJPY', 'AUDJPY', 'EURUSD', 'GBP
  SKIP gen_ic_kumo_kijun_cross_adx_gate_swing_tp_long on XAGUSD H4: out_of_universe -- gen_ic_kumo_kijun_cross_adx_gate_swing_tp_long declares universe ['USDJPY', 'EURJPY', 'GBPJPY', 'AUDJPY', 'EURUSD', 'GBP
  SKIP gen_ic_kumo_kijun_cross_adx_gate_swing_tp_long on XAGUSD D1: out_of_universe -- gen_ic_kumo_kijun_cross_adx_gate_swing_tp_long declares universe ['USDJPY', 'EURJPY', 'GBPJPY', 'AUDJPY', 'EURUSD', 'GBP
  SKIP gen_ic_kumo_kijun_cross_adx_gate_tp_r on DE40 H4: out_of_universe -- gen_ic_kumo_kijun_cross_adx_gate_tp_r declares universe ['USDJPY', 'EURJPY', 'GBPJPY', 'AUDJPY', 'EURUSD', 'GBPUSD', 'AUDUSD', 'XAU
  SKIP gen_ic_kumo_kijun_cross_adx_gate_tp_r on DE40 D1: out_of_universe -- gen_ic_kumo_kijun_cross_adx_gate_tp_r declares universe ['USDJPY', 'EURJPY', 'GBPJPY', 'AUDJPY', 'EURUSD', 'GBPUSD', 'AUDUSD', 'XAU
  SKIP gen_ic_kumo_kijun_cross_adx_gate_tp_r on EURGBP H4: out_of_universe -- gen_ic_kumo_kijun_cross_adx_gate_tp_r declares universe ['USDJPY', 'EURJPY', 'GBPJPY', 'AUDJPY', 'EURUSD', 'GBPUSD', 'AUDUSD', 'X
  SKIP gen_ic_kumo_kijun_cross_adx_gate_tp_r on EURGBP D1: out_of_universe -- gen_ic_kumo_kijun_cross_adx_gate_tp_r declares universe ['USDJPY', 'EURJPY', 'GBPJPY', 'AUDJPY', 'EURUSD', 'GBPUSD', 'AUDUSD', 'X
  SKIP gen_ic_kumo_kijun_cross_adx_gate_tp_r on NZDUSD H4: out_of_universe -- gen_ic_kumo_kijun_cross_adx_gate_tp_r declares universe ['USDJPY', 'EURJPY', 'GBPJPY', 'AUDJPY', 'EURUSD', 'GBPUSD', 'AUDUSD', 'X
  SKIP gen_ic_kumo_kijun_cross_adx_gate_tp_r on NZDUSD D1: out_of_universe -- gen_ic_kumo_kijun_cross_adx_gate_tp_r declares universe ['USDJPY', 'EURJPY', 'GBPJPY', 'AUDJPY', 'EURUSD', 'GBPUSD', 'AUDUSD', 'X
  SKIP gen_ic_kumo_kijun_cross_adx_gate_tp_r on UK100 H4: out_of_universe -- gen_ic_kumo_kijun_cross_adx_gate_tp_r declares universe ['USDJPY', 'EURJPY', 'GBPJPY', 'AUDJPY', 'EURUSD', 'GBPUSD', 'AUDUSD', 'XA
  SKIP gen_ic_kumo_kijun_cross_adx_gate_tp_r on UK100 D1: out_of_universe -- gen_ic_kumo_kijun_cross_adx_gate_tp_r declares universe ['USDJPY', 'EURJPY', 'GBPJPY', 'AUDJPY', 'EURUSD', 'GBPUSD', 'AUDUSD', 'XA
  SKIP gen_ic_kumo_kijun_cross_adx_gate_tp_r on USDCAD H4: out_of_universe -- gen_ic_kumo_kijun_cross_adx_gate_tp_r declares universe ['USDJPY', 'EURJPY', 'GBPJPY', 'AUDJPY', 'EURUSD', 'GBPUSD', 'AUDUSD', 'X
  SKIP gen_ic_kumo_kijun_cross_adx_gate_tp_r on USDCAD D1: out_of_universe -- gen_ic_kumo_kijun_cross_adx_gate_tp_r declares universe ['USDJPY', 'EURJPY', 'GBPJPY', 'AUDJPY', 'EURUSD', 'GBPUSD', 'AUDUSD', 'X
  SKIP gen_ic_kumo_kijun_cross_adx_gate_tp_r on USDCHF H4: out_of_universe -- gen_ic_kumo_kijun_cross_adx_gate_tp_r declares universe ['USDJPY', 'EURJPY', 'GBPJPY', 'AUDJPY', 'EURUSD', 'GBPUSD', 'AUDUSD', 'X
  SKIP gen_ic_kumo_kijun_cross_adx_gate_tp_r on USDCHF D1: out_of_universe -- gen_ic_kumo_kijun_cross_adx_gate_tp_r declares universe ['USDJPY', 'EURJPY', 'GBPJPY', 'AUDJPY', 'EURUSD', 'GBPUSD', 'AUDUSD', 'X
  SKIP gen_ic_kumo_kijun_cross_adx_gate_tp_r on XAGUSD H4: out_of_universe -- gen_ic_kumo_kijun_cross_adx_gate_tp_r declares universe ['USDJPY', 'EURJPY', 'GBPJPY', 'AUDJPY', 'EURUSD', 'GBPUSD', 'AUDUSD', 'X
  SKIP gen_ic_kumo_kijun_cross_adx_gate_tp_r on XAGUSD D1: out_of_universe -- gen_ic_kumo_kijun_cross_adx_gate_tp_r declares universe ['USDJPY', 'EURJPY', 'GBPJPY', 'AUDJPY', 'EURUSD', 'GBPUSD', 'AUDUSD', 'X
  SKIP gen_ic_kumo_kijun_cross_none_swing_tp_short on DE40 H4: out_of_universe -- gen_ic_kumo_kijun_cross_none_swing_tp_short declares universe ['USDJPY', 'EURJPY', 'GBPJPY', 'AUDJPY', 'EURUSD', 'GBPUSD', 'A
  SKIP gen_ic_kumo_kijun_cross_none_swing_tp_short on DE40 D1: out_of_universe -- gen_ic_kumo_kijun_cross_none_swing_tp_short declares universe ['USDJPY', 'EURJPY', 'GBPJPY', 'AUDJPY', 'EURUSD', 'GBPUSD', 'A
  SKIP gen_ic_kumo_kijun_cross_none_swing_tp_short on EURGBP H4: out_of_universe -- gen_ic_kumo_kijun_cross_none_swing_tp_short declares universe ['USDJPY', 'EURJPY', 'GBPJPY', 'AUDJPY', 'EURUSD', 'GBPUSD', 
  SKIP gen_ic_kumo_kijun_cross_none_swing_tp_short on EURGBP D1: out_of_universe -- gen_ic_kumo_kijun_cross_none_swing_tp_short declares universe ['USDJPY', 'EURJPY', 'GBPJPY', 'AUDJPY', 'EURUSD', 'GBPUSD', 
  SKIP gen_ic_kumo_kijun_cross_none_swing_tp_short on NZDUSD H4: out_of_universe -- gen_ic_kumo_kijun_cross_none_swing_tp_short declares universe ['USDJPY', 'EURJPY', 'GBPJPY', 'AUDJPY', 'EURUSD', 'GBPUSD', 
  SKIP gen_ic_kumo_kijun_cross_none_swing_tp_short on NZDUSD D1: out_of_universe -- gen_ic_kumo_kijun_cross_none_swing_tp_short declares universe ['USDJPY', 'EURJPY', 'GBPJPY', 'AUDJPY', 'EURUSD', 'GBPUSD', 
  SKIP gen_ic_kumo_kijun_cross_none_swing_tp_short on UK100 H4: out_of_universe -- gen_ic_kumo_kijun_cross_none_swing_tp_short declares universe ['USDJPY', 'EURJPY', 'GBPJPY', 'AUDJPY', 'EURUSD', 'GBPUSD', '
  SKIP gen_ic_kumo_kijun_cross_none_swing_tp_short on UK100 D1: out_of_universe -- gen_ic_kumo_kijun_cross_none_swing_tp_short declares universe ['USDJPY', 'EURJPY', 'GBPJPY', 'AUDJPY', 'EURUSD', 'GBPUSD', '
  SKIP gen_ic_kumo_kijun_cross_none_swing_tp_short on USDCAD H4: out_of_universe -- gen_ic_kumo_kijun_cross_none_swing_tp_short declares universe ['USDJPY', 'EURJPY', 'GBPJPY', 'AUDJPY', 'EURUSD', 'GBPUSD', 
  SKIP gen_ic_kumo_kijun_cross_none_swing_tp_short on USDCAD D1: out_of_universe -- gen_ic_kumo_kijun_cross_none_swing_tp_short declares universe ['USDJPY', 'EURJPY', 'GBPJPY', 'AUDJPY', 'EURUSD', 'GBPUSD', 
  SKIP gen_ic_kumo_kijun_cross_none_swing_tp_short on USDCHF H4: out_of_universe -- gen_ic_kumo_kijun_cross_none_swing_tp_short declares universe ['USDJPY', 'EURJPY', 'GBPJPY', 'AUDJPY', 'EURUSD', 'GBPUSD', 
  SKIP gen_ic_kumo_kijun_cross_none_swing_tp_short on USDCHF D1: out_of_universe -- gen_ic_kumo_kijun_cross_none_swing_tp_short declares universe ['USDJPY', 'EURJPY', 'GBPJPY', 'AUDJPY', 'EURUSD', 'GBPUSD', 
  SKIP gen_ic_kumo_kijun_cross_none_swing_tp_short on XAGUSD H4: out_of_universe -- gen_ic_kumo_kijun_cross_none_swing_tp_short declares universe ['USDJPY', 'EURJPY', 'GBPJPY', 'AUDJPY', 'EURUSD', 'GBPUSD', 
  SKIP gen_ic_kumo_kijun_cross_none_swing_tp_short on XAGUSD D1: out_of_universe -- gen_ic_kumo_kijun_cross_none_swing_tp_short declares universe ['USDJPY', 'EURJPY', 'GBPJPY', 'AUDJPY', 'EURUSD', 'GBPUSD', 
  SKIP gen_ic_kumo_kijun_cross_rvol_gate_trail on DE40 H4: out_of_universe -- gen_ic_kumo_kijun_cross_rvol_gate_trail declares universe ['USDJPY', 'EURJPY', 'GBPJPY', 'AUDJPY', 'EURUSD', 'GBPUSD', 'AUDUSD', 
  SKIP gen_ic_kumo_kijun_cross_rvol_gate_trail on DE40 D1: out_of_universe -- gen_ic_kumo_kijun_cross_rvol_gate_trail declares universe ['USDJPY', 'EURJPY', 'GBPJPY', 'AUDJPY', 'EURUSD', 'GBPUSD', 'AUDUSD', 
  SKIP gen_ic_kumo_kijun_cross_rvol_gate_trail on EURGBP H4: out_of_universe -- gen_ic_kumo_kijun_cross_rvol_gate_trail declares universe ['USDJPY', 'EURJPY', 'GBPJPY', 'AUDJPY', 'EURUSD', 'GBPUSD', 'AUDUSD'
  SKIP gen_ic_kumo_kijun_cross_rvol_gate_trail on EURGBP D1: out_of_universe -- gen_ic_kumo_kijun_cross_rvol_gate_trail declares universe ['USDJPY', 'EURJPY', 'GBPJPY', 'AUDJPY', 'EURUSD', 'GBPUSD', 'AUDUSD'
  SKIP gen_ic_kumo_kijun_cross_rvol_gate_trail on NZDUSD H4: out_of_universe -- gen_ic_kumo_kijun_cross_rvol_gate_trail declares universe ['USDJPY', 'EURJPY', 'GBPJPY', 'AUDJPY', 'EURUSD', 'GBPUSD', 'AUDUSD'
  SKIP gen_ic_kumo_kijun_cross_rvol_gate_trail on NZDUSD D1: out_of_universe -- gen_ic_kumo_kijun_cross_rvol_gate_trail declares universe ['USDJPY', 'EURJPY', 'GBPJPY', 'AUDJPY', 'EURUSD', 'GBPUSD', 'AUDUSD'
  SKIP gen_ic_kumo_kijun_cross_rvol_gate_trail on UK100 H4: out_of_universe -- gen_ic_kumo_kijun_cross_rvol_gate_trail declares universe ['USDJPY', 'EURJPY', 'GBPJPY', 'AUDJPY', 'EURUSD', 'GBPUSD', 'AUDUSD',
  SKIP gen_ic_kumo_kijun_cross_rvol_gate_trail on UK100 D1: out_of_universe -- gen_ic_kumo_kijun_cross_rvol_gate_trail declares universe ['USDJPY', 'EURJPY', 'GBPJPY', 'AUDJPY', 'EURUSD', 'GBPUSD', 'AUDUSD',
  SKIP gen_ic_kumo_kijun_cross_rvol_gate_trail on USDCAD H4: out_of_universe -- gen_ic_kumo_kijun_cross_rvol_gate_trail declares universe ['USDJPY', 'EURJPY', 'GBPJPY', 'AUDJPY', 'EURUSD', 'GBPUSD', 'AUDUSD'
  SKIP gen_ic_kumo_kijun_cross_rvol_gate_trail on USDCAD D1: out_of_universe -- gen_ic_kumo_kijun_cross_rvol_gate_trail declares universe ['USDJPY', 'EURJPY', 'GBPJPY', 'AUDJPY', 'EURUSD', 'GBPUSD', 'AUDUSD'
  SKIP gen_ic_kumo_kijun_cross_rvol_gate_trail on USDCHF H4: out_of_universe -- gen_ic_kumo_kijun_cross_rvol_gate_trail declares universe ['USDJPY', 'EURJPY', 'GBPJPY', 'AUDJPY', 'EURUSD', 'GBPUSD', 'AUDUSD'
  SKIP gen_ic_kumo_kijun_cross_rvol_gate_trail on USDCHF D1: out_of_universe -- gen_ic_kumo_kijun_cross_rvol_gate_trail declares universe ['USDJPY', 'EURJPY', 'GBPJPY', 'AUDJPY', 'EURUSD', 'GBPUSD', 'AUDUSD'
  SKIP gen_ic_kumo_kijun_cross_rvol_gate_trail on XAGUSD H4: out_of_universe -- gen_ic_kumo_kijun_cross_rvol_gate_trail declares universe ['USDJPY', 'EURJPY', 'GBPJPY', 'AUDJPY', 'EURUSD', 'GBPUSD', 'AUDUSD'
  SKIP gen_ic_kumo_kijun_cross_rvol_gate_trail on XAGUSD D1: out_of_universe -- gen_ic_kumo_kijun_cross_rvol_gate_trail declares universe ['USDJPY', 'EURJPY', 'GBPJPY', 'AUDJPY', 'EURUSD', 'GBPUSD', 'AUDUSD'
  SKIP gen_ic_kumo_kijun_cross_session_tp_r on AUDJPY D1: out_of_universe -- gen_ic_kumo_kijun_cross_session_tp_r declares universe ['USDJPY', 'EURJPY', 'GBPJPY', 'AUDJPY', 'EURUSD', 'GBPUSD', 'AUDUSD', 'XAU
  SKIP gen_ic_kumo_kijun_cross_session_tp_r on AUDUSD D1: out_of_universe -- gen_ic_kumo_kijun_cross_session_tp_r declares universe ['USDJPY', 'EURJPY', 'GBPJPY', 'AUDJPY', 'EURUSD', 'GBPUSD', 'AUDUSD', 'XAU
  SKIP gen_ic_kumo_kijun_cross_session_tp_r on DE40 H4: out_of_universe -- gen_ic_kumo_kijun_cross_session_tp_r declares universe ['USDJPY', 'EURJPY', 'GBPJPY', 'AUDJPY', 'EURUSD', 'GBPUSD', 'AUDUSD', 'XAUUS
  SKIP gen_ic_kumo_kijun_cross_session_tp_r on DE40 D1: out_of_universe -- gen_ic_kumo_kijun_cross_session_tp_r declares universe ['USDJPY', 'EURJPY', 'GBPJPY', 'AUDJPY', 'EURUSD', 'GBPUSD', 'AUDUSD', 'XAUUS
  SKIP gen_ic_kumo_kijun_cross_session_tp_r on EURGBP H4: out_of_universe -- gen_ic_kumo_kijun_cross_session_tp_r declares universe ['USDJPY', 'EURJPY', 'GBPJPY', 'AUDJPY', 'EURUSD', 'GBPUSD', 'AUDUSD', 'XAU
  SKIP gen_ic_kumo_kijun_cross_session_tp_r on EURGBP D1: out_of_universe -- gen_ic_kumo_kijun_cross_session_tp_r declares universe ['USDJPY', 'EURJPY', 'GBPJPY', 'AUDJPY', 'EURUSD', 'GBPUSD', 'AUDUSD', 'XAU
  SKIP gen_ic_kumo_kijun_cross_session_tp_r on EURJPY D1: out_of_universe -- gen_ic_kumo_kijun_cross_session_tp_r declares universe ['USDJPY', 'EURJPY', 'GBPJPY', 'AUDJPY', 'EURUSD', 'GBPUSD', 'AUDUSD', 'XAU
  SKIP gen_ic_kumo_kijun_cross_session_tp_r on EURUSD D1: out_of_universe -- gen_ic_kumo_kijun_cross_session_tp_r declares universe ['USDJPY', 'EURJPY', 'GBPJPY', 'AUDJPY', 'EURUSD', 'GBPUSD', 'AUDUSD', 'XAU
  SKIP gen_ic_kumo_kijun_cross_session_tp_r on GBPJPY D1: out_of_universe -- gen_ic_kumo_kijun_cross_session_tp_r declares universe ['USDJPY', 'EURJPY', 'GBPJPY', 'AUDJPY', 'EURUSD', 'GBPUSD', 'AUDUSD', 'XAU
  SKIP gen_ic_kumo_kijun_cross_session_tp_r on GBPUSD D1: out_of_universe -- gen_ic_kumo_kijun_cross_session_tp_r declares universe ['USDJPY', 'EURJPY', 'GBPJPY', 'AUDJPY', 'EURUSD', 'GBPUSD', 'AUDUSD', 'XAU
  SKIP gen_ic_kumo_kijun_cross_session_tp_r on NZDUSD H4: out_of_universe -- gen_ic_kumo_kijun_cross_session_tp_r declares universe ['USDJPY', 'EURJPY', 'GBPJPY', 'AUDJPY', 'EURUSD', 'GBPUSD', 'AUDUSD', 'XAU
  SKIP gen_ic_kumo_kijun_cross_session_tp_r on NZDUSD D1: out_of_universe -- gen_ic_kumo_kijun_cross_session_tp_r declares universe ['USDJPY', 'EURJPY', 'GBPJPY', 'AUDJPY', 'EURUSD', 'GBPUSD', 'AUDUSD', 'XAU
  SKIP gen_ic_kumo_kijun_cross_session_tp_r on UK100 H4: out_of_universe -- gen_ic_kumo_kijun_cross_session_tp_r declares universe ['USDJPY', 'EURJPY', 'GBPJPY', 'AUDJPY', 'EURUSD', 'GBPUSD', 'AUDUSD', 'XAUU
  SKIP gen_ic_kumo_kijun_cross_session_tp_r on UK100 D1: out_of_universe -- gen_ic_kumo_kijun_cross_session_tp_r declares universe ['USDJPY', 'EURJPY', 'GBPJPY', 'AUDJPY', 'EURUSD', 'GBPUSD', 'AUDUSD', 'XAUU
  SKIP gen_ic_kumo_kijun_cross_session_tp_r on US500 D1: out_of_universe -- gen_ic_kumo_kijun_cross_session_tp_r declares universe ['USDJPY', 'EURJPY', 'GBPJPY', 'AUDJPY', 'EURUSD', 'GBPUSD', 'AUDUSD', 'XAUU
  SKIP gen_ic_kumo_kijun_cross_session_tp_r on USDCAD H4: out_of_universe -- gen_ic_kumo_kijun_cross_session_tp_r declares universe ['USDJPY', 'EURJPY', 'GBPJPY', 'AUDJPY', 'EURUSD', 'GBPUSD', 'AUDUSD', 'XAU
  SKIP gen_ic_kumo_kijun_cross_session_tp_r on USDCAD D1: out_of_universe -- gen_ic_kumo_kijun_cross_session_tp_r declares universe ['USDJPY', 'EURJPY', 'GBPJPY', 'AUDJPY', 'EURUSD', 'GBPUSD', 'AUDUSD', 'XAU
  SKIP gen_ic_kumo_kijun_cross_session_tp_r on USDCHF H4: out_of_universe -- gen_ic_kumo_kijun_cross_session_tp_r declares universe ['USDJPY', 'EURJPY', 'GBPJPY', 'AUDJPY', 'EURUSD', 'GBPUSD', 'AUDUSD', 'XAU
  SKIP gen_ic_kumo_kijun_cross_session_tp_r on USDCHF D1: out_of_universe -- gen_ic_kumo_kijun_cross_session_tp_r declares universe ['USDJPY', 'EURJPY', 'GBPJPY', 'AUDJPY', 'EURUSD', 'GBPUSD', 'AUDUSD', 'XAU
  SKIP gen_ic_kumo_kijun_cross_session_tp_r on USDJPY D1: out_of_universe -- gen_ic_kumo_kijun_cross_session_tp_r declares universe ['USDJPY', 'EURJPY', 'GBPJPY', 'AUDJPY', 'EURUSD', 'GBPUSD', 'AUDUSD', 'XAU
  SKIP gen_ic_kumo_kijun_cross_session_tp_r on XAGUSD H4: out_of_universe -- gen_ic_kumo_kijun_cross_session_tp_r declares universe ['USDJPY', 'EURJPY', 'GBPJPY', 'AUDJPY', 'EURUSD', 'GBPUSD', 'AUDUSD', 'XAU
  SKIP gen_ic_kumo_kijun_cross_session_tp_r on XAGUSD D1: out_of_universe -- gen_ic_kumo_kijun_cross_session_tp_r declares universe ['USDJPY', 'EURJPY', 'GBPJPY', 'AUDJPY', 'EURUSD', 'GBPUSD', 'AUDUSD', 'XAU
  SKIP gen_ic_kumo_kijun_cross_session_tp_r on XAUUSD D1: out_of_universe -- gen_ic_kumo_kijun_cross_session_tp_r declares universe ['USDJPY', 'EURJPY', 'GBPJPY', 'AUDJPY', 'EURUSD', 'GBPUSD', 'AUDUSD', 'XAU
  SKIP gen_ic_kumo_kijun_cross_session_trail on AUDJPY D1: out_of_universe -- gen_ic_kumo_kijun_cross_session_trail declares universe ['USDJPY', 'EURJPY', 'GBPJPY', 'AUDJPY', 'EURUSD', 'GBPUSD', 'AUDUSD', 'X
  SKIP gen_ic_kumo_kijun_cross_session_trail on AUDUSD D1: out_of_universe -- gen_ic_kumo_kijun_cross_session_trail declares universe ['USDJPY', 'EURJPY', 'GBPJPY', 'AUDJPY', 'EURUSD', 'GBPUSD', 'AUDUSD', 'X
  SKIP gen_ic_kumo_kijun_cross_session_trail on DE40 H4: out_of_universe -- gen_ic_kumo_kijun_cross_session_trail declares universe ['USDJPY', 'EURJPY', 'GBPJPY', 'AUDJPY', 'EURUSD', 'GBPUSD', 'AUDUSD', 'XAU
  SKIP gen_ic_kumo_kijun_cross_session_trail on DE40 D1: out_of_universe -- gen_ic_kumo_kijun_cross_session_trail declares universe ['USDJPY', 'EURJPY', 'GBPJPY', 'AUDJPY', 'EURUSD', 'GBPUSD', 'AUDUSD', 'XAU
  SKIP gen_ic_kumo_kijun_cross_session_trail on EURGBP H4: out_of_universe -- gen_ic_kumo_kijun_cross_session_trail declares universe ['USDJPY', 'EURJPY', 'GBPJPY', 'AUDJPY', 'EURUSD', 'GBPUSD', 'AUDUSD', 'X
  SKIP gen_ic_kumo_kijun_cross_session_trail on EURGBP D1: out_of_universe -- gen_ic_kumo_kijun_cross_session_trail declares universe ['USDJPY', 'EURJPY', 'GBPJPY', 'AUDJPY', 'EURUSD', 'GBPUSD', 'AUDUSD', 'X
  SKIP gen_ic_kumo_kijun_cross_session_trail on EURJPY D1: out_of_universe -- gen_ic_kumo_kijun_cross_session_trail declares universe ['USDJPY', 'EURJPY', 'GBPJPY', 'AUDJPY', 'EURUSD', 'GBPUSD', 'AUDUSD', 'X
  SKIP gen_ic_kumo_kijun_cross_session_trail on EURUSD D1: out_of_universe -- gen_ic_kumo_kijun_cross_session_trail declares universe ['USDJPY', 'EURJPY', 'GBPJPY', 'AUDJPY', 'EURUSD', 'GBPUSD', 'AUDUSD', 'X
  SKIP gen_ic_kumo_kijun_cross_session_trail on GBPJPY D1: out_of_universe -- gen_ic_kumo_kijun_cross_session_trail declares universe ['USDJPY', 'EURJPY', 'GBPJPY', 'AUDJPY', 'EURUSD', 'GBPUSD', 'AUDUSD', 'X
  SKIP gen_ic_kumo_kijun_cross_session_trail on GBPUSD D1: out_of_universe -- gen_ic_kumo_kijun_cross_session_trail declares universe ['USDJPY', 'EURJPY', 'GBPJPY', 'AUDJPY', 'EURUSD', 'GBPUSD', 'AUDUSD', 'X
  SKIP gen_ic_kumo_kijun_cross_session_trail on NZDUSD H4: out_of_universe -- gen_ic_kumo_kijun_cross_session_trail declares universe ['USDJPY', 'EURJPY', 'GBPJPY', 'AUDJPY', 'EURUSD', 'GBPUSD', 'AUDUSD', 'X
  SKIP gen_ic_kumo_kijun_cross_session_trail on NZDUSD D1: out_of_universe -- gen_ic_kumo_kijun_cross_session_trail declares universe ['USDJPY', 'EURJPY', 'GBPJPY', 'AUDJPY', 'EURUSD', 'GBPUSD', 'AUDUSD', 'X
  SKIP gen_ic_kumo_kijun_cross_session_trail on UK100 H4: out_of_universe -- gen_ic_kumo_kijun_cross_session_trail declares universe ['USDJPY', 'EURJPY', 'GBPJPY', 'AUDJPY', 'EURUSD', 'GBPUSD', 'AUDUSD', 'XA
  SKIP gen_ic_kumo_kijun_cross_session_trail on UK100 D1: out_of_universe -- gen_ic_kumo_kijun_cross_session_trail declares universe ['USDJPY', 'EURJPY', 'GBPJPY', 'AUDJPY', 'EURUSD', 'GBPUSD', 'AUDUSD', 'XA
  SKIP gen_ic_kumo_kijun_cross_session_trail on US500 D1: out_of_universe -- gen_ic_kumo_kijun_cross_session_trail declares universe ['USDJPY', 'EURJPY', 'GBPJPY', 'AUDJPY', 'EURUSD', 'GBPUSD', 'AUDUSD', 'XA
  SKIP gen_ic_kumo_kijun_cross_session_trail on USDCAD H4: out_of_universe -- gen_ic_kumo_kijun_cross_session_trail declares universe ['USDJPY', 'EURJPY', 'GBPJPY', 'AUDJPY', 'EURUSD', 'GBPUSD', 'AUDUSD', 'X
  SKIP gen_ic_kumo_kijun_cross_session_trail on USDCAD D1: out_of_universe -- gen_ic_kumo_kijun_cross_session_trail declares universe ['USDJPY', 'EURJPY', 'GBPJPY', 'AUDJPY', 'EURUSD', 'GBPUSD', 'AUDUSD', 'X
  SKIP gen_ic_kumo_kijun_cross_session_trail on USDCHF H4: out_of_universe -- gen_ic_kumo_kijun_cross_session_trail declares universe ['USDJPY', 'EURJPY', 'GBPJPY', 'AUDJPY', 'EURUSD', 'GBPUSD', 'AUDUSD', 'X
  SKIP gen_ic_kumo_kijun_cross_session_trail on USDCHF D1: out_of_universe -- gen_ic_kumo_kijun_cross_session_trail declares universe ['USDJPY', 'EURJPY', 'GBPJPY', 'AUDJPY', 'EURUSD', 'GBPUSD', 'AUDUSD', 'X
  SKIP gen_ic_kumo_kijun_cross_session_trail on USDJPY D1: out_of_universe -- gen_ic_kumo_kijun_cross_session_trail declares universe ['USDJPY', 'EURJPY', 'GBPJPY', 'AUDJPY', 'EURUSD', 'GBPUSD', 'AUDUSD', 'X
  SKIP gen_ic_kumo_kijun_cross_session_trail on XAGUSD H4: out_of_universe -- gen_ic_kumo_kijun_cross_session_trail declares universe ['USDJPY', 'EURJPY', 'GBPJPY', 'AUDJPY', 'EURUSD', 'GBPUSD', 'AUDUSD', 'X
  SKIP gen_ic_kumo_kijun_cross_session_trail on XAGUSD D1: out_of_universe -- gen_ic_kumo_kijun_cross_session_trail declares universe ['USDJPY', 'EURJPY', 'GBPJPY', 'AUDJPY', 'EURUSD', 'GBPUSD', 'AUDUSD', 'X
  SKIP gen_ic_kumo_kijun_cross_session_trail on XAUUSD D1: out_of_universe -- gen_ic_kumo_kijun_cross_session_trail declares universe ['USDJPY', 'EURJPY', 'GBPJPY', 'AUDJPY', 'EURUSD', 'GBPUSD', 'AUDUSD', 'X
  SKIP gen_ic_kumo_tk_cross_adx_gate_swing_tp_short on DE40 H4: out_of_universe -- gen_ic_kumo_tk_cross_adx_gate_swing_tp_short declares universe ['USDJPY', 'EURJPY', 'GBPJPY', 'AUDJPY', 'EURUSD', 'GBPUSD', 
  SKIP gen_ic_kumo_tk_cross_adx_gate_swing_tp_short on DE40 D1: out_of_universe -- gen_ic_kumo_tk_cross_adx_gate_swing_tp_short declares universe ['USDJPY', 'EURJPY', 'GBPJPY', 'AUDJPY', 'EURUSD', 'GBPUSD', 
  SKIP gen_ic_kumo_tk_cross_adx_gate_swing_tp_short on EURGBP H4: out_of_universe -- gen_ic_kumo_tk_cross_adx_gate_swing_tp_short declares universe ['USDJPY', 'EURJPY', 'GBPJPY', 'AUDJPY', 'EURUSD', 'GBPUSD'
  SKIP gen_ic_kumo_tk_cross_adx_gate_swing_tp_short on EURGBP D1: out_of_universe -- gen_ic_kumo_tk_cross_adx_gate_swing_tp_short declares universe ['USDJPY', 'EURJPY', 'GBPJPY', 'AUDJPY', 'EURUSD', 'GBPUSD'
  SKIP gen_ic_kumo_tk_cross_adx_gate_swing_tp_short on NZDUSD H4: out_of_universe -- gen_ic_kumo_tk_cross_adx_gate_swing_tp_short declares universe ['USDJPY', 'EURJPY', 'GBPJPY', 'AUDJPY', 'EURUSD', 'GBPUSD'
  SKIP gen_ic_kumo_tk_cross_adx_gate_swing_tp_short on NZDUSD D1: out_of_universe -- gen_ic_kumo_tk_cross_adx_gate_swing_tp_short declares universe ['USDJPY', 'EURJPY', 'GBPJPY', 'AUDJPY', 'EURUSD', 'GBPUSD'
  SKIP gen_ic_kumo_tk_cross_adx_gate_swing_tp_short on UK100 H4: out_of_universe -- gen_ic_kumo_tk_cross_adx_gate_swing_tp_short declares universe ['USDJPY', 'EURJPY', 'GBPJPY', 'AUDJPY', 'EURUSD', 'GBPUSD',
  SKIP gen_ic_kumo_tk_cross_adx_gate_swing_tp_short on UK100 D1: out_of_universe -- gen_ic_kumo_tk_cross_adx_gate_swing_tp_short declares universe ['USDJPY', 'EURJPY', 'GBPJPY', 'AUDJPY', 'EURUSD', 'GBPUSD',
  SKIP gen_ic_kumo_tk_cross_adx_gate_swing_tp_short on USDCAD H4: out_of_universe -- gen_ic_kumo_tk_cross_adx_gate_swing_tp_short declares universe ['USDJPY', 'EURJPY', 'GBPJPY', 'AUDJPY', 'EURUSD', 'GBPUSD'
  SKIP gen_ic_kumo_tk_cross_adx_gate_swing_tp_short on USDCAD D1: out_of_universe -- gen_ic_kumo_tk_cross_adx_gate_swing_tp_short declares universe ['USDJPY', 'EURJPY', 'GBPJPY', 'AUDJPY', 'EURUSD', 'GBPUSD'
  SKIP gen_ic_kumo_tk_cross_adx_gate_swing_tp_short on USDCHF H4: out_of_universe -- gen_ic_kumo_tk_cross_adx_gate_swing_tp_short declares universe ['USDJPY', 'EURJPY', 'GBPJPY', 'AUDJPY', 'EURUSD', 'GBPUSD'
  SKIP gen_ic_kumo_tk_cross_adx_gate_swing_tp_short on USDCHF D1: out_of_universe -- gen_ic_kumo_tk_cross_adx_gate_swing_tp_short declares universe ['USDJPY', 'EURJPY', 'GBPJPY', 'AUDJPY', 'EURUSD', 'GBPUSD'
  SKIP gen_ic_kumo_tk_cross_adx_gate_swing_tp_short on XAGUSD H4: out_of_universe -- gen_ic_kumo_tk_cross_adx_gate_swing_tp_short declares universe ['USDJPY', 'EURJPY', 'GBPJPY', 'AUDJPY', 'EURUSD', 'GBPUSD'
  SKIP gen_ic_kumo_tk_cross_adx_gate_swing_tp_short on XAGUSD D1: out_of_universe -- gen_ic_kumo_tk_cross_adx_gate_swing_tp_short declares universe ['USDJPY', 'EURJPY', 'GBPJPY', 'AUDJPY', 'EURUSD', 'GBPUSD'
  SKIP gen_ic_kumo_tk_cross_none_swing_tp_long on DE40 H4: out_of_universe -- gen_ic_kumo_tk_cross_none_swing_tp_long declares universe ['USDJPY', 'EURJPY', 'GBPJPY', 'AUDJPY', 'EURUSD', 'GBPUSD', 'AUDUSD', 
  SKIP gen_ic_kumo_tk_cross_none_swing_tp_long on DE40 D1: out_of_universe -- gen_ic_kumo_tk_cross_none_swing_tp_long declares universe ['USDJPY', 'EURJPY', 'GBPJPY', 'AUDJPY', 'EURUSD', 'GBPUSD', 'AUDUSD', 
  SKIP gen_ic_kumo_tk_cross_none_swing_tp_long on EURGBP H4: out_of_universe -- gen_ic_kumo_tk_cross_none_swing_tp_long declares universe ['USDJPY', 'EURJPY', 'GBPJPY', 'AUDJPY', 'EURUSD', 'GBPUSD', 'AUDUSD'
  SKIP gen_ic_kumo_tk_cross_none_swing_tp_long on EURGBP D1: out_of_universe -- gen_ic_kumo_tk_cross_none_swing_tp_long declares universe ['USDJPY', 'EURJPY', 'GBPJPY', 'AUDJPY', 'EURUSD', 'GBPUSD', 'AUDUSD'
  SKIP gen_ic_kumo_tk_cross_none_swing_tp_long on NZDUSD H4: out_of_universe -- gen_ic_kumo_tk_cross_none_swing_tp_long declares universe ['USDJPY', 'EURJPY', 'GBPJPY', 'AUDJPY', 'EURUSD', 'GBPUSD', 'AUDUSD'
  SKIP gen_ic_kumo_tk_cross_none_swing_tp_long on NZDUSD D1: out_of_universe -- gen_ic_kumo_tk_cross_none_swing_tp_long declares universe ['USDJPY', 'EURJPY', 'GBPJPY', 'AUDJPY', 'EURUSD', 'GBPUSD', 'AUDUSD'
  SKIP gen_ic_kumo_tk_cross_none_swing_tp_long on UK100 H4: out_of_universe -- gen_ic_kumo_tk_cross_none_swing_tp_long declares universe ['USDJPY', 'EURJPY', 'GBPJPY', 'AUDJPY', 'EURUSD', 'GBPUSD', 'AUDUSD',
  SKIP gen_ic_kumo_tk_cross_none_swing_tp_long on UK100 D1: out_of_universe -- gen_ic_kumo_tk_cross_none_swing_tp_long declares universe ['USDJPY', 'EURJPY', 'GBPJPY', 'AUDJPY', 'EURUSD', 'GBPUSD', 'AUDUSD',
  SKIP gen_ic_kumo_tk_cross_none_swing_tp_long on USDCAD H4: out_of_universe -- gen_ic_kumo_tk_cross_none_swing_tp_long declares universe ['USDJPY', 'EURJPY', 'GBPJPY', 'AUDJPY', 'EURUSD', 'GBPUSD', 'AUDUSD'
  SKIP gen_ic_kumo_tk_cross_none_swing_tp_long on USDCAD D1: out_of_universe -- gen_ic_kumo_tk_cross_none_swing_tp_long declares universe ['USDJPY', 'EURJPY', 'GBPJPY', 'AUDJPY', 'EURUSD', 'GBPUSD', 'AUDUSD'
  SKIP gen_ic_kumo_tk_cross_none_swing_tp_long on USDCHF H4: out_of_universe -- gen_ic_kumo_tk_cross_none_swing_tp_long declares universe ['USDJPY', 'EURJPY', 'GBPJPY', 'AUDJPY', 'EURUSD', 'GBPUSD', 'AUDUSD'
  SKIP gen_ic_kumo_tk_cross_none_swing_tp_long on USDCHF D1: out_of_universe -- gen_ic_kumo_tk_cross_none_swing_tp_long declares universe ['USDJPY', 'EURJPY', 'GBPJPY', 'AUDJPY', 'EURUSD', 'GBPUSD', 'AUDUSD'
  SKIP gen_ic_kumo_tk_cross_none_swing_tp_long on XAGUSD H4: out_of_universe -- gen_ic_kumo_tk_cross_none_swing_tp_long declares universe ['USDJPY', 'EURJPY', 'GBPJPY', 'AUDJPY', 'EURUSD', 'GBPUSD', 'AUDUSD'
  SKIP gen_ic_kumo_tk_cross_none_swing_tp_long on XAGUSD D1: out_of_universe -- gen_ic_kumo_tk_cross_none_swing_tp_long declares universe ['USDJPY', 'EURJPY', 'GBPJPY', 'AUDJPY', 'EURUSD', 'GBPUSD', 'AUDUSD'
  SKIP gen_ic_kumo_tk_cross_none_time_exit on DE40 H4: out_of_universe -- gen_ic_kumo_tk_cross_none_time_exit declares universe ['USDJPY', 'EURJPY', 'GBPJPY', 'AUDJPY', 'EURUSD', 'GBPUSD', 'AUDUSD', 'XAUUSD'
  SKIP gen_ic_kumo_tk_cross_none_time_exit on DE40 D1: out_of_universe -- gen_ic_kumo_tk_cross_none_time_exit declares universe ['USDJPY', 'EURJPY', 'GBPJPY', 'AUDJPY', 'EURUSD', 'GBPUSD', 'AUDUSD', 'XAUUSD'
  SKIP gen_ic_kumo_tk_cross_none_time_exit on EURGBP H4: out_of_universe -- gen_ic_kumo_tk_cross_none_time_exit declares universe ['USDJPY', 'EURJPY', 'GBPJPY', 'AUDJPY', 'EURUSD', 'GBPUSD', 'AUDUSD', 'XAUUS
  SKIP gen_ic_kumo_tk_cross_none_time_exit on EURGBP D1: out_of_universe -- gen_ic_kumo_tk_cross_none_time_exit declares universe ['USDJPY', 'EURJPY', 'GBPJPY', 'AUDJPY', 'EURUSD', 'GBPUSD', 'AUDUSD', 'XAUUS
  SKIP gen_ic_kumo_tk_cross_none_time_exit on NZDUSD H4: out_of_universe -- gen_ic_kumo_tk_cross_none_time_exit declares universe ['USDJPY', 'EURJPY', 'GBPJPY', 'AUDJPY', 'EURUSD', 'GBPUSD', 'AUDUSD', 'XAUUS
  SKIP gen_ic_kumo_tk_cross_none_time_exit on NZDUSD D1: out_of_universe -- gen_ic_kumo_tk_cross_none_time_exit declares universe ['USDJPY', 'EURJPY', 'GBPJPY', 'AUDJPY', 'EURUSD', 'GBPUSD', 'AUDUSD', 'XAUUS
  SKIP gen_ic_kumo_tk_cross_none_time_exit on UK100 H4: out_of_universe -- gen_ic_kumo_tk_cross_none_time_exit declares universe ['USDJPY', 'EURJPY', 'GBPJPY', 'AUDJPY', 'EURUSD', 'GBPUSD', 'AUDUSD', 'XAUUSD
  SKIP gen_ic_kumo_tk_cross_none_time_exit on UK100 D1: out_of_universe -- gen_ic_kumo_tk_cross_none_time_exit declares universe ['USDJPY', 'EURJPY', 'GBPJPY', 'AUDJPY', 'EURUSD', 'GBPUSD', 'AUDUSD', 'XAUUSD
  SKIP gen_ic_kumo_tk_cross_none_time_exit on USDCAD H4: out_of_universe -- gen_ic_kumo_tk_cross_none_time_exit declares universe ['USDJPY', 'EURJPY', 'GBPJPY', 'AUDJPY', 'EURUSD', 'GBPUSD', 'AUDUSD', 'XAUUS
  SKIP gen_ic_kumo_tk_cross_none_time_exit on USDCAD D1: out_of_universe -- gen_ic_kumo_tk_cross_none_time_exit declares universe ['USDJPY', 'EURJPY', 'GBPJPY', 'AUDJPY', 'EURUSD', 'GBPUSD', 'AUDUSD', 'XAUUS
  SKIP gen_ic_kumo_tk_cross_none_time_exit on USDCHF H4: out_of_universe -- gen_ic_kumo_tk_cross_none_time_exit declares universe ['USDJPY', 'EURJPY', 'GBPJPY', 'AUDJPY', 'EURUSD', 'GBPUSD', 'AUDUSD', 'XAUUS
  SKIP gen_ic_kumo_tk_cross_none_time_exit on USDCHF D1: out_of_universe -- gen_ic_kumo_tk_cross_none_time_exit declares universe ['USDJPY', 'EURJPY', 'GBPJPY', 'AUDJPY', 'EURUSD', 'GBPUSD', 'AUDUSD', 'XAUUS
  SKIP gen_ic_kumo_tk_cross_none_time_exit on XAGUSD H4: out_of_universe -- gen_ic_kumo_tk_cross_none_time_exit declares universe ['USDJPY', 'EURJPY', 'GBPJPY', 'AUDJPY', 'EURUSD', 'GBPUSD', 'AUDUSD', 'XAUUS
  SKIP gen_ic_kumo_tk_cross_none_time_exit on XAGUSD D1: out_of_universe -- gen_ic_kumo_tk_cross_none_time_exit declares universe ['USDJPY', 'EURJPY', 'GBPJPY', 'AUDJPY', 'EURUSD', 'GBPUSD', 'AUDUSD', 'XAUUS
  SKIP gen_ic_kumo_tk_cross_none_tp_r on DE40 H4: out_of_universe -- gen_ic_kumo_tk_cross_none_tp_r declares universe ['USDJPY', 'EURJPY', 'GBPJPY', 'AUDJPY', 'EURUSD', 'GBPUSD', 'AUDUSD', 'XAUUSD', 'US500']
  SKIP gen_ic_kumo_tk_cross_none_tp_r on DE40 D1: out_of_universe -- gen_ic_kumo_tk_cross_none_tp_r declares universe ['USDJPY', 'EURJPY', 'GBPJPY', 'AUDJPY', 'EURUSD', 'GBPUSD', 'AUDUSD', 'XAUUSD', 'US500']
  SKIP gen_ic_kumo_tk_cross_none_tp_r on EURGBP H4: out_of_universe -- gen_ic_kumo_tk_cross_none_tp_r declares universe ['USDJPY', 'EURJPY', 'GBPJPY', 'AUDJPY', 'EURUSD', 'GBPUSD', 'AUDUSD', 'XAUUSD', 'US500
  SKIP gen_ic_kumo_tk_cross_none_tp_r on EURGBP D1: out_of_universe -- gen_ic_kumo_tk_cross_none_tp_r declares universe ['USDJPY', 'EURJPY', 'GBPJPY', 'AUDJPY', 'EURUSD', 'GBPUSD', 'AUDUSD', 'XAUUSD', 'US500
  SKIP gen_ic_kumo_tk_cross_none_tp_r on NZDUSD H4: out_of_universe -- gen_ic_kumo_tk_cross_none_tp_r declares universe ['USDJPY', 'EURJPY', 'GBPJPY', 'AUDJPY', 'EURUSD', 'GBPUSD', 'AUDUSD', 'XAUUSD', 'US500
  SKIP gen_ic_kumo_tk_cross_none_tp_r on NZDUSD D1: out_of_universe -- gen_ic_kumo_tk_cross_none_tp_r declares universe ['USDJPY', 'EURJPY', 'GBPJPY', 'AUDJPY', 'EURUSD', 'GBPUSD', 'AUDUSD', 'XAUUSD', 'US500
  SKIP gen_ic_kumo_tk_cross_none_tp_r on UK100 H4: out_of_universe -- gen_ic_kumo_tk_cross_none_tp_r declares universe ['USDJPY', 'EURJPY', 'GBPJPY', 'AUDJPY', 'EURUSD', 'GBPUSD', 'AUDUSD', 'XAUUSD', 'US500'
  SKIP gen_ic_kumo_tk_cross_none_tp_r on UK100 D1: out_of_universe -- gen_ic_kumo_tk_cross_none_tp_r declares universe ['USDJPY', 'EURJPY', 'GBPJPY', 'AUDJPY', 'EURUSD', 'GBPUSD', 'AUDUSD', 'XAUUSD', 'US500'
  SKIP gen_ic_kumo_tk_cross_none_tp_r on USDCAD H4: out_of_universe -- gen_ic_kumo_tk_cross_none_tp_r declares universe ['USDJPY', 'EURJPY', 'GBPJPY', 'AUDJPY', 'EURUSD', 'GBPUSD', 'AUDUSD', 'XAUUSD', 'US500
  SKIP gen_ic_kumo_tk_cross_none_tp_r on USDCAD D1: out_of_universe -- gen_ic_kumo_tk_cross_none_tp_r declares universe ['USDJPY', 'EURJPY', 'GBPJPY', 'AUDJPY', 'EURUSD', 'GBPUSD', 'AUDUSD', 'XAUUSD', 'US500
  SKIP gen_ic_kumo_tk_cross_none_tp_r on USDCHF H4: out_of_universe -- gen_ic_kumo_tk_cross_none_tp_r declares universe ['USDJPY', 'EURJPY', 'GBPJPY', 'AUDJPY', 'EURUSD', 'GBPUSD', 'AUDUSD', 'XAUUSD', 'US500
  SKIP gen_ic_kumo_tk_cross_none_tp_r on USDCHF D1: out_of_universe -- gen_ic_kumo_tk_cross_none_tp_r declares universe ['USDJPY', 'EURJPY', 'GBPJPY', 'AUDJPY', 'EURUSD', 'GBPUSD', 'AUDUSD', 'XAUUSD', 'US500
  SKIP gen_ic_kumo_tk_cross_none_tp_r on XAGUSD H4: out_of_universe -- gen_ic_kumo_tk_cross_none_tp_r declares universe ['USDJPY', 'EURJPY', 'GBPJPY', 'AUDJPY', 'EURUSD', 'GBPUSD', 'AUDUSD', 'XAUUSD', 'US500
  SKIP gen_ic_kumo_tk_cross_none_tp_r on XAGUSD D1: out_of_universe -- gen_ic_kumo_tk_cross_none_tp_r declares universe ['USDJPY', 'EURJPY', 'GBPJPY', 'AUDJPY', 'EURUSD', 'GBPUSD', 'AUDUSD', 'XAUUSD', 'US500
  SKIP gen_ic_kumo_tk_cross_none_trail on DE40 H4: out_of_universe -- gen_ic_kumo_tk_cross_none_trail declares universe ['USDJPY', 'EURJPY', 'GBPJPY', 'AUDJPY', 'EURUSD', 'GBPUSD', 'AUDUSD', 'XAUUSD', 'US500
  SKIP gen_ic_kumo_tk_cross_none_trail on DE40 D1: out_of_universe -- gen_ic_kumo_tk_cross_none_trail declares universe ['USDJPY', 'EURJPY', 'GBPJPY', 'AUDJPY', 'EURUSD', 'GBPUSD', 'AUDUSD', 'XAUUSD', 'US500
  SKIP gen_ic_kumo_tk_cross_none_trail on EURGBP H4: out_of_universe -- gen_ic_kumo_tk_cross_none_trail declares universe ['USDJPY', 'EURJPY', 'GBPJPY', 'AUDJPY', 'EURUSD', 'GBPUSD', 'AUDUSD', 'XAUUSD', 'US5
  SKIP gen_ic_kumo_tk_cross_none_trail on EURGBP D1: out_of_universe -- gen_ic_kumo_tk_cross_none_trail declares universe ['USDJPY', 'EURJPY', 'GBPJPY', 'AUDJPY', 'EURUSD', 'GBPUSD', 'AUDUSD', 'XAUUSD', 'US5
  SKIP gen_ic_kumo_tk_cross_none_trail on NZDUSD H4: out_of_universe -- gen_ic_kumo_tk_cross_none_trail declares universe ['USDJPY', 'EURJPY', 'GBPJPY', 'AUDJPY', 'EURUSD', 'GBPUSD', 'AUDUSD', 'XAUUSD', 'US5
  SKIP gen_ic_kumo_tk_cross_none_trail on NZDUSD D1: out_of_universe -- gen_ic_kumo_tk_cross_none_trail declares universe ['USDJPY', 'EURJPY', 'GBPJPY', 'AUDJPY', 'EURUSD', 'GBPUSD', 'AUDUSD', 'XAUUSD', 'US5
  SKIP gen_ic_kumo_tk_cross_none_trail on UK100 H4: out_of_universe -- gen_ic_kumo_tk_cross_none_trail declares universe ['USDJPY', 'EURJPY', 'GBPJPY', 'AUDJPY', 'EURUSD', 'GBPUSD', 'AUDUSD', 'XAUUSD', 'US50
  SKIP gen_ic_kumo_tk_cross_none_trail on UK100 D1: out_of_universe -- gen_ic_kumo_tk_cross_none_trail declares universe ['USDJPY', 'EURJPY', 'GBPJPY', 'AUDJPY', 'EURUSD', 'GBPUSD', 'AUDUSD', 'XAUUSD', 'US50
  SKIP gen_ic_kumo_tk_cross_none_trail on USDCAD H4: out_of_universe -- gen_ic_kumo_tk_cross_none_trail declares universe ['USDJPY', 'EURJPY', 'GBPJPY', 'AUDJPY', 'EURUSD', 'GBPUSD', 'AUDUSD', 'XAUUSD', 'US5
  SKIP gen_ic_kumo_tk_cross_none_trail on USDCAD D1: out_of_universe -- gen_ic_kumo_tk_cross_none_trail declares universe ['USDJPY', 'EURJPY', 'GBPJPY', 'AUDJPY', 'EURUSD', 'GBPUSD', 'AUDUSD', 'XAUUSD', 'US5
  SKIP gen_ic_kumo_tk_cross_none_trail on USDCHF H4: out_of_universe -- gen_ic_kumo_tk_cross_none_trail declares universe ['USDJPY', 'EURJPY', 'GBPJPY', 'AUDJPY', 'EURUSD', 'GBPUSD', 'AUDUSD', 'XAUUSD', 'US5
  SKIP gen_ic_kumo_tk_cross_none_trail on USDCHF D1: out_of_universe -- gen_ic_kumo_tk_cross_none_trail declares universe ['USDJPY', 'EURJPY', 'GBPJPY', 'AUDJPY', 'EURUSD', 'GBPUSD', 'AUDUSD', 'XAUUSD', 'US5
  SKIP gen_ic_kumo_tk_cross_none_trail on XAGUSD H4: out_of_universe -- gen_ic_kumo_tk_cross_none_trail declares universe ['USDJPY', 'EURJPY', 'GBPJPY', 'AUDJPY', 'EURUSD', 'GBPUSD', 'AUDUSD', 'XAUUSD', 'US5
  SKIP gen_ic_kumo_tk_cross_none_trail on XAGUSD D1: out_of_universe -- gen_ic_kumo_tk_cross_none_trail declares universe ['USDJPY', 'EURJPY', 'GBPJPY', 'AUDJPY', 'EURUSD', 'GBPUSD', 'AUDUSD', 'XAUUSD', 'US5
  SKIP gen_ic_kumo_tk_cross_rvol_gate_swing_tp_long on DE40 H4: out_of_universe -- gen_ic_kumo_tk_cross_rvol_gate_swing_tp_long declares universe ['USDJPY', 'EURJPY', 'GBPJPY', 'AUDJPY', 'EURUSD', 'GBPUSD', 
  SKIP gen_ic_kumo_tk_cross_rvol_gate_swing_tp_long on DE40 D1: out_of_universe -- gen_ic_kumo_tk_cross_rvol_gate_swing_tp_long declares universe ['USDJPY', 'EURJPY', 'GBPJPY', 'AUDJPY', 'EURUSD', 'GBPUSD', 
  SKIP gen_ic_kumo_tk_cross_rvol_gate_swing_tp_long on EURGBP H4: out_of_universe -- gen_ic_kumo_tk_cross_rvol_gate_swing_tp_long declares universe ['USDJPY', 'EURJPY', 'GBPJPY', 'AUDJPY', 'EURUSD', 'GBPUSD'
  SKIP gen_ic_kumo_tk_cross_rvol_gate_swing_tp_long on EURGBP D1: out_of_universe -- gen_ic_kumo_tk_cross_rvol_gate_swing_tp_long declares universe ['USDJPY', 'EURJPY', 'GBPJPY', 'AUDJPY', 'EURUSD', 'GBPUSD'
  SKIP gen_ic_kumo_tk_cross_rvol_gate_swing_tp_long on NZDUSD H4: out_of_universe -- gen_ic_kumo_tk_cross_rvol_gate_swing_tp_long declares universe ['USDJPY', 'EURJPY', 'GBPJPY', 'AUDJPY', 'EURUSD', 'GBPUSD'
  SKIP gen_ic_kumo_tk_cross_rvol_gate_swing_tp_long on NZDUSD D1: out_of_universe -- gen_ic_kumo_tk_cross_rvol_gate_swing_tp_long declares universe ['USDJPY', 'EURJPY', 'GBPJPY', 'AUDJPY', 'EURUSD', 'GBPUSD'
  SKIP gen_ic_kumo_tk_cross_rvol_gate_swing_tp_long on UK100 H4: out_of_universe -- gen_ic_kumo_tk_cross_rvol_gate_swing_tp_long declares universe ['USDJPY', 'EURJPY', 'GBPJPY', 'AUDJPY', 'EURUSD', 'GBPUSD',
  SKIP gen_ic_kumo_tk_cross_rvol_gate_swing_tp_long on UK100 D1: out_of_universe -- gen_ic_kumo_tk_cross_rvol_gate_swing_tp_long declares universe ['USDJPY', 'EURJPY', 'GBPJPY', 'AUDJPY', 'EURUSD', 'GBPUSD',
  SKIP gen_ic_kumo_tk_cross_rvol_gate_swing_tp_long on USDCAD H4: out_of_universe -- gen_ic_kumo_tk_cross_rvol_gate_swing_tp_long declares universe ['USDJPY', 'EURJPY', 'GBPJPY', 'AUDJPY', 'EURUSD', 'GBPUSD'
  SKIP gen_ic_kumo_tk_cross_rvol_gate_swing_tp_long on USDCAD D1: out_of_universe -- gen_ic_kumo_tk_cross_rvol_gate_swing_tp_long declares universe ['USDJPY', 'EURJPY', 'GBPJPY', 'AUDJPY', 'EURUSD', 'GBPUSD'
  SKIP gen_ic_kumo_tk_cross_rvol_gate_swing_tp_long on USDCHF H4: out_of_universe -- gen_ic_kumo_tk_cross_rvol_gate_swing_tp_long declares universe ['USDJPY', 'EURJPY', 'GBPJPY', 'AUDJPY', 'EURUSD', 'GBPUSD'
  SKIP gen_ic_kumo_tk_cross_rvol_gate_swing_tp_long on USDCHF D1: out_of_universe -- gen_ic_kumo_tk_cross_rvol_gate_swing_tp_long declares universe ['USDJPY', 'EURJPY', 'GBPJPY', 'AUDJPY', 'EURUSD', 'GBPUSD'
  SKIP gen_ic_kumo_tk_cross_rvol_gate_swing_tp_long on XAGUSD H4: out_of_universe -- gen_ic_kumo_tk_cross_rvol_gate_swing_tp_long declares universe ['USDJPY', 'EURJPY', 'GBPJPY', 'AUDJPY', 'EURUSD', 'GBPUSD'
  SKIP gen_ic_kumo_tk_cross_rvol_gate_swing_tp_long on XAGUSD D1: out_of_universe -- gen_ic_kumo_tk_cross_rvol_gate_swing_tp_long declares universe ['USDJPY', 'EURJPY', 'GBPJPY', 'AUDJPY', 'EURUSD', 'GBPUSD'
  SKIP gen_ic_kumo_tk_cross_rvol_gate_trail on DE40 H4: out_of_universe -- gen_ic_kumo_tk_cross_rvol_gate_trail declares universe ['USDJPY', 'EURJPY', 'GBPJPY', 'AUDJPY', 'EURUSD', 'GBPUSD', 'AUDUSD', 'XAUUS
  SKIP gen_ic_kumo_tk_cross_rvol_gate_trail on DE40 D1: out_of_universe -- gen_ic_kumo_tk_cross_rvol_gate_trail declares universe ['USDJPY', 'EURJPY', 'GBPJPY', 'AUDJPY', 'EURUSD', 'GBPUSD', 'AUDUSD', 'XAUUS
  SKIP gen_ic_kumo_tk_cross_rvol_gate_trail on EURGBP H4: out_of_universe -- gen_ic_kumo_tk_cross_rvol_gate_trail declares universe ['USDJPY', 'EURJPY', 'GBPJPY', 'AUDJPY', 'EURUSD', 'GBPUSD', 'AUDUSD', 'XAU
  SKIP gen_ic_kumo_tk_cross_rvol_gate_trail on EURGBP D1: out_of_universe -- gen_ic_kumo_tk_cross_rvol_gate_trail declares universe ['USDJPY', 'EURJPY', 'GBPJPY', 'AUDJPY', 'EURUSD', 'GBPUSD', 'AUDUSD', 'XAU
  SKIP gen_ic_kumo_tk_cross_rvol_gate_trail on NZDUSD H4: out_of_universe -- gen_ic_kumo_tk_cross_rvol_gate_trail declares universe ['USDJPY', 'EURJPY', 'GBPJPY', 'AUDJPY', 'EURUSD', 'GBPUSD', 'AUDUSD', 'XAU
  SKIP gen_ic_kumo_tk_cross_rvol_gate_trail on NZDUSD D1: out_of_universe -- gen_ic_kumo_tk_cross_rvol_gate_trail declares universe ['USDJPY', 'EURJPY', 'GBPJPY', 'AUDJPY', 'EURUSD', 'GBPUSD', 'AUDUSD', 'XAU
  SKIP gen_ic_kumo_tk_cross_rvol_gate_trail on UK100 H4: out_of_universe -- gen_ic_kumo_tk_cross_rvol_gate_trail declares universe ['USDJPY', 'EURJPY', 'GBPJPY', 'AUDJPY', 'EURUSD', 'GBPUSD', 'AUDUSD', 'XAUU
  SKIP gen_ic_kumo_tk_cross_rvol_gate_trail on UK100 D1: out_of_universe -- gen_ic_kumo_tk_cross_rvol_gate_trail declares universe ['USDJPY', 'EURJPY', 'GBPJPY', 'AUDJPY', 'EURUSD', 'GBPUSD', 'AUDUSD', 'XAUU
  SKIP gen_ic_kumo_tk_cross_rvol_gate_trail on USDCAD H4: out_of_universe -- gen_ic_kumo_tk_cross_rvol_gate_trail declares universe ['USDJPY', 'EURJPY', 'GBPJPY', 'AUDJPY', 'EURUSD', 'GBPUSD', 'AUDUSD', 'XAU
  SKIP gen_ic_kumo_tk_cross_rvol_gate_trail on USDCAD D1: out_of_universe -- gen_ic_kumo_tk_cross_rvol_gate_trail declares universe ['USDJPY', 'EURJPY', 'GBPJPY', 'AUDJPY', 'EURUSD', 'GBPUSD', 'AUDUSD', 'XAU
  SKIP gen_ic_kumo_tk_cross_rvol_gate_trail on USDCHF H4: out_of_universe -- gen_ic_kumo_tk_cross_rvol_gate_trail declares universe ['USDJPY', 'EURJPY', 'GBPJPY', 'AUDJPY', 'EURUSD', 'GBPUSD', 'AUDUSD', 'XAU
  SKIP gen_ic_kumo_tk_cross_rvol_gate_trail on USDCHF D1: out_of_universe -- gen_ic_kumo_tk_cross_rvol_gate_trail declares universe ['USDJPY', 'EURJPY', 'GBPJPY', 'AUDJPY', 'EURUSD', 'GBPUSD', 'AUDUSD', 'XAU
  SKIP gen_ic_kumo_tk_cross_rvol_gate_trail on XAGUSD H4: out_of_universe -- gen_ic_kumo_tk_cross_rvol_gate_trail declares universe ['USDJPY', 'EURJPY', 'GBPJPY', 'AUDJPY', 'EURUSD', 'GBPUSD', 'AUDUSD', 'XAU
  SKIP gen_ic_kumo_tk_cross_rvol_gate_trail on XAGUSD D1: out_of_universe -- gen_ic_kumo_tk_cross_rvol_gate_trail declares universe ['USDJPY', 'EURJPY', 'GBPJPY', 'AUDJPY', 'EURUSD', 'GBPUSD', 'AUDUSD', 'XAU
  SKIP gen_ic_kumo_tk_cross_session_swing_tp_long on AUDJPY D1: out_of_universe -- gen_ic_kumo_tk_cross_session_swing_tp_long declares universe ['USDJPY', 'EURJPY', 'GBPJPY', 'AUDJPY', 'EURUSD', 'GBPUSD', 'A
  SKIP gen_ic_kumo_tk_cross_session_swing_tp_long on AUDUSD D1: out_of_universe -- gen_ic_kumo_tk_cross_session_swing_tp_long declares universe ['USDJPY', 'EURJPY', 'GBPJPY', 'AUDJPY', 'EURUSD', 'GBPUSD', 'A
  SKIP gen_ic_kumo_tk_cross_session_swing_tp_long on DE40 H4: out_of_universe -- gen_ic_kumo_tk_cross_session_swing_tp_long declares universe ['USDJPY', 'EURJPY', 'GBPJPY', 'AUDJPY', 'EURUSD', 'GBPUSD', 'AUD
  SKIP gen_ic_kumo_tk_cross_session_swing_tp_long on DE40 D1: out_of_universe -- gen_ic_kumo_tk_cross_session_swing_tp_long declares universe ['USDJPY', 'EURJPY', 'GBPJPY', 'AUDJPY', 'EURUSD', 'GBPUSD', 'AUD
  SKIP gen_ic_kumo_tk_cross_session_swing_tp_long on EURGBP H4: out_of_universe -- gen_ic_kumo_tk_cross_session_swing_tp_long declares universe ['USDJPY', 'EURJPY', 'GBPJPY', 'AUDJPY', 'EURUSD', 'GBPUSD', 'A
  SKIP gen_ic_kumo_tk_cross_session_swing_tp_long on EURGBP D1: out_of_universe -- gen_ic_kumo_tk_cross_session_swing_tp_long declares universe ['USDJPY', 'EURJPY', 'GBPJPY', 'AUDJPY', 'EURUSD', 'GBPUSD', 'A
  SKIP gen_ic_kumo_tk_cross_session_swing_tp_long on EURJPY D1: out_of_universe -- gen_ic_kumo_tk_cross_session_swing_tp_long declares universe ['USDJPY', 'EURJPY', 'GBPJPY', 'AUDJPY', 'EURUSD', 'GBPUSD', 'A
  SKIP gen_ic_kumo_tk_cross_session_swing_tp_long on EURUSD D1: out_of_universe -- gen_ic_kumo_tk_cross_session_swing_tp_long declares universe ['USDJPY', 'EURJPY', 'GBPJPY', 'AUDJPY', 'EURUSD', 'GBPUSD', 'A
  SKIP gen_ic_kumo_tk_cross_session_swing_tp_long on GBPJPY D1: out_of_universe -- gen_ic_kumo_tk_cross_session_swing_tp_long declares universe ['USDJPY', 'EURJPY', 'GBPJPY', 'AUDJPY', 'EURUSD', 'GBPUSD', 'A
  SKIP gen_ic_kumo_tk_cross_session_swing_tp_long on GBPUSD D1: out_of_universe -- gen_ic_kumo_tk_cross_session_swing_tp_long declares universe ['USDJPY', 'EURJPY', 'GBPJPY', 'AUDJPY', 'EURUSD', 'GBPUSD', 'A
  SKIP gen_ic_kumo_tk_cross_session_swing_tp_long on NZDUSD H4: out_of_universe -- gen_ic_kumo_tk_cross_session_swing_tp_long declares universe ['USDJPY', 'EURJPY', 'GBPJPY', 'AUDJPY', 'EURUSD', 'GBPUSD', 'A
  SKIP gen_ic_kumo_tk_cross_session_swing_tp_long on NZDUSD D1: out_of_universe -- gen_ic_kumo_tk_cross_session_swing_tp_long declares universe ['USDJPY', 'EURJPY', 'GBPJPY', 'AUDJPY', 'EURUSD', 'GBPUSD', 'A
  SKIP gen_ic_kumo_tk_cross_session_swing_tp_long on UK100 H4: out_of_universe -- gen_ic_kumo_tk_cross_session_swing_tp_long declares universe ['USDJPY', 'EURJPY', 'GBPJPY', 'AUDJPY', 'EURUSD', 'GBPUSD', 'AU
  SKIP gen_ic_kumo_tk_cross_session_swing_tp_long on UK100 D1: out_of_universe -- gen_ic_kumo_tk_cross_session_swing_tp_long declares universe ['USDJPY', 'EURJPY', 'GBPJPY', 'AUDJPY', 'EURUSD', 'GBPUSD', 'AU
  SKIP gen_ic_kumo_tk_cross_session_swing_tp_long on US500 D1: out_of_universe -- gen_ic_kumo_tk_cross_session_swing_tp_long declares universe ['USDJPY', 'EURJPY', 'GBPJPY', 'AUDJPY', 'EURUSD', 'GBPUSD', 'AU
  SKIP gen_ic_kumo_tk_cross_session_swing_tp_long on USDCAD H4: out_of_universe -- gen_ic_kumo_tk_cross_session_swing_tp_long declares universe ['USDJPY', 'EURJPY', 'GBPJPY', 'AUDJPY', 'EURUSD', 'GBPUSD', 'A
  SKIP gen_ic_kumo_tk_cross_session_swing_tp_long on USDCAD D1: out_of_universe -- gen_ic_kumo_tk_cross_session_swing_tp_long declares universe ['USDJPY', 'EURJPY', 'GBPJPY', 'AUDJPY', 'EURUSD', 'GBPUSD', 'A
  SKIP gen_ic_kumo_tk_cross_session_swing_tp_long on USDCHF H4: out_of_universe -- gen_ic_kumo_tk_cross_session_swing_tp_long declares universe ['USDJPY', 'EURJPY', 'GBPJPY', 'AUDJPY', 'EURUSD', 'GBPUSD', 'A
  SKIP gen_ic_kumo_tk_cross_session_swing_tp_long on USDCHF D1: out_of_universe -- gen_ic_kumo_tk_cross_session_swing_tp_long declares universe ['USDJPY', 'EURJPY', 'GBPJPY', 'AUDJPY', 'EURUSD', 'GBPUSD', 'A
  SKIP gen_ic_kumo_tk_cross_session_swing_tp_long on USDJPY D1: out_of_universe -- gen_ic_kumo_tk_cross_session_swing_tp_long declares universe ['USDJPY', 'EURJPY', 'GBPJPY', 'AUDJPY', 'EURUSD', 'GBPUSD', 'A
  SKIP gen_ic_kumo_tk_cross_session_swing_tp_long on XAGUSD H4: out_of_universe -- gen_ic_kumo_tk_cross_session_swing_tp_long declares universe ['USDJPY', 'EURJPY', 'GBPJPY', 'AUDJPY', 'EURUSD', 'GBPUSD', 'A
  SKIP gen_ic_kumo_tk_cross_session_swing_tp_long on XAGUSD D1: out_of_universe -- gen_ic_kumo_tk_cross_session_swing_tp_long declares universe ['USDJPY', 'EURJPY', 'GBPJPY', 'AUDJPY', 'EURUSD', 'GBPUSD', 'A
  SKIP gen_ic_kumo_tk_cross_session_swing_tp_long on XAUUSD D1: out_of_universe -- gen_ic_kumo_tk_cross_session_swing_tp_long declares universe ['USDJPY', 'EURJPY', 'GBPJPY', 'AUDJPY', 'EURUSD', 'GBPUSD', 'A
  SKIP gen_ic_kumo_tk_cross_session_tp_r on AUDJPY D1: out_of_universe -- gen_ic_kumo_tk_cross_session_tp_r declares universe ['USDJPY', 'EURJPY', 'GBPJPY', 'AUDJPY', 'EURUSD', 'GBPUSD', 'AUDUSD', 'XAUUSD', 
  SKIP gen_ic_kumo_tk_cross_session_tp_r on AUDUSD D1: out_of_universe -- gen_ic_kumo_tk_cross_session_tp_r declares universe ['USDJPY', 'EURJPY', 'GBPJPY', 'AUDJPY', 'EURUSD', 'GBPUSD', 'AUDUSD', 'XAUUSD', 
  SKIP gen_ic_kumo_tk_cross_session_tp_r on DE40 H4: out_of_universe -- gen_ic_kumo_tk_cross_session_tp_r declares universe ['USDJPY', 'EURJPY', 'GBPJPY', 'AUDJPY', 'EURUSD', 'GBPUSD', 'AUDUSD', 'XAUUSD', 'U
  SKIP gen_ic_kumo_tk_cross_session_tp_r on DE40 D1: out_of_universe -- gen_ic_kumo_tk_cross_session_tp_r declares universe ['USDJPY', 'EURJPY', 'GBPJPY', 'AUDJPY', 'EURUSD', 'GBPUSD', 'AUDUSD', 'XAUUSD', 'U
  SKIP gen_ic_kumo_tk_cross_session_tp_r on EURGBP H4: out_of_universe -- gen_ic_kumo_tk_cross_session_tp_r declares universe ['USDJPY', 'EURJPY', 'GBPJPY', 'AUDJPY', 'EURUSD', 'GBPUSD', 'AUDUSD', 'XAUUSD', 
  SKIP gen_ic_kumo_tk_cross_session_tp_r on EURGBP D1: out_of_universe -- gen_ic_kumo_tk_cross_session_tp_r declares universe ['USDJPY', 'EURJPY', 'GBPJPY', 'AUDJPY', 'EURUSD', 'GBPUSD', 'AUDUSD', 'XAUUSD', 
  SKIP gen_ic_kumo_tk_cross_session_tp_r on EURJPY D1: out_of_universe -- gen_ic_kumo_tk_cross_session_tp_r declares universe ['USDJPY', 'EURJPY', 'GBPJPY', 'AUDJPY', 'EURUSD', 'GBPUSD', 'AUDUSD', 'XAUUSD', 
  SKIP gen_ic_kumo_tk_cross_session_tp_r on EURUSD D1: out_of_universe -- gen_ic_kumo_tk_cross_session_tp_r declares universe ['USDJPY', 'EURJPY', 'GBPJPY', 'AUDJPY', 'EURUSD', 'GBPUSD', 'AUDUSD', 'XAUUSD', 
  SKIP gen_ic_kumo_tk_cross_session_tp_r on GBPJPY D1: out_of_universe -- gen_ic_kumo_tk_cross_session_tp_r declares universe ['USDJPY', 'EURJPY', 'GBPJPY', 'AUDJPY', 'EURUSD', 'GBPUSD', 'AUDUSD', 'XAUUSD', 
  SKIP gen_ic_kumo_tk_cross_session_tp_r on GBPUSD D1: out_of_universe -- gen_ic_kumo_tk_cross_session_tp_r declares universe ['USDJPY', 'EURJPY', 'GBPJPY', 'AUDJPY', 'EURUSD', 'GBPUSD', 'AUDUSD', 'XAUUSD', 
  SKIP gen_ic_kumo_tk_cross_session_tp_r on NZDUSD H4: out_of_universe -- gen_ic_kumo_tk_cross_session_tp_r declares universe ['USDJPY', 'EURJPY', 'GBPJPY', 'AUDJPY', 'EURUSD', 'GBPUSD', 'AUDUSD', 'XAUUSD', 
  SKIP gen_ic_kumo_tk_cross_session_tp_r on NZDUSD D1: out_of_universe -- gen_ic_kumo_tk_cross_session_tp_r declares universe ['USDJPY', 'EURJPY', 'GBPJPY', 'AUDJPY', 'EURUSD', 'GBPUSD', 'AUDUSD', 'XAUUSD', 
  SKIP gen_ic_kumo_tk_cross_session_tp_r on UK100 H4: out_of_universe -- gen_ic_kumo_tk_cross_session_tp_r declares universe ['USDJPY', 'EURJPY', 'GBPJPY', 'AUDJPY', 'EURUSD', 'GBPUSD', 'AUDUSD', 'XAUUSD', '
  SKIP gen_ic_kumo_tk_cross_session_tp_r on UK100 D1: out_of_universe -- gen_ic_kumo_tk_cross_session_tp_r declares universe ['USDJPY', 'EURJPY', 'GBPJPY', 'AUDJPY', 'EURUSD', 'GBPUSD', 'AUDUSD', 'XAUUSD', '
  SKIP gen_ic_kumo_tk_cross_session_tp_r on US500 D1: out_of_universe -- gen_ic_kumo_tk_cross_session_tp_r declares universe ['USDJPY', 'EURJPY', 'GBPJPY', 'AUDJPY', 'EURUSD', 'GBPUSD', 'AUDUSD', 'XAUUSD', '
  SKIP gen_ic_kumo_tk_cross_session_tp_r on USDCAD H4: out_of_universe -- gen_ic_kumo_tk_cross_session_tp_r declares universe ['USDJPY', 'EURJPY', 'GBPJPY', 'AUDJPY', 'EURUSD', 'GBPUSD', 'AUDUSD', 'XAUUSD', 
  SKIP gen_ic_kumo_tk_cross_session_tp_r on USDCAD D1: out_of_universe -- gen_ic_kumo_tk_cross_session_tp_r declares universe ['USDJPY', 'EURJPY', 'GBPJPY', 'AUDJPY', 'EURUSD', 'GBPUSD', 'AUDUSD', 'XAUUSD', 
  SKIP gen_ic_kumo_tk_cross_session_tp_r on USDCHF H4: out_of_universe -- gen_ic_kumo_tk_cross_session_tp_r declares universe ['USDJPY', 'EURJPY', 'GBPJPY', 'AUDJPY', 'EURUSD', 'GBPUSD', 'AUDUSD', 'XAUUSD', 
  SKIP gen_ic_kumo_tk_cross_session_tp_r on USDCHF D1: out_of_universe -- gen_ic_kumo_tk_cross_session_tp_r declares universe ['USDJPY', 'EURJPY', 'GBPJPY', 'AUDJPY', 'EURUSD', 'GBPUSD', 'AUDUSD', 'XAUUSD', 
  SKIP gen_ic_kumo_tk_cross_session_tp_r on USDJPY D1: out_of_universe -- gen_ic_kumo_tk_cross_session_tp_r declares universe ['USDJPY', 'EURJPY', 'GBPJPY', 'AUDJPY', 'EURUSD', 'GBPUSD', 'AUDUSD', 'XAUUSD', 
  SKIP gen_ic_kumo_tk_cross_session_tp_r on XAGUSD H4: out_of_universe -- gen_ic_kumo_tk_cross_session_tp_r declares universe ['USDJPY', 'EURJPY', 'GBPJPY', 'AUDJPY', 'EURUSD', 'GBPUSD', 'AUDUSD', 'XAUUSD', 
  SKIP gen_ic_kumo_tk_cross_session_tp_r on XAGUSD D1: out_of_universe -- gen_ic_kumo_tk_cross_session_tp_r declares universe ['USDJPY', 'EURJPY', 'GBPJPY', 'AUDJPY', 'EURUSD', 'GBPUSD', 'AUDUSD', 'XAUUSD', 
  SKIP gen_ic_kumo_tk_cross_session_tp_r on XAUUSD D1: out_of_universe -- gen_ic_kumo_tk_cross_session_tp_r declares universe ['USDJPY', 'EURJPY', 'GBPJPY', 'AUDJPY', 'EURUSD', 'GBPUSD', 'AUDUSD', 'XAUUSD', 
  SKIP gen_mo_macd_cci_adx_gate_swing_tp_long on DE40 H4: out_of_universe -- gen_mo_macd_cci_adx_gate_swing_tp_long declares universe ['EURUSD', 'GBPUSD', 'USDJPY', 'AUDUSD', 'USDCAD', 'USDCHF', 'NZDUSD', 'E
  SKIP gen_mo_macd_cci_adx_gate_swing_tp_long on DE40 D1: out_of_universe -- gen_mo_macd_cci_adx_gate_swing_tp_long declares universe ['EURUSD', 'GBPUSD', 'USDJPY', 'AUDUSD', 'USDCAD', 'USDCHF', 'NZDUSD', 'E
  SKIP gen_mo_macd_cci_adx_gate_swing_tp_long on UK100 H4: out_of_universe -- gen_mo_macd_cci_adx_gate_swing_tp_long declares universe ['EURUSD', 'GBPUSD', 'USDJPY', 'AUDUSD', 'USDCAD', 'USDCHF', 'NZDUSD', '
  SKIP gen_mo_macd_cci_adx_gate_swing_tp_long on UK100 D1: out_of_universe -- gen_mo_macd_cci_adx_gate_swing_tp_long declares universe ['EURUSD', 'GBPUSD', 'USDJPY', 'AUDUSD', 'USDCAD', 'USDCHF', 'NZDUSD', '
  SKIP gen_mo_macd_cci_adx_gate_swing_tp_long on US500 H4: out_of_universe -- gen_mo_macd_cci_adx_gate_swing_tp_long declares universe ['EURUSD', 'GBPUSD', 'USDJPY', 'AUDUSD', 'USDCAD', 'USDCHF', 'NZDUSD', '
  SKIP gen_mo_macd_cci_adx_gate_swing_tp_long on US500 D1: out_of_universe -- gen_mo_macd_cci_adx_gate_swing_tp_long declares universe ['EURUSD', 'GBPUSD', 'USDJPY', 'AUDUSD', 'USDCAD', 'USDCHF', 'NZDUSD', '
  SKIP gen_mo_macd_cci_adx_gate_swing_tp_long on XAGUSD H4: out_of_universe -- gen_mo_macd_cci_adx_gate_swing_tp_long declares universe ['EURUSD', 'GBPUSD', 'USDJPY', 'AUDUSD', 'USDCAD', 'USDCHF', 'NZDUSD', 
  SKIP gen_mo_macd_cci_adx_gate_swing_tp_long on XAGUSD D1: out_of_universe -- gen_mo_macd_cci_adx_gate_swing_tp_long declares universe ['EURUSD', 'GBPUSD', 'USDJPY', 'AUDUSD', 'USDCAD', 'USDCHF', 'NZDUSD', 
  SKIP gen_mo_macd_cci_adx_gate_time_exit on DE40 H4: out_of_universe -- gen_mo_macd_cci_adx_gate_time_exit declares universe ['EURUSD', 'GBPUSD', 'USDJPY', 'AUDUSD', 'USDCAD', 'USDCHF', 'NZDUSD', 'EURJPY', 
  SKIP gen_mo_macd_cci_adx_gate_time_exit on DE40 D1: out_of_universe -- gen_mo_macd_cci_adx_gate_time_exit declares universe ['EURUSD', 'GBPUSD', 'USDJPY', 'AUDUSD', 'USDCAD', 'USDCHF', 'NZDUSD', 'EURJPY', 
  SKIP gen_mo_macd_cci_adx_gate_time_exit on UK100 H4: out_of_universe -- gen_mo_macd_cci_adx_gate_time_exit declares universe ['EURUSD', 'GBPUSD', 'USDJPY', 'AUDUSD', 'USDCAD', 'USDCHF', 'NZDUSD', 'EURJPY',
  SKIP gen_mo_macd_cci_adx_gate_time_exit on UK100 D1: out_of_universe -- gen_mo_macd_cci_adx_gate_time_exit declares universe ['EURUSD', 'GBPUSD', 'USDJPY', 'AUDUSD', 'USDCAD', 'USDCHF', 'NZDUSD', 'EURJPY',
  SKIP gen_mo_macd_cci_adx_gate_time_exit on US500 H4: out_of_universe -- gen_mo_macd_cci_adx_gate_time_exit declares universe ['EURUSD', 'GBPUSD', 'USDJPY', 'AUDUSD', 'USDCAD', 'USDCHF', 'NZDUSD', 'EURJPY',
  SKIP gen_mo_macd_cci_adx_gate_time_exit on US500 D1: out_of_universe -- gen_mo_macd_cci_adx_gate_time_exit declares universe ['EURUSD', 'GBPUSD', 'USDJPY', 'AUDUSD', 'USDCAD', 'USDCHF', 'NZDUSD', 'EURJPY',
  SKIP gen_mo_macd_cci_adx_gate_time_exit on XAGUSD H4: out_of_universe -- gen_mo_macd_cci_adx_gate_time_exit declares universe ['EURUSD', 'GBPUSD', 'USDJPY', 'AUDUSD', 'USDCAD', 'USDCHF', 'NZDUSD', 'EURJPY'
  SKIP gen_mo_macd_cci_adx_gate_time_exit on XAGUSD D1: out_of_universe -- gen_mo_macd_cci_adx_gate_time_exit declares universe ['EURUSD', 'GBPUSD', 'USDJPY', 'AUDUSD', 'USDCAD', 'USDCHF', 'NZDUSD', 'EURJPY'
  SKIP gen_mo_macd_cci_adx_gate_trail on DE40 H4: out_of_universe -- gen_mo_macd_cci_adx_gate_trail declares universe ['EURUSD', 'GBPUSD', 'USDJPY', 'AUDUSD', 'USDCAD', 'USDCHF', 'NZDUSD', 'EURJPY', 'GBPJPY'
  SKIP gen_mo_macd_cci_adx_gate_trail on DE40 D1: out_of_universe -- gen_mo_macd_cci_adx_gate_trail declares universe ['EURUSD', 'GBPUSD', 'USDJPY', 'AUDUSD', 'USDCAD', 'USDCHF', 'NZDUSD', 'EURJPY', 'GBPJPY'
  SKIP gen_mo_macd_cci_adx_gate_trail on UK100 H4: out_of_universe -- gen_mo_macd_cci_adx_gate_trail declares universe ['EURUSD', 'GBPUSD', 'USDJPY', 'AUDUSD', 'USDCAD', 'USDCHF', 'NZDUSD', 'EURJPY', 'GBPJPY
  SKIP gen_mo_macd_cci_adx_gate_trail on UK100 D1: out_of_universe -- gen_mo_macd_cci_adx_gate_trail declares universe ['EURUSD', 'GBPUSD', 'USDJPY', 'AUDUSD', 'USDCAD', 'USDCHF', 'NZDUSD', 'EURJPY', 'GBPJPY
  SKIP gen_mo_macd_cci_adx_gate_trail on US500 H4: out_of_universe -- gen_mo_macd_cci_adx_gate_trail declares universe ['EURUSD', 'GBPUSD', 'USDJPY', 'AUDUSD', 'USDCAD', 'USDCHF', 'NZDUSD', 'EURJPY', 'GBPJPY
  SKIP gen_mo_macd_cci_adx_gate_trail on US500 D1: out_of_universe -- gen_mo_macd_cci_adx_gate_trail declares universe ['EURUSD', 'GBPUSD', 'USDJPY', 'AUDUSD', 'USDCAD', 'USDCHF', 'NZDUSD', 'EURJPY', 'GBPJPY
  SKIP gen_mo_macd_cci_adx_gate_trail on XAGUSD H4: out_of_universe -- gen_mo_macd_cci_adx_gate_trail declares universe ['EURUSD', 'GBPUSD', 'USDJPY', 'AUDUSD', 'USDCAD', 'USDCHF', 'NZDUSD', 'EURJPY', 'GBPJP
  SKIP gen_mo_macd_cci_adx_gate_trail on XAGUSD D1: out_of_universe -- gen_mo_macd_cci_adx_gate_trail declares universe ['EURUSD', 'GBPUSD', 'USDJPY', 'AUDUSD', 'USDCAD', 'USDCHF', 'NZDUSD', 'EURJPY', 'GBPJP
  SKIP gen_mo_macd_cci_none_time_exit on DE40 H4: out_of_universe -- gen_mo_macd_cci_none_time_exit declares universe ['EURUSD', 'GBPUSD', 'USDJPY', 'AUDUSD', 'USDCAD', 'USDCHF', 'NZDUSD', 'EURJPY', 'GBPJPY'
  SKIP gen_mo_macd_cci_none_time_exit on DE40 D1: out_of_universe -- gen_mo_macd_cci_none_time_exit declares universe ['EURUSD', 'GBPUSD', 'USDJPY', 'AUDUSD', 'USDCAD', 'USDCHF', 'NZDUSD', 'EURJPY', 'GBPJPY'
  SKIP gen_mo_macd_cci_none_time_exit on UK100 H4: out_of_universe -- gen_mo_macd_cci_none_time_exit declares universe ['EURUSD', 'GBPUSD', 'USDJPY', 'AUDUSD', 'USDCAD', 'USDCHF', 'NZDUSD', 'EURJPY', 'GBPJPY
  SKIP gen_mo_macd_cci_none_time_exit on UK100 D1: out_of_universe -- gen_mo_macd_cci_none_time_exit declares universe ['EURUSD', 'GBPUSD', 'USDJPY', 'AUDUSD', 'USDCAD', 'USDCHF', 'NZDUSD', 'EURJPY', 'GBPJPY
  SKIP gen_mo_macd_cci_none_time_exit on US500 H4: out_of_universe -- gen_mo_macd_cci_none_time_exit declares universe ['EURUSD', 'GBPUSD', 'USDJPY', 'AUDUSD', 'USDCAD', 'USDCHF', 'NZDUSD', 'EURJPY', 'GBPJPY
  SKIP gen_mo_macd_cci_none_time_exit on US500 D1: out_of_universe -- gen_mo_macd_cci_none_time_exit declares universe ['EURUSD', 'GBPUSD', 'USDJPY', 'AUDUSD', 'USDCAD', 'USDCHF', 'NZDUSD', 'EURJPY', 'GBPJPY
  SKIP gen_mo_macd_cci_none_time_exit on XAGUSD H4: out_of_universe -- gen_mo_macd_cci_none_time_exit declares universe ['EURUSD', 'GBPUSD', 'USDJPY', 'AUDUSD', 'USDCAD', 'USDCHF', 'NZDUSD', 'EURJPY', 'GBPJP
  SKIP gen_mo_macd_cci_none_time_exit on XAGUSD D1: out_of_universe -- gen_mo_macd_cci_none_time_exit declares universe ['EURUSD', 'GBPUSD', 'USDJPY', 'AUDUSD', 'USDCAD', 'USDCHF', 'NZDUSD', 'EURJPY', 'GBPJP
  SKIP gen_mo_macd_cci_session_swing_tp_long on AUDJPY D1: out_of_universe -- gen_mo_macd_cci_session_swing_tp_long declares universe ['EURUSD', 'GBPUSD', 'USDJPY', 'AUDUSD', 'USDCAD', 'USDCHF', 'NZDUSD', 'E
  SKIP gen_mo_macd_cci_session_swing_tp_long on AUDUSD D1: out_of_universe -- gen_mo_macd_cci_session_swing_tp_long declares universe ['EURUSD', 'GBPUSD', 'USDJPY', 'AUDUSD', 'USDCAD', 'USDCHF', 'NZDUSD', 'E
  SKIP gen_mo_macd_cci_session_swing_tp_long on DE40 H4: out_of_universe -- gen_mo_macd_cci_session_swing_tp_long declares universe ['EURUSD', 'GBPUSD', 'USDJPY', 'AUDUSD', 'USDCAD', 'USDCHF', 'NZDUSD', 'EUR
  SKIP gen_mo_macd_cci_session_swing_tp_long on DE40 D1: out_of_universe -- gen_mo_macd_cci_session_swing_tp_long declares universe ['EURUSD', 'GBPUSD', 'USDJPY', 'AUDUSD', 'USDCAD', 'USDCHF', 'NZDUSD', 'EUR
  SKIP gen_mo_macd_cci_session_swing_tp_long on EURGBP D1: out_of_universe -- gen_mo_macd_cci_session_swing_tp_long declares universe ['EURUSD', 'GBPUSD', 'USDJPY', 'AUDUSD', 'USDCAD', 'USDCHF', 'NZDUSD', 'E
  SKIP gen_mo_macd_cci_session_swing_tp_long on EURJPY D1: out_of_universe -- gen_mo_macd_cci_session_swing_tp_long declares universe ['EURUSD', 'GBPUSD', 'USDJPY', 'AUDUSD', 'USDCAD', 'USDCHF', 'NZDUSD', 'E
  SKIP gen_mo_macd_cci_session_swing_tp_long on EURUSD D1: out_of_universe -- gen_mo_macd_cci_session_swing_tp_long declares universe ['EURUSD', 'GBPUSD', 'USDJPY', 'AUDUSD', 'USDCAD', 'USDCHF', 'NZDUSD', 'E
  SKIP gen_mo_macd_cci_session_swing_tp_long on GBPJPY D1: out_of_universe -- gen_mo_macd_cci_session_swing_tp_long declares universe ['EURUSD', 'GBPUSD', 'USDJPY', 'AUDUSD', 'USDCAD', 'USDCHF', 'NZDUSD', 'E
  SKIP gen_mo_macd_cci_session_swing_tp_long on GBPUSD D1: out_of_universe -- gen_mo_macd_cci_session_swing_tp_long declares universe ['EURUSD', 'GBPUSD', 'USDJPY', 'AUDUSD', 'USDCAD', 'USDCHF', 'NZDUSD', 'E
  SKIP gen_mo_macd_cci_session_swing_tp_long on NZDUSD D1: out_of_universe -- gen_mo_macd_cci_session_swing_tp_long declares universe ['EURUSD', 'GBPUSD', 'USDJPY', 'AUDUSD', 'USDCAD', 'USDCHF', 'NZDUSD', 'E
  SKIP gen_mo_macd_cci_session_swing_tp_long on UK100 H4: out_of_universe -- gen_mo_macd_cci_session_swing_tp_long declares universe ['EURUSD', 'GBPUSD', 'USDJPY', 'AUDUSD', 'USDCAD', 'USDCHF', 'NZDUSD', 'EU
  SKIP gen_mo_macd_cci_session_swing_tp_long on UK100 D1: out_of_universe -- gen_mo_macd_cci_session_swing_tp_long declares universe ['EURUSD', 'GBPUSD', 'USDJPY', 'AUDUSD', 'USDCAD', 'USDCHF', 'NZDUSD', 'EU
  SKIP gen_mo_macd_cci_session_swing_tp_long on US500 H4: out_of_universe -- gen_mo_macd_cci_session_swing_tp_long declares universe ['EURUSD', 'GBPUSD', 'USDJPY', 'AUDUSD', 'USDCAD', 'USDCHF', 'NZDUSD', 'EU
  SKIP gen_mo_macd_cci_session_swing_tp_long on US500 D1: out_of_universe -- gen_mo_macd_cci_session_swing_tp_long declares universe ['EURUSD', 'GBPUSD', 'USDJPY', 'AUDUSD', 'USDCAD', 'USDCHF', 'NZDUSD', 'EU
  SKIP gen_mo_macd_cci_session_swing_tp_long on USDCAD D1: out_of_universe -- gen_mo_macd_cci_session_swing_tp_long declares universe ['EURUSD', 'GBPUSD', 'USDJPY', 'AUDUSD', 'USDCAD', 'USDCHF', 'NZDUSD', 'E
  SKIP gen_mo_macd_cci_session_swing_tp_long on USDCHF D1: out_of_universe -- gen_mo_macd_cci_session_swing_tp_long declares universe ['EURUSD', 'GBPUSD', 'USDJPY', 'AUDUSD', 'USDCAD', 'USDCHF', 'NZDUSD', 'E
  SKIP gen_mo_macd_cci_session_swing_tp_long on USDJPY D1: out_of_universe -- gen_mo_macd_cci_session_swing_tp_long declares universe ['EURUSD', 'GBPUSD', 'USDJPY', 'AUDUSD', 'USDCAD', 'USDCHF', 'NZDUSD', 'E
  SKIP gen_mo_macd_cci_session_swing_tp_long on XAGUSD H4: out_of_universe -- gen_mo_macd_cci_session_swing_tp_long declares universe ['EURUSD', 'GBPUSD', 'USDJPY', 'AUDUSD', 'USDCAD', 'USDCHF', 'NZDUSD', 'E
  SKIP gen_mo_macd_cci_session_swing_tp_long on XAGUSD D1: out_of_universe -- gen_mo_macd_cci_session_swing_tp_long declares universe ['EURUSD', 'GBPUSD', 'USDJPY', 'AUDUSD', 'USDCAD', 'USDCHF', 'NZDUSD', 'E
  SKIP gen_mo_macd_cci_session_swing_tp_long on XAUUSD D1: out_of_universe -- gen_mo_macd_cci_session_swing_tp_long declares universe ['EURUSD', 'GBPUSD', 'USDJPY', 'AUDUSD', 'USDCAD', 'USDCHF', 'NZDUSD', 'E
  SKIP gen_mo_macd_cci_session_time_exit on AUDJPY D1: out_of_universe -- gen_mo_macd_cci_session_time_exit declares universe ['EURUSD', 'GBPUSD', 'USDJPY', 'AUDUSD', 'USDCAD', 'USDCHF', 'NZDUSD', 'EURJPY', 
  SKIP gen_mo_macd_cci_session_time_exit on AUDUSD D1: out_of_universe -- gen_mo_macd_cci_session_time_exit declares universe ['EURUSD', 'GBPUSD', 'USDJPY', 'AUDUSD', 'USDCAD', 'USDCHF', 'NZDUSD', 'EURJPY', 
  SKIP gen_mo_macd_cci_session_time_exit on DE40 H4: out_of_universe -- gen_mo_macd_cci_session_time_exit declares universe ['EURUSD', 'GBPUSD', 'USDJPY', 'AUDUSD', 'USDCAD', 'USDCHF', 'NZDUSD', 'EURJPY', 'G
  SKIP gen_mo_macd_cci_session_time_exit on DE40 D1: out_of_universe -- gen_mo_macd_cci_session_time_exit declares universe ['EURUSD', 'GBPUSD', 'USDJPY', 'AUDUSD', 'USDCAD', 'USDCHF', 'NZDUSD', 'EURJPY', 'G
  SKIP gen_mo_macd_cci_session_time_exit on EURGBP D1: out_of_universe -- gen_mo_macd_cci_session_time_exit declares universe ['EURUSD', 'GBPUSD', 'USDJPY', 'AUDUSD', 'USDCAD', 'USDCHF', 'NZDUSD', 'EURJPY', 
  SKIP gen_mo_macd_cci_session_time_exit on EURJPY D1: out_of_universe -- gen_mo_macd_cci_session_time_exit declares universe ['EURUSD', 'GBPUSD', 'USDJPY', 'AUDUSD', 'USDCAD', 'USDCHF', 'NZDUSD', 'EURJPY', 
  SKIP gen_mo_macd_cci_session_time_exit on EURUSD D1: out_of_universe -- gen_mo_macd_cci_session_time_exit declares universe ['EURUSD', 'GBPUSD', 'USDJPY', 'AUDUSD', 'USDCAD', 'USDCHF', 'NZDUSD', 'EURJPY', 
  SKIP gen_mo_macd_cci_session_time_exit on GBPJPY D1: out_of_universe -- gen_mo_macd_cci_session_time_exit declares universe ['EURUSD', 'GBPUSD', 'USDJPY', 'AUDUSD', 'USDCAD', 'USDCHF', 'NZDUSD', 'EURJPY', 
  SKIP gen_mo_macd_cci_session_time_exit on GBPUSD D1: out_of_universe -- gen_mo_macd_cci_session_time_exit declares universe ['EURUSD', 'GBPUSD', 'USDJPY', 'AUDUSD', 'USDCAD', 'USDCHF', 'NZDUSD', 'EURJPY', 
  SKIP gen_mo_macd_cci_session_time_exit on NZDUSD D1: out_of_universe -- gen_mo_macd_cci_session_time_exit declares universe ['EURUSD', 'GBPUSD', 'USDJPY', 'AUDUSD', 'USDCAD', 'USDCHF', 'NZDUSD', 'EURJPY', 
  SKIP gen_mo_macd_cci_session_time_exit on UK100 H4: out_of_universe -- gen_mo_macd_cci_session_time_exit declares universe ['EURUSD', 'GBPUSD', 'USDJPY', 'AUDUSD', 'USDCAD', 'USDCHF', 'NZDUSD', 'EURJPY', '
  SKIP gen_mo_macd_cci_session_time_exit on UK100 D1: out_of_universe -- gen_mo_macd_cci_session_time_exit declares universe ['EURUSD', 'GBPUSD', 'USDJPY', 'AUDUSD', 'USDCAD', 'USDCHF', 'NZDUSD', 'EURJPY', '
  SKIP gen_mo_macd_cci_session_time_exit on US500 H4: out_of_universe -- gen_mo_macd_cci_session_time_exit declares universe ['EURUSD', 'GBPUSD', 'USDJPY', 'AUDUSD', 'USDCAD', 'USDCHF', 'NZDUSD', 'EURJPY', '
  SKIP gen_mo_macd_cci_session_time_exit on US500 D1: out_of_universe -- gen_mo_macd_cci_session_time_exit declares universe ['EURUSD', 'GBPUSD', 'USDJPY', 'AUDUSD', 'USDCAD', 'USDCHF', 'NZDUSD', 'EURJPY', '
  SKIP gen_mo_macd_cci_session_time_exit on USDCAD D1: out_of_universe -- gen_mo_macd_cci_session_time_exit declares universe ['EURUSD', 'GBPUSD', 'USDJPY', 'AUDUSD', 'USDCAD', 'USDCHF', 'NZDUSD', 'EURJPY', 
  SKIP gen_mo_macd_cci_session_time_exit on USDCHF D1: out_of_universe -- gen_mo_macd_cci_session_time_exit declares universe ['EURUSD', 'GBPUSD', 'USDJPY', 'AUDUSD', 'USDCAD', 'USDCHF', 'NZDUSD', 'EURJPY', 
  SKIP gen_mo_macd_cci_session_time_exit on USDJPY D1: out_of_universe -- gen_mo_macd_cci_session_time_exit declares universe ['EURUSD', 'GBPUSD', 'USDJPY', 'AUDUSD', 'USDCAD', 'USDCHF', 'NZDUSD', 'EURJPY', 
  SKIP gen_mo_macd_cci_session_time_exit on XAGUSD H4: out_of_universe -- gen_mo_macd_cci_session_time_exit declares universe ['EURUSD', 'GBPUSD', 'USDJPY', 'AUDUSD', 'USDCAD', 'USDCHF', 'NZDUSD', 'EURJPY', 
  SKIP gen_mo_macd_cci_session_time_exit on XAGUSD D1: out_of_universe -- gen_mo_macd_cci_session_time_exit declares universe ['EURUSD', 'GBPUSD', 'USDJPY', 'AUDUSD', 'USDCAD', 'USDCHF', 'NZDUSD', 'EURJPY', 
  SKIP gen_mo_macd_cci_session_time_exit on XAUUSD D1: out_of_universe -- gen_mo_macd_cci_session_time_exit declares universe ['EURUSD', 'GBPUSD', 'USDJPY', 'AUDUSD', 'USDCAD', 'USDCHF', 'NZDUSD', 'EURJPY', 
  SKIP gen_mo_macd_stoch_none_swing_tp_long on DE40 H4: out_of_universe -- gen_mo_macd_stoch_none_swing_tp_long declares universe ['EURUSD', 'GBPUSD', 'USDJPY', 'AUDUSD', 'USDCAD', 'USDCHF', 'NZDUSD', 'EURJP
  SKIP gen_mo_macd_stoch_none_swing_tp_long on DE40 D1: out_of_universe -- gen_mo_macd_stoch_none_swing_tp_long declares universe ['EURUSD', 'GBPUSD', 'USDJPY', 'AUDUSD', 'USDCAD', 'USDCHF', 'NZDUSD', 'EURJP
  SKIP gen_mo_macd_stoch_none_swing_tp_long on UK100 H4: out_of_universe -- gen_mo_macd_stoch_none_swing_tp_long declares universe ['EURUSD', 'GBPUSD', 'USDJPY', 'AUDUSD', 'USDCAD', 'USDCHF', 'NZDUSD', 'EURJ
  SKIP gen_mo_macd_stoch_none_swing_tp_long on UK100 D1: out_of_universe -- gen_mo_macd_stoch_none_swing_tp_long declares universe ['EURUSD', 'GBPUSD', 'USDJPY', 'AUDUSD', 'USDCAD', 'USDCHF', 'NZDUSD', 'EURJ
  SKIP gen_mo_macd_stoch_none_swing_tp_long on US500 H4: out_of_universe -- gen_mo_macd_stoch_none_swing_tp_long declares universe ['EURUSD', 'GBPUSD', 'USDJPY', 'AUDUSD', 'USDCAD', 'USDCHF', 'NZDUSD', 'EURJ
  SKIP gen_mo_macd_stoch_none_swing_tp_long on US500 D1: out_of_universe -- gen_mo_macd_stoch_none_swing_tp_long declares universe ['EURUSD', 'GBPUSD', 'USDJPY', 'AUDUSD', 'USDCAD', 'USDCHF', 'NZDUSD', 'EURJ
  SKIP gen_mo_macd_stoch_none_swing_tp_long on XAGUSD H4: out_of_universe -- gen_mo_macd_stoch_none_swing_tp_long declares universe ['EURUSD', 'GBPUSD', 'USDJPY', 'AUDUSD', 'USDCAD', 'USDCHF', 'NZDUSD', 'EUR
  SKIP gen_mo_macd_stoch_none_swing_tp_long on XAGUSD D1: out_of_universe -- gen_mo_macd_stoch_none_swing_tp_long declares universe ['EURUSD', 'GBPUSD', 'USDJPY', 'AUDUSD', 'USDCAD', 'USDCHF', 'NZDUSD', 'EUR
  SKIP gen_mo_macd_stoch_none_time_exit on DE40 H4: out_of_universe -- gen_mo_macd_stoch_none_time_exit declares universe ['EURUSD', 'GBPUSD', 'USDJPY', 'AUDUSD', 'USDCAD', 'USDCHF', 'NZDUSD', 'EURJPY', 'GBP
  SKIP gen_mo_macd_stoch_none_time_exit on DE40 D1: out_of_universe -- gen_mo_macd_stoch_none_time_exit declares universe ['EURUSD', 'GBPUSD', 'USDJPY', 'AUDUSD', 'USDCAD', 'USDCHF', 'NZDUSD', 'EURJPY', 'GBP
  SKIP gen_mo_macd_stoch_none_time_exit on UK100 H4: out_of_universe -- gen_mo_macd_stoch_none_time_exit declares universe ['EURUSD', 'GBPUSD', 'USDJPY', 'AUDUSD', 'USDCAD', 'USDCHF', 'NZDUSD', 'EURJPY', 'GB
  SKIP gen_mo_macd_stoch_none_time_exit on UK100 D1: out_of_universe -- gen_mo_macd_stoch_none_time_exit declares universe ['EURUSD', 'GBPUSD', 'USDJPY', 'AUDUSD', 'USDCAD', 'USDCHF', 'NZDUSD', 'EURJPY', 'GB
  SKIP gen_mo_macd_stoch_none_time_exit on US500 H4: out_of_universe -- gen_mo_macd_stoch_none_time_exit declares universe ['EURUSD', 'GBPUSD', 'USDJPY', 'AUDUSD', 'USDCAD', 'USDCHF', 'NZDUSD', 'EURJPY', 'GB
  SKIP gen_mo_macd_stoch_none_time_exit on US500 D1: out_of_universe -- gen_mo_macd_stoch_none_time_exit declares universe ['EURUSD', 'GBPUSD', 'USDJPY', 'AUDUSD', 'USDCAD', 'USDCHF', 'NZDUSD', 'EURJPY', 'GB
  SKIP gen_mo_macd_stoch_none_time_exit on XAGUSD H4: out_of_universe -- gen_mo_macd_stoch_none_time_exit declares universe ['EURUSD', 'GBPUSD', 'USDJPY', 'AUDUSD', 'USDCAD', 'USDCHF', 'NZDUSD', 'EURJPY', 'G
  SKIP gen_mo_macd_stoch_none_time_exit on XAGUSD D1: out_of_universe -- gen_mo_macd_stoch_none_time_exit declares universe ['EURUSD', 'GBPUSD', 'USDJPY', 'AUDUSD', 'USDCAD', 'USDCHF', 'NZDUSD', 'EURJPY', 'G
  SKIP gen_mo_macd_stoch_none_tp_r on DE40 H4: out_of_universe -- gen_mo_macd_stoch_none_tp_r declares universe ['EURUSD', 'GBPUSD', 'USDJPY', 'AUDUSD', 'USDCAD', 'USDCHF', 'NZDUSD', 'EURJPY', 'GBPJPY', 'AUD
  SKIP gen_mo_macd_stoch_none_tp_r on DE40 D1: out_of_universe -- gen_mo_macd_stoch_none_tp_r declares universe ['EURUSD', 'GBPUSD', 'USDJPY', 'AUDUSD', 'USDCAD', 'USDCHF', 'NZDUSD', 'EURJPY', 'GBPJPY', 'AUD
  SKIP gen_mo_macd_stoch_none_tp_r on UK100 H4: out_of_universe -- gen_mo_macd_stoch_none_tp_r declares universe ['EURUSD', 'GBPUSD', 'USDJPY', 'AUDUSD', 'USDCAD', 'USDCHF', 'NZDUSD', 'EURJPY', 'GBPJPY', 'AU
  SKIP gen_mo_macd_stoch_none_tp_r on UK100 D1: out_of_universe -- gen_mo_macd_stoch_none_tp_r declares universe ['EURUSD', 'GBPUSD', 'USDJPY', 'AUDUSD', 'USDCAD', 'USDCHF', 'NZDUSD', 'EURJPY', 'GBPJPY', 'AU
  SKIP gen_mo_macd_stoch_none_tp_r on US500 H4: out_of_universe -- gen_mo_macd_stoch_none_tp_r declares universe ['EURUSD', 'GBPUSD', 'USDJPY', 'AUDUSD', 'USDCAD', 'USDCHF', 'NZDUSD', 'EURJPY', 'GBPJPY', 'AU
  SKIP gen_mo_macd_stoch_none_tp_r on US500 D1: out_of_universe -- gen_mo_macd_stoch_none_tp_r declares universe ['EURUSD', 'GBPUSD', 'USDJPY', 'AUDUSD', 'USDCAD', 'USDCHF', 'NZDUSD', 'EURJPY', 'GBPJPY', 'AU
  SKIP gen_mo_macd_stoch_none_tp_r on XAGUSD H4: out_of_universe -- gen_mo_macd_stoch_none_tp_r declares universe ['EURUSD', 'GBPUSD', 'USDJPY', 'AUDUSD', 'USDCAD', 'USDCHF', 'NZDUSD', 'EURJPY', 'GBPJPY', 'A
  SKIP gen_mo_macd_stoch_none_tp_r on XAGUSD D1: out_of_universe -- gen_mo_macd_stoch_none_tp_r declares universe ['EURUSD', 'GBPUSD', 'USDJPY', 'AUDUSD', 'USDCAD', 'USDCHF', 'NZDUSD', 'EURJPY', 'GBPJPY', 'A
  SKIP gen_mo_macd_stoch_none_trail on DE40 H4: out_of_universe -- gen_mo_macd_stoch_none_trail declares universe ['EURUSD', 'GBPUSD', 'USDJPY', 'AUDUSD', 'USDCAD', 'USDCHF', 'NZDUSD', 'EURJPY', 'GBPJPY', 'A
  SKIP gen_mo_macd_stoch_none_trail on DE40 D1: out_of_universe -- gen_mo_macd_stoch_none_trail declares universe ['EURUSD', 'GBPUSD', 'USDJPY', 'AUDUSD', 'USDCAD', 'USDCHF', 'NZDUSD', 'EURJPY', 'GBPJPY', 'A
  SKIP gen_mo_macd_stoch_none_trail on UK100 H4: out_of_universe -- gen_mo_macd_stoch_none_trail declares universe ['EURUSD', 'GBPUSD', 'USDJPY', 'AUDUSD', 'USDCAD', 'USDCHF', 'NZDUSD', 'EURJPY', 'GBPJPY', '
  SKIP gen_mo_macd_stoch_none_trail on UK100 D1: out_of_universe -- gen_mo_macd_stoch_none_trail declares universe ['EURUSD', 'GBPUSD', 'USDJPY', 'AUDUSD', 'USDCAD', 'USDCHF', 'NZDUSD', 'EURJPY', 'GBPJPY', '
  SKIP gen_mo_macd_stoch_none_trail on US500 H4: out_of_universe -- gen_mo_macd_stoch_none_trail declares universe ['EURUSD', 'GBPUSD', 'USDJPY', 'AUDUSD', 'USDCAD', 'USDCHF', 'NZDUSD', 'EURJPY', 'GBPJPY', '
  SKIP gen_mo_macd_stoch_none_trail on US500 D1: out_of_universe -- gen_mo_macd_stoch_none_trail declares universe ['EURUSD', 'GBPUSD', 'USDJPY', 'AUDUSD', 'USDCAD', 'USDCHF', 'NZDUSD', 'EURJPY', 'GBPJPY', '
  SKIP gen_mo_macd_stoch_none_trail on XAGUSD H4: out_of_universe -- gen_mo_macd_stoch_none_trail declares universe ['EURUSD', 'GBPUSD', 'USDJPY', 'AUDUSD', 'USDCAD', 'USDCHF', 'NZDUSD', 'EURJPY', 'GBPJPY', 
  SKIP gen_mo_macd_stoch_none_trail on XAGUSD D1: out_of_universe -- gen_mo_macd_stoch_none_trail declares universe ['EURUSD', 'GBPUSD', 'USDJPY', 'AUDUSD', 'USDCAD', 'USDCHF', 'NZDUSD', 'EURJPY', 'GBPJPY', 
  SKIP gen_mo_macd_stoch_rvol_gate_time_exit on DE40 H4: out_of_universe -- gen_mo_macd_stoch_rvol_gate_time_exit declares universe ['EURUSD', 'GBPUSD', 'USDJPY', 'AUDUSD', 'USDCAD', 'USDCHF', 'NZDUSD', 'EUR
  SKIP gen_mo_macd_stoch_rvol_gate_time_exit on DE40 D1: out_of_universe -- gen_mo_macd_stoch_rvol_gate_time_exit declares universe ['EURUSD', 'GBPUSD', 'USDJPY', 'AUDUSD', 'USDCAD', 'USDCHF', 'NZDUSD', 'EUR
  SKIP gen_mo_macd_stoch_rvol_gate_time_exit on UK100 H4: out_of_universe -- gen_mo_macd_stoch_rvol_gate_time_exit declares universe ['EURUSD', 'GBPUSD', 'USDJPY', 'AUDUSD', 'USDCAD', 'USDCHF', 'NZDUSD', 'EU
  SKIP gen_mo_macd_stoch_rvol_gate_time_exit on UK100 D1: out_of_universe -- gen_mo_macd_stoch_rvol_gate_time_exit declares universe ['EURUSD', 'GBPUSD', 'USDJPY', 'AUDUSD', 'USDCAD', 'USDCHF', 'NZDUSD', 'EU
  SKIP gen_mo_macd_stoch_rvol_gate_time_exit on US500 H4: out_of_universe -- gen_mo_macd_stoch_rvol_gate_time_exit declares universe ['EURUSD', 'GBPUSD', 'USDJPY', 'AUDUSD', 'USDCAD', 'USDCHF', 'NZDUSD', 'EU
  SKIP gen_mo_macd_stoch_rvol_gate_time_exit on US500 D1: out_of_universe -- gen_mo_macd_stoch_rvol_gate_time_exit declares universe ['EURUSD', 'GBPUSD', 'USDJPY', 'AUDUSD', 'USDCAD', 'USDCHF', 'NZDUSD', 'EU
  SKIP gen_mo_macd_stoch_rvol_gate_time_exit on XAGUSD H4: out_of_universe -- gen_mo_macd_stoch_rvol_gate_time_exit declares universe ['EURUSD', 'GBPUSD', 'USDJPY', 'AUDUSD', 'USDCAD', 'USDCHF', 'NZDUSD', 'E
  SKIP gen_mo_macd_stoch_rvol_gate_time_exit on XAGUSD D1: out_of_universe -- gen_mo_macd_stoch_rvol_gate_time_exit declares universe ['EURUSD', 'GBPUSD', 'USDJPY', 'AUDUSD', 'USDCAD', 'USDCHF', 'NZDUSD', 'E
  SKIP gen_mo_rsi_stoch_adx_gate_swing_tp_long on DE40 H4: out_of_universe -- gen_mo_rsi_stoch_adx_gate_swing_tp_long declares universe ['EURUSD', 'GBPUSD', 'USDJPY', 'AUDUSD', 'USDCAD', 'USDCHF', 'NZDUSD', 
  SKIP gen_mo_rsi_stoch_adx_gate_swing_tp_long on DE40 D1: out_of_universe -- gen_mo_rsi_stoch_adx_gate_swing_tp_long declares universe ['EURUSD', 'GBPUSD', 'USDJPY', 'AUDUSD', 'USDCAD', 'USDCHF', 'NZDUSD', 
  SKIP gen_mo_rsi_stoch_adx_gate_swing_tp_long on UK100 H4: out_of_universe -- gen_mo_rsi_stoch_adx_gate_swing_tp_long declares universe ['EURUSD', 'GBPUSD', 'USDJPY', 'AUDUSD', 'USDCAD', 'USDCHF', 'NZDUSD',
  SKIP gen_mo_rsi_stoch_adx_gate_swing_tp_long on UK100 D1: out_of_universe -- gen_mo_rsi_stoch_adx_gate_swing_tp_long declares universe ['EURUSD', 'GBPUSD', 'USDJPY', 'AUDUSD', 'USDCAD', 'USDCHF', 'NZDUSD',
  SKIP gen_mo_rsi_stoch_adx_gate_swing_tp_long on US500 H4: out_of_universe -- gen_mo_rsi_stoch_adx_gate_swing_tp_long declares universe ['EURUSD', 'GBPUSD', 'USDJPY', 'AUDUSD', 'USDCAD', 'USDCHF', 'NZDUSD',
  SKIP gen_mo_rsi_stoch_adx_gate_swing_tp_long on US500 D1: out_of_universe -- gen_mo_rsi_stoch_adx_gate_swing_tp_long declares universe ['EURUSD', 'GBPUSD', 'USDJPY', 'AUDUSD', 'USDCAD', 'USDCHF', 'NZDUSD',
  SKIP gen_mo_rsi_stoch_adx_gate_swing_tp_long on XAGUSD H4: out_of_universe -- gen_mo_rsi_stoch_adx_gate_swing_tp_long declares universe ['EURUSD', 'GBPUSD', 'USDJPY', 'AUDUSD', 'USDCAD', 'USDCHF', 'NZDUSD'
  SKIP gen_mo_rsi_stoch_adx_gate_swing_tp_long on XAGUSD D1: out_of_universe -- gen_mo_rsi_stoch_adx_gate_swing_tp_long declares universe ['EURUSD', 'GBPUSD', 'USDJPY', 'AUDUSD', 'USDCAD', 'USDCHF', 'NZDUSD'
  SKIP gen_mo_rsi_stoch_rvol_gate_swing_tp_long on DE40 H4: out_of_universe -- gen_mo_rsi_stoch_rvol_gate_swing_tp_long declares universe ['EURUSD', 'GBPUSD', 'USDJPY', 'AUDUSD', 'USDCAD', 'USDCHF', 'NZDUSD'
  SKIP gen_mo_rsi_stoch_rvol_gate_swing_tp_long on DE40 D1: out_of_universe -- gen_mo_rsi_stoch_rvol_gate_swing_tp_long declares universe ['EURUSD', 'GBPUSD', 'USDJPY', 'AUDUSD', 'USDCAD', 'USDCHF', 'NZDUSD'
  SKIP gen_mo_rsi_stoch_rvol_gate_swing_tp_long on UK100 H4: out_of_universe -- gen_mo_rsi_stoch_rvol_gate_swing_tp_long declares universe ['EURUSD', 'GBPUSD', 'USDJPY', 'AUDUSD', 'USDCAD', 'USDCHF', 'NZDUSD
  SKIP gen_mo_rsi_stoch_rvol_gate_swing_tp_long on UK100 D1: out_of_universe -- gen_mo_rsi_stoch_rvol_gate_swing_tp_long declares universe ['EURUSD', 'GBPUSD', 'USDJPY', 'AUDUSD', 'USDCAD', 'USDCHF', 'NZDUSD
  SKIP gen_mo_rsi_stoch_rvol_gate_swing_tp_long on US500 H4: out_of_universe -- gen_mo_rsi_stoch_rvol_gate_swing_tp_long declares universe ['EURUSD', 'GBPUSD', 'USDJPY', 'AUDUSD', 'USDCAD', 'USDCHF', 'NZDUSD
  SKIP gen_mo_rsi_stoch_rvol_gate_swing_tp_long on US500 D1: out_of_universe -- gen_mo_rsi_stoch_rvol_gate_swing_tp_long declares universe ['EURUSD', 'GBPUSD', 'USDJPY', 'AUDUSD', 'USDCAD', 'USDCHF', 'NZDUSD
  SKIP gen_mo_rsi_stoch_rvol_gate_swing_tp_long on XAGUSD H4: out_of_universe -- gen_mo_rsi_stoch_rvol_gate_swing_tp_long declares universe ['EURUSD', 'GBPUSD', 'USDJPY', 'AUDUSD', 'USDCAD', 'USDCHF', 'NZDUS
  SKIP gen_mo_rsi_stoch_rvol_gate_swing_tp_long on XAGUSD D1: out_of_universe -- gen_mo_rsi_stoch_rvol_gate_swing_tp_long declares universe ['EURUSD', 'GBPUSD', 'USDJPY', 'AUDUSD', 'USDCAD', 'USDCHF', 'NZDUS
  SKIP gen_mo_rsi_stoch_rvol_gate_swing_tp_short on DE40 H4: out_of_universe -- gen_mo_rsi_stoch_rvol_gate_swing_tp_short declares universe ['EURUSD', 'GBPUSD', 'USDJPY', 'AUDUSD', 'USDCAD', 'USDCHF', 'NZDUS
  SKIP gen_mo_rsi_stoch_rvol_gate_swing_tp_short on DE40 D1: out_of_universe -- gen_mo_rsi_stoch_rvol_gate_swing_tp_short declares universe ['EURUSD', 'GBPUSD', 'USDJPY', 'AUDUSD', 'USDCAD', 'USDCHF', 'NZDUS
  SKIP gen_mo_rsi_stoch_rvol_gate_swing_tp_short on UK100 H4: out_of_universe -- gen_mo_rsi_stoch_rvol_gate_swing_tp_short declares universe ['EURUSD', 'GBPUSD', 'USDJPY', 'AUDUSD', 'USDCAD', 'USDCHF', 'NZDU
  SKIP gen_mo_rsi_stoch_rvol_gate_swing_tp_short on UK100 D1: out_of_universe -- gen_mo_rsi_stoch_rvol_gate_swing_tp_short declares universe ['EURUSD', 'GBPUSD', 'USDJPY', 'AUDUSD', 'USDCAD', 'USDCHF', 'NZDU
  SKIP gen_mo_rsi_stoch_rvol_gate_swing_tp_short on US500 H4: out_of_universe -- gen_mo_rsi_stoch_rvol_gate_swing_tp_short declares universe ['EURUSD', 'GBPUSD', 'USDJPY', 'AUDUSD', 'USDCAD', 'USDCHF', 'NZDU
  SKIP gen_mo_rsi_stoch_rvol_gate_swing_tp_short on US500 D1: out_of_universe -- gen_mo_rsi_stoch_rvol_gate_swing_tp_short declares universe ['EURUSD', 'GBPUSD', 'USDJPY', 'AUDUSD', 'USDCAD', 'USDCHF', 'NZDU
  SKIP gen_mo_rsi_stoch_rvol_gate_swing_tp_short on XAGUSD H4: out_of_universe -- gen_mo_rsi_stoch_rvol_gate_swing_tp_short declares universe ['EURUSD', 'GBPUSD', 'USDJPY', 'AUDUSD', 'USDCAD', 'USDCHF', 'NZD
  SKIP gen_mo_rsi_stoch_rvol_gate_swing_tp_short on XAGUSD D1: out_of_universe -- gen_mo_rsi_stoch_rvol_gate_swing_tp_short declares universe ['EURUSD', 'GBPUSD', 'USDJPY', 'AUDUSD', 'USDCAD', 'USDCHF', 'NZD
  SKIP gen_mo_rsi_stoch_rvol_gate_tp_r on DE40 H4: out_of_universe -- gen_mo_rsi_stoch_rvol_gate_tp_r declares universe ['EURUSD', 'GBPUSD', 'USDJPY', 'AUDUSD', 'USDCAD', 'USDCHF', 'NZDUSD', 'EURJPY', 'GBPJP
  SKIP gen_mo_rsi_stoch_rvol_gate_tp_r on DE40 D1: out_of_universe -- gen_mo_rsi_stoch_rvol_gate_tp_r declares universe ['EURUSD', 'GBPUSD', 'USDJPY', 'AUDUSD', 'USDCAD', 'USDCHF', 'NZDUSD', 'EURJPY', 'GBPJP
  SKIP gen_mo_rsi_stoch_rvol_gate_tp_r on UK100 H4: out_of_universe -- gen_mo_rsi_stoch_rvol_gate_tp_r declares universe ['EURUSD', 'GBPUSD', 'USDJPY', 'AUDUSD', 'USDCAD', 'USDCHF', 'NZDUSD', 'EURJPY', 'GBPJ
  SKIP gen_mo_rsi_stoch_rvol_gate_tp_r on UK100 D1: out_of_universe -- gen_mo_rsi_stoch_rvol_gate_tp_r declares universe ['EURUSD', 'GBPUSD', 'USDJPY', 'AUDUSD', 'USDCAD', 'USDCHF', 'NZDUSD', 'EURJPY', 'GBPJ
  SKIP gen_mo_rsi_stoch_rvol_gate_tp_r on US500 H4: out_of_universe -- gen_mo_rsi_stoch_rvol_gate_tp_r declares universe ['EURUSD', 'GBPUSD', 'USDJPY', 'AUDUSD', 'USDCAD', 'USDCHF', 'NZDUSD', 'EURJPY', 'GBPJ
  SKIP gen_mo_rsi_stoch_rvol_gate_tp_r on US500 D1: out_of_universe -- gen_mo_rsi_stoch_rvol_gate_tp_r declares universe ['EURUSD', 'GBPUSD', 'USDJPY', 'AUDUSD', 'USDCAD', 'USDCHF', 'NZDUSD', 'EURJPY', 'GBPJ
  SKIP gen_mo_rsi_stoch_rvol_gate_tp_r on XAGUSD H4: out_of_universe -- gen_mo_rsi_stoch_rvol_gate_tp_r declares universe ['EURUSD', 'GBPUSD', 'USDJPY', 'AUDUSD', 'USDCAD', 'USDCHF', 'NZDUSD', 'EURJPY', 'GBP
  SKIP gen_mo_rsi_stoch_rvol_gate_tp_r on XAGUSD D1: out_of_universe -- gen_mo_rsi_stoch_rvol_gate_tp_r declares universe ['EURUSD', 'GBPUSD', 'USDJPY', 'AUDUSD', 'USDCAD', 'USDCHF', 'NZDUSD', 'EURJPY', 'GBP
  SKIP gen_mo_rsi_stoch_session_swing_tp_long on AUDJPY D1: out_of_universe -- gen_mo_rsi_stoch_session_swing_tp_long declares universe ['EURUSD', 'GBPUSD', 'USDJPY', 'AUDUSD', 'USDCAD', 'USDCHF', 'NZDUSD', 
  SKIP gen_mo_rsi_stoch_session_swing_tp_long on AUDUSD D1: out_of_universe -- gen_mo_rsi_stoch_session_swing_tp_long declares universe ['EURUSD', 'GBPUSD', 'USDJPY', 'AUDUSD', 'USDCAD', 'USDCHF', 'NZDUSD', 
  SKIP gen_mo_rsi_stoch_session_swing_tp_long on DE40 H4: out_of_universe -- gen_mo_rsi_stoch_session_swing_tp_long declares universe ['EURUSD', 'GBPUSD', 'USDJPY', 'AUDUSD', 'USDCAD', 'USDCHF', 'NZDUSD', 'E
  SKIP gen_mo_rsi_stoch_session_swing_tp_long on DE40 D1: out_of_universe -- gen_mo_rsi_stoch_session_swing_tp_long declares universe ['EURUSD', 'GBPUSD', 'USDJPY', 'AUDUSD', 'USDCAD', 'USDCHF', 'NZDUSD', 'E
  SKIP gen_mo_rsi_stoch_session_swing_tp_long on EURGBP D1: out_of_universe -- gen_mo_rsi_stoch_session_swing_tp_long declares universe ['EURUSD', 'GBPUSD', 'USDJPY', 'AUDUSD', 'USDCAD', 'USDCHF', 'NZDUSD', 
  SKIP gen_mo_rsi_stoch_session_swing_tp_long on EURJPY D1: out_of_universe -- gen_mo_rsi_stoch_session_swing_tp_long declares universe ['EURUSD', 'GBPUSD', 'USDJPY', 'AUDUSD', 'USDCAD', 'USDCHF', 'NZDUSD', 
  SKIP gen_mo_rsi_stoch_session_swing_tp_long on EURUSD D1: out_of_universe -- gen_mo_rsi_stoch_session_swing_tp_long declares universe ['EURUSD', 'GBPUSD', 'USDJPY', 'AUDUSD', 'USDCAD', 'USDCHF', 'NZDUSD', 
  SKIP gen_mo_rsi_stoch_session_swing_tp_long on GBPJPY D1: out_of_universe -- gen_mo_rsi_stoch_session_swing_tp_long declares universe ['EURUSD', 'GBPUSD', 'USDJPY', 'AUDUSD', 'USDCAD', 'USDCHF', 'NZDUSD', 
  SKIP gen_mo_rsi_stoch_session_swing_tp_long on GBPUSD D1: out_of_universe -- gen_mo_rsi_stoch_session_swing_tp_long declares universe ['EURUSD', 'GBPUSD', 'USDJPY', 'AUDUSD', 'USDCAD', 'USDCHF', 'NZDUSD', 
  SKIP gen_mo_rsi_stoch_session_swing_tp_long on NZDUSD D1: out_of_universe -- gen_mo_rsi_stoch_session_swing_tp_long declares universe ['EURUSD', 'GBPUSD', 'USDJPY', 'AUDUSD', 'USDCAD', 'USDCHF', 'NZDUSD', 
  SKIP gen_mo_rsi_stoch_session_swing_tp_long on UK100 H4: out_of_universe -- gen_mo_rsi_stoch_session_swing_tp_long declares universe ['EURUSD', 'GBPUSD', 'USDJPY', 'AUDUSD', 'USDCAD', 'USDCHF', 'NZDUSD', '
  SKIP gen_mo_rsi_stoch_session_swing_tp_long on UK100 D1: out_of_universe -- gen_mo_rsi_stoch_session_swing_tp_long declares universe ['EURUSD', 'GBPUSD', 'USDJPY', 'AUDUSD', 'USDCAD', 'USDCHF', 'NZDUSD', '
  SKIP gen_mo_rsi_stoch_session_swing_tp_long on US500 H4: out_of_universe -- gen_mo_rsi_stoch_session_swing_tp_long declares universe ['EURUSD', 'GBPUSD', 'USDJPY', 'AUDUSD', 'USDCAD', 'USDCHF', 'NZDUSD', '
  SKIP gen_mo_rsi_stoch_session_swing_tp_long on US500 D1: out_of_universe -- gen_mo_rsi_stoch_session_swing_tp_long declares universe ['EURUSD', 'GBPUSD', 'USDJPY', 'AUDUSD', 'USDCAD', 'USDCHF', 'NZDUSD', '
  SKIP gen_mo_rsi_stoch_session_swing_tp_long on USDCAD D1: out_of_universe -- gen_mo_rsi_stoch_session_swing_tp_long declares universe ['EURUSD', 'GBPUSD', 'USDJPY', 'AUDUSD', 'USDCAD', 'USDCHF', 'NZDUSD', 
  SKIP gen_mo_rsi_stoch_session_swing_tp_long on USDCHF D1: out_of_universe -- gen_mo_rsi_stoch_session_swing_tp_long declares universe ['EURUSD', 'GBPUSD', 'USDJPY', 'AUDUSD', 'USDCAD', 'USDCHF', 'NZDUSD', 
  SKIP gen_mo_rsi_stoch_session_swing_tp_long on USDJPY D1: out_of_universe -- gen_mo_rsi_stoch_session_swing_tp_long declares universe ['EURUSD', 'GBPUSD', 'USDJPY', 'AUDUSD', 'USDCAD', 'USDCHF', 'NZDUSD', 
  SKIP gen_mo_rsi_stoch_session_swing_tp_long on XAGUSD H4: out_of_universe -- gen_mo_rsi_stoch_session_swing_tp_long declares universe ['EURUSD', 'GBPUSD', 'USDJPY', 'AUDUSD', 'USDCAD', 'USDCHF', 'NZDUSD', 
  SKIP gen_mo_rsi_stoch_session_swing_tp_long on XAGUSD D1: out_of_universe -- gen_mo_rsi_stoch_session_swing_tp_long declares universe ['EURUSD', 'GBPUSD', 'USDJPY', 'AUDUSD', 'USDCAD', 'USDCHF', 'NZDUSD', 
  SKIP gen_mo_rsi_stoch_session_swing_tp_long on XAUUSD D1: out_of_universe -- gen_mo_rsi_stoch_session_swing_tp_long declares universe ['EURUSD', 'GBPUSD', 'USDJPY', 'AUDUSD', 'USDCAD', 'USDCHF', 'NZDUSD', 
  SKIP gen_mo_rsi_stoch_session_trail on AUDJPY D1: out_of_universe -- gen_mo_rsi_stoch_session_trail declares universe ['EURUSD', 'GBPUSD', 'USDJPY', 'AUDUSD', 'USDCAD', 'USDCHF', 'NZDUSD', 'EURJPY', 'GBPJP
  SKIP gen_mo_rsi_stoch_session_trail on AUDUSD D1: out_of_universe -- gen_mo_rsi_stoch_session_trail declares universe ['EURUSD', 'GBPUSD', 'USDJPY', 'AUDUSD', 'USDCAD', 'USDCHF', 'NZDUSD', 'EURJPY', 'GBPJP
  SKIP gen_mo_rsi_stoch_session_trail on DE40 H4: out_of_universe -- gen_mo_rsi_stoch_session_trail declares universe ['EURUSD', 'GBPUSD', 'USDJPY', 'AUDUSD', 'USDCAD', 'USDCHF', 'NZDUSD', 'EURJPY', 'GBPJPY'
  SKIP gen_mo_rsi_stoch_session_trail on DE40 D1: out_of_universe -- gen_mo_rsi_stoch_session_trail declares universe ['EURUSD', 'GBPUSD', 'USDJPY', 'AUDUSD', 'USDCAD', 'USDCHF', 'NZDUSD', 'EURJPY', 'GBPJPY'
  SKIP gen_mo_rsi_stoch_session_trail on EURGBP D1: out_of_universe -- gen_mo_rsi_stoch_session_trail declares universe ['EURUSD', 'GBPUSD', 'USDJPY', 'AUDUSD', 'USDCAD', 'USDCHF', 'NZDUSD', 'EURJPY', 'GBPJP
  SKIP gen_mo_rsi_stoch_session_trail on EURJPY D1: out_of_universe -- gen_mo_rsi_stoch_session_trail declares universe ['EURUSD', 'GBPUSD', 'USDJPY', 'AUDUSD', 'USDCAD', 'USDCHF', 'NZDUSD', 'EURJPY', 'GBPJP
  SKIP gen_mo_rsi_stoch_session_trail on EURUSD D1: out_of_universe -- gen_mo_rsi_stoch_session_trail declares universe ['EURUSD', 'GBPUSD', 'USDJPY', 'AUDUSD', 'USDCAD', 'USDCHF', 'NZDUSD', 'EURJPY', 'GBPJP
  SKIP gen_mo_rsi_stoch_session_trail on GBPJPY D1: out_of_universe -- gen_mo_rsi_stoch_session_trail declares universe ['EURUSD', 'GBPUSD', 'USDJPY', 'AUDUSD', 'USDCAD', 'USDCHF', 'NZDUSD', 'EURJPY', 'GBPJP
  SKIP gen_mo_rsi_stoch_session_trail on GBPUSD D1: out_of_universe -- gen_mo_rsi_stoch_session_trail declares universe ['EURUSD', 'GBPUSD', 'USDJPY', 'AUDUSD', 'USDCAD', 'USDCHF', 'NZDUSD', 'EURJPY', 'GBPJP
  SKIP gen_mo_rsi_stoch_session_trail on NZDUSD D1: out_of_universe -- gen_mo_rsi_stoch_session_trail declares universe ['EURUSD', 'GBPUSD', 'USDJPY', 'AUDUSD', 'USDCAD', 'USDCHF', 'NZDUSD', 'EURJPY', 'GBPJP
  SKIP gen_mo_rsi_stoch_session_trail on UK100 H4: out_of_universe -- gen_mo_rsi_stoch_session_trail declares universe ['EURUSD', 'GBPUSD', 'USDJPY', 'AUDUSD', 'USDCAD', 'USDCHF', 'NZDUSD', 'EURJPY', 'GBPJPY
  SKIP gen_mo_rsi_stoch_session_trail on UK100 D1: out_of_universe -- gen_mo_rsi_stoch_session_trail declares universe ['EURUSD', 'GBPUSD', 'USDJPY', 'AUDUSD', 'USDCAD', 'USDCHF', 'NZDUSD', 'EURJPY', 'GBPJPY
  SKIP gen_mo_rsi_stoch_session_trail on US500 H4: out_of_universe -- gen_mo_rsi_stoch_session_trail declares universe ['EURUSD', 'GBPUSD', 'USDJPY', 'AUDUSD', 'USDCAD', 'USDCHF', 'NZDUSD', 'EURJPY', 'GBPJPY
  SKIP gen_mo_rsi_stoch_session_trail on US500 D1: out_of_universe -- gen_mo_rsi_stoch_session_trail declares universe ['EURUSD', 'GBPUSD', 'USDJPY', 'AUDUSD', 'USDCAD', 'USDCHF', 'NZDUSD', 'EURJPY', 'GBPJPY
  SKIP gen_mo_rsi_stoch_session_trail on USDCAD D1: out_of_universe -- gen_mo_rsi_stoch_session_trail declares universe ['EURUSD', 'GBPUSD', 'USDJPY', 'AUDUSD', 'USDCAD', 'USDCHF', 'NZDUSD', 'EURJPY', 'GBPJP
  SKIP gen_mo_rsi_stoch_session_trail on USDCHF D1: out_of_universe -- gen_mo_rsi_stoch_session_trail declares universe ['EURUSD', 'GBPUSD', 'USDJPY', 'AUDUSD', 'USDCAD', 'USDCHF', 'NZDUSD', 'EURJPY', 'GBPJP
  SKIP gen_mo_rsi_stoch_session_trail on USDJPY D1: out_of_universe -- gen_mo_rsi_stoch_session_trail declares universe ['EURUSD', 'GBPUSD', 'USDJPY', 'AUDUSD', 'USDCAD', 'USDCHF', 'NZDUSD', 'EURJPY', 'GBPJP
  SKIP gen_mo_rsi_stoch_session_trail on XAGUSD H4: out_of_universe -- gen_mo_rsi_stoch_session_trail declares universe ['EURUSD', 'GBPUSD', 'USDJPY', 'AUDUSD', 'USDCAD', 'USDCHF', 'NZDUSD', 'EURJPY', 'GBPJP
  SKIP gen_mo_rsi_stoch_session_trail on XAGUSD D1: out_of_universe -- gen_mo_rsi_stoch_session_trail declares universe ['EURUSD', 'GBPUSD', 'USDJPY', 'AUDUSD', 'USDCAD', 'USDCHF', 'NZDUSD', 'EURJPY', 'GBPJP
  SKIP gen_mo_rsi_stoch_session_trail on XAUUSD D1: out_of_universe -- gen_mo_rsi_stoch_session_trail declares universe ['EURUSD', 'GBPUSD', 'USDJPY', 'AUDUSD', 'USDCAD', 'USDCHF', 'NZDUSD', 'EURJPY', 'GBPJP
  SKIP gen_mr_bb_reentry_none_swing_tp_long on AUDJPY H4: out_of_universe -- gen_mr_bb_reentry_none_swing_tp_long declares universe ['EURUSD', 'GBPUSD', 'USDJPY', 'AUDUSD', 'USDCAD', 'USDCHF', 'NZDUSD', 'EUR
  SKIP gen_mr_bb_reentry_none_swing_tp_long on AUDJPY D1: out_of_universe -- gen_mr_bb_reentry_none_swing_tp_long declares universe ['EURUSD', 'GBPUSD', 'USDJPY', 'AUDUSD', 'USDCAD', 'USDCHF', 'NZDUSD', 'EUR
  SKIP gen_mr_bb_reentry_none_swing_tp_long on DE40 H4: out_of_universe -- gen_mr_bb_reentry_none_swing_tp_long declares universe ['EURUSD', 'GBPUSD', 'USDJPY', 'AUDUSD', 'USDCAD', 'USDCHF', 'NZDUSD', 'EURGB
  SKIP gen_mr_bb_reentry_none_swing_tp_long on DE40 D1: out_of_universe -- gen_mr_bb_reentry_none_swing_tp_long declares universe ['EURUSD', 'GBPUSD', 'USDJPY', 'AUDUSD', 'USDCAD', 'USDCHF', 'NZDUSD', 'EURGB
  SKIP gen_mr_bb_reentry_none_swing_tp_long on EURJPY H4: out_of_universe -- gen_mr_bb_reentry_none_swing_tp_long declares universe ['EURUSD', 'GBPUSD', 'USDJPY', 'AUDUSD', 'USDCAD', 'USDCHF', 'NZDUSD', 'EUR
  SKIP gen_mr_bb_reentry_none_swing_tp_long on EURJPY D1: out_of_universe -- gen_mr_bb_reentry_none_swing_tp_long declares universe ['EURUSD', 'GBPUSD', 'USDJPY', 'AUDUSD', 'USDCAD', 'USDCHF', 'NZDUSD', 'EUR
  SKIP gen_mr_bb_reentry_none_swing_tp_long on GBPJPY H4: out_of_universe -- gen_mr_bb_reentry_none_swing_tp_long declares universe ['EURUSD', 'GBPUSD', 'USDJPY', 'AUDUSD', 'USDCAD', 'USDCHF', 'NZDUSD', 'EUR
  SKIP gen_mr_bb_reentry_none_swing_tp_long on GBPJPY D1: out_of_universe -- gen_mr_bb_reentry_none_swing_tp_long declares universe ['EURUSD', 'GBPUSD', 'USDJPY', 'AUDUSD', 'USDCAD', 'USDCHF', 'NZDUSD', 'EUR
  SKIP gen_mr_bb_reentry_none_swing_tp_long on UK100 H4: out_of_universe -- gen_mr_bb_reentry_none_swing_tp_long declares universe ['EURUSD', 'GBPUSD', 'USDJPY', 'AUDUSD', 'USDCAD', 'USDCHF', 'NZDUSD', 'EURG
  SKIP gen_mr_bb_reentry_none_swing_tp_long on UK100 D1: out_of_universe -- gen_mr_bb_reentry_none_swing_tp_long declares universe ['EURUSD', 'GBPUSD', 'USDJPY', 'AUDUSD', 'USDCAD', 'USDCHF', 'NZDUSD', 'EURG
  SKIP gen_mr_bb_reentry_none_swing_tp_long on US500 H4: out_of_universe -- gen_mr_bb_reentry_none_swing_tp_long declares universe ['EURUSD', 'GBPUSD', 'USDJPY', 'AUDUSD', 'USDCAD', 'USDCHF', 'NZDUSD', 'EURG
  SKIP gen_mr_bb_reentry_none_swing_tp_long on US500 D1: out_of_universe -- gen_mr_bb_reentry_none_swing_tp_long declares universe ['EURUSD', 'GBPUSD', 'USDJPY', 'AUDUSD', 'USDCAD', 'USDCHF', 'NZDUSD', 'EURG
  SKIP gen_mr_bb_reentry_none_swing_tp_long on XAGUSD H4: out_of_universe -- gen_mr_bb_reentry_none_swing_tp_long declares universe ['EURUSD', 'GBPUSD', 'USDJPY', 'AUDUSD', 'USDCAD', 'USDCHF', 'NZDUSD', 'EUR
  SKIP gen_mr_bb_reentry_none_swing_tp_long on XAGUSD D1: out_of_universe -- gen_mr_bb_reentry_none_swing_tp_long declares universe ['EURUSD', 'GBPUSD', 'USDJPY', 'AUDUSD', 'USDCAD', 'USDCHF', 'NZDUSD', 'EUR
  SKIP gen_mr_bb_reentry_none_swing_tp_long on XAUUSD H4: out_of_universe -- gen_mr_bb_reentry_none_swing_tp_long declares universe ['EURUSD', 'GBPUSD', 'USDJPY', 'AUDUSD', 'USDCAD', 'USDCHF', 'NZDUSD', 'EUR
  SKIP gen_mr_bb_reentry_none_swing_tp_long on XAUUSD D1: out_of_universe -- gen_mr_bb_reentry_none_swing_tp_long declares universe ['EURUSD', 'GBPUSD', 'USDJPY', 'AUDUSD', 'USDCAD', 'USDCHF', 'NZDUSD', 'EUR
  SKIP gen_mr_bb_reentry_none_swing_tp_short on AUDJPY H4: out_of_universe -- gen_mr_bb_reentry_none_swing_tp_short declares universe ['EURUSD', 'GBPUSD', 'USDJPY', 'AUDUSD', 'USDCAD', 'USDCHF', 'NZDUSD', 'E
  SKIP gen_mr_bb_reentry_none_swing_tp_short on AUDJPY D1: out_of_universe -- gen_mr_bb_reentry_none_swing_tp_short declares universe ['EURUSD', 'GBPUSD', 'USDJPY', 'AUDUSD', 'USDCAD', 'USDCHF', 'NZDUSD', 'E
  SKIP gen_mr_bb_reentry_none_swing_tp_short on DE40 H4: out_of_universe -- gen_mr_bb_reentry_none_swing_tp_short declares universe ['EURUSD', 'GBPUSD', 'USDJPY', 'AUDUSD', 'USDCAD', 'USDCHF', 'NZDUSD', 'EUR
  SKIP gen_mr_bb_reentry_none_swing_tp_short on DE40 D1: out_of_universe -- gen_mr_bb_reentry_none_swing_tp_short declares universe ['EURUSD', 'GBPUSD', 'USDJPY', 'AUDUSD', 'USDCAD', 'USDCHF', 'NZDUSD', 'EUR
  SKIP gen_mr_bb_reentry_none_swing_tp_short on EURJPY H4: out_of_universe -- gen_mr_bb_reentry_none_swing_tp_short declares universe ['EURUSD', 'GBPUSD', 'USDJPY', 'AUDUSD', 'USDCAD', 'USDCHF', 'NZDUSD', 'E
  SKIP gen_mr_bb_reentry_none_swing_tp_short on EURJPY D1: out_of_universe -- gen_mr_bb_reentry_none_swing_tp_short declares universe ['EURUSD', 'GBPUSD', 'USDJPY', 'AUDUSD', 'USDCAD', 'USDCHF', 'NZDUSD', 'E
  SKIP gen_mr_bb_reentry_none_swing_tp_short on GBPJPY H4: out_of_universe -- gen_mr_bb_reentry_none_swing_tp_short declares universe ['EURUSD', 'GBPUSD', 'USDJPY', 'AUDUSD', 'USDCAD', 'USDCHF', 'NZDUSD', 'E
  SKIP gen_mr_bb_reentry_none_swing_tp_short on GBPJPY D1: out_of_universe -- gen_mr_bb_reentry_none_swing_tp_short declares universe ['EURUSD', 'GBPUSD', 'USDJPY', 'AUDUSD', 'USDCAD', 'USDCHF', 'NZDUSD', 'E
  SKIP gen_mr_bb_reentry_none_swing_tp_short on UK100 H4: out_of_universe -- gen_mr_bb_reentry_none_swing_tp_short declares universe ['EURUSD', 'GBPUSD', 'USDJPY', 'AUDUSD', 'USDCAD', 'USDCHF', 'NZDUSD', 'EU
  SKIP gen_mr_bb_reentry_none_swing_tp_short on UK100 D1: out_of_universe -- gen_mr_bb_reentry_none_swing_tp_short declares universe ['EURUSD', 'GBPUSD', 'USDJPY', 'AUDUSD', 'USDCAD', 'USDCHF', 'NZDUSD', 'EU
  SKIP gen_mr_bb_reentry_none_swing_tp_short on US500 H4: out_of_universe -- gen_mr_bb_reentry_none_swing_tp_short declares universe ['EURUSD', 'GBPUSD', 'USDJPY', 'AUDUSD', 'USDCAD', 'USDCHF', 'NZDUSD', 'EU
  SKIP gen_mr_bb_reentry_none_swing_tp_short on US500 D1: out_of_universe -- gen_mr_bb_reentry_none_swing_tp_short declares universe ['EURUSD', 'GBPUSD', 'USDJPY', 'AUDUSD', 'USDCAD', 'USDCHF', 'NZDUSD', 'EU
  SKIP gen_mr_bb_reentry_none_swing_tp_short on XAGUSD H4: out_of_universe -- gen_mr_bb_reentry_none_swing_tp_short declares universe ['EURUSD', 'GBPUSD', 'USDJPY', 'AUDUSD', 'USDCAD', 'USDCHF', 'NZDUSD', 'E
  SKIP gen_mr_bb_reentry_none_swing_tp_short on XAGUSD D1: out_of_universe -- gen_mr_bb_reentry_none_swing_tp_short declares universe ['EURUSD', 'GBPUSD', 'USDJPY', 'AUDUSD', 'USDCAD', 'USDCHF', 'NZDUSD', 'E
  SKIP gen_mr_bb_reentry_none_swing_tp_short on XAUUSD H4: out_of_universe -- gen_mr_bb_reentry_none_swing_tp_short declares universe ['EURUSD', 'GBPUSD', 'USDJPY', 'AUDUSD', 'USDCAD', 'USDCHF', 'NZDUSD', 'E
  SKIP gen_mr_bb_reentry_none_swing_tp_short on XAUUSD D1: out_of_universe -- gen_mr_bb_reentry_none_swing_tp_short declares universe ['EURUSD', 'GBPUSD', 'USDJPY', 'AUDUSD', 'USDCAD', 'USDCHF', 'NZDUSD', 'E
  SKIP gen_mr_bb_reentry_none_time_exit on AUDJPY H4: out_of_universe -- gen_mr_bb_reentry_none_time_exit declares universe ['EURUSD', 'GBPUSD', 'USDJPY', 'AUDUSD', 'USDCAD', 'USDCHF', 'NZDUSD', 'EURGBP'] an
  SKIP gen_mr_bb_reentry_none_time_exit on AUDJPY D1: out_of_universe -- gen_mr_bb_reentry_none_time_exit declares universe ['EURUSD', 'GBPUSD', 'USDJPY', 'AUDUSD', 'USDCAD', 'USDCHF', 'NZDUSD', 'EURGBP'] an
  SKIP gen_mr_bb_reentry_none_time_exit on DE40 H4: out_of_universe -- gen_mr_bb_reentry_none_time_exit declares universe ['EURUSD', 'GBPUSD', 'USDJPY', 'AUDUSD', 'USDCAD', 'USDCHF', 'NZDUSD', 'EURGBP'] and 
  SKIP gen_mr_bb_reentry_none_time_exit on DE40 D1: out_of_universe -- gen_mr_bb_reentry_none_time_exit declares universe ['EURUSD', 'GBPUSD', 'USDJPY', 'AUDUSD', 'USDCAD', 'USDCHF', 'NZDUSD', 'EURGBP'] and 
  SKIP gen_mr_bb_reentry_none_time_exit on EURJPY H4: out_of_universe -- gen_mr_bb_reentry_none_time_exit declares universe ['EURUSD', 'GBPUSD', 'USDJPY', 'AUDUSD', 'USDCAD', 'USDCHF', 'NZDUSD', 'EURGBP'] an
  SKIP gen_mr_bb_reentry_none_time_exit on EURJPY D1: out_of_universe -- gen_mr_bb_reentry_none_time_exit declares universe ['EURUSD', 'GBPUSD', 'USDJPY', 'AUDUSD', 'USDCAD', 'USDCHF', 'NZDUSD', 'EURGBP'] an
  SKIP gen_mr_bb_reentry_none_time_exit on GBPJPY H4: out_of_universe -- gen_mr_bb_reentry_none_time_exit declares universe ['EURUSD', 'GBPUSD', 'USDJPY', 'AUDUSD', 'USDCAD', 'USDCHF', 'NZDUSD', 'EURGBP'] an
  SKIP gen_mr_bb_reentry_none_time_exit on GBPJPY D1: out_of_universe -- gen_mr_bb_reentry_none_time_exit declares universe ['EURUSD', 'GBPUSD', 'USDJPY', 'AUDUSD', 'USDCAD', 'USDCHF', 'NZDUSD', 'EURGBP'] an
  SKIP gen_mr_bb_reentry_none_time_exit on UK100 H4: out_of_universe -- gen_mr_bb_reentry_none_time_exit declares universe ['EURUSD', 'GBPUSD', 'USDJPY', 'AUDUSD', 'USDCAD', 'USDCHF', 'NZDUSD', 'EURGBP'] and
  SKIP gen_mr_bb_reentry_none_time_exit on UK100 D1: out_of_universe -- gen_mr_bb_reentry_none_time_exit declares universe ['EURUSD', 'GBPUSD', 'USDJPY', 'AUDUSD', 'USDCAD', 'USDCHF', 'NZDUSD', 'EURGBP'] and
  SKIP gen_mr_bb_reentry_none_time_exit on US500 H4: out_of_universe -- gen_mr_bb_reentry_none_time_exit declares universe ['EURUSD', 'GBPUSD', 'USDJPY', 'AUDUSD', 'USDCAD', 'USDCHF', 'NZDUSD', 'EURGBP'] and
  SKIP gen_mr_bb_reentry_none_time_exit on US500 D1: out_of_universe -- gen_mr_bb_reentry_none_time_exit declares universe ['EURUSD', 'GBPUSD', 'USDJPY', 'AUDUSD', 'USDCAD', 'USDCHF', 'NZDUSD', 'EURGBP'] and
  SKIP gen_mr_bb_reentry_none_time_exit on XAGUSD H4: out_of_universe -- gen_mr_bb_reentry_none_time_exit declares universe ['EURUSD', 'GBPUSD', 'USDJPY', 'AUDUSD', 'USDCAD', 'USDCHF', 'NZDUSD', 'EURGBP'] an
  SKIP gen_mr_bb_reentry_none_time_exit on XAGUSD D1: out_of_universe -- gen_mr_bb_reentry_none_time_exit declares universe ['EURUSD', 'GBPUSD', 'USDJPY', 'AUDUSD', 'USDCAD', 'USDCHF', 'NZDUSD', 'EURGBP'] an
  SKIP gen_mr_bb_reentry_none_time_exit on XAUUSD H4: out_of_universe -- gen_mr_bb_reentry_none_time_exit declares universe ['EURUSD', 'GBPUSD', 'USDJPY', 'AUDUSD', 'USDCAD', 'USDCHF', 'NZDUSD', 'EURGBP'] an
  SKIP gen_mr_bb_reentry_none_time_exit on XAUUSD D1: out_of_universe -- gen_mr_bb_reentry_none_time_exit declares universe ['EURUSD', 'GBPUSD', 'USDJPY', 'AUDUSD', 'USDCAD', 'USDCHF', 'NZDUSD', 'EURGBP'] an
  SKIP gen_mr_bb_reentry_rvol_gate_swing_tp_long on AUDJPY H4: out_of_universe -- gen_mr_bb_reentry_rvol_gate_swing_tp_long declares universe ['EURUSD', 'GBPUSD', 'USDJPY', 'AUDUSD', 'USDCAD', 'USDCHF', 'NZD
  SKIP gen_mr_bb_reentry_rvol_gate_swing_tp_long on AUDJPY D1: out_of_universe -- gen_mr_bb_reentry_rvol_gate_swing_tp_long declares universe ['EURUSD', 'GBPUSD', 'USDJPY', 'AUDUSD', 'USDCAD', 'USDCHF', 'NZD
  SKIP gen_mr_bb_reentry_rvol_gate_swing_tp_long on DE40 H4: out_of_universe -- gen_mr_bb_reentry_rvol_gate_swing_tp_long declares universe ['EURUSD', 'GBPUSD', 'USDJPY', 'AUDUSD', 'USDCAD', 'USDCHF', 'NZDUS
  SKIP gen_mr_bb_reentry_rvol_gate_swing_tp_long on DE40 D1: out_of_universe -- gen_mr_bb_reentry_rvol_gate_swing_tp_long declares universe ['EURUSD', 'GBPUSD', 'USDJPY', 'AUDUSD', 'USDCAD', 'USDCHF', 'NZDUS
  SKIP gen_mr_bb_reentry_rvol_gate_swing_tp_long on EURJPY H4: out_of_universe -- gen_mr_bb_reentry_rvol_gate_swing_tp_long declares universe ['EURUSD', 'GBPUSD', 'USDJPY', 'AUDUSD', 'USDCAD', 'USDCHF', 'NZD
  SKIP gen_mr_bb_reentry_rvol_gate_swing_tp_long on EURJPY D1: out_of_universe -- gen_mr_bb_reentry_rvol_gate_swing_tp_long declares universe ['EURUSD', 'GBPUSD', 'USDJPY', 'AUDUSD', 'USDCAD', 'USDCHF', 'NZD
  SKIP gen_mr_bb_reentry_rvol_gate_swing_tp_long on GBPJPY H4: out_of_universe -- gen_mr_bb_reentry_rvol_gate_swing_tp_long declares universe ['EURUSD', 'GBPUSD', 'USDJPY', 'AUDUSD', 'USDCAD', 'USDCHF', 'NZD
  SKIP gen_mr_bb_reentry_rvol_gate_swing_tp_long on GBPJPY D1: out_of_universe -- gen_mr_bb_reentry_rvol_gate_swing_tp_long declares universe ['EURUSD', 'GBPUSD', 'USDJPY', 'AUDUSD', 'USDCAD', 'USDCHF', 'NZD
  SKIP gen_mr_bb_reentry_rvol_gate_swing_tp_long on UK100 H4: out_of_universe -- gen_mr_bb_reentry_rvol_gate_swing_tp_long declares universe ['EURUSD', 'GBPUSD', 'USDJPY', 'AUDUSD', 'USDCAD', 'USDCHF', 'NZDU
  SKIP gen_mr_bb_reentry_rvol_gate_swing_tp_long on UK100 D1: out_of_universe -- gen_mr_bb_reentry_rvol_gate_swing_tp_long declares universe ['EURUSD', 'GBPUSD', 'USDJPY', 'AUDUSD', 'USDCAD', 'USDCHF', 'NZDU
  SKIP gen_mr_bb_reentry_rvol_gate_swing_tp_long on US500 H4: out_of_universe -- gen_mr_bb_reentry_rvol_gate_swing_tp_long declares universe ['EURUSD', 'GBPUSD', 'USDJPY', 'AUDUSD', 'USDCAD', 'USDCHF', 'NZDU
  SKIP gen_mr_bb_reentry_rvol_gate_swing_tp_long on US500 D1: out_of_universe -- gen_mr_bb_reentry_rvol_gate_swing_tp_long declares universe ['EURUSD', 'GBPUSD', 'USDJPY', 'AUDUSD', 'USDCAD', 'USDCHF', 'NZDU
  SKIP gen_mr_bb_reentry_rvol_gate_swing_tp_long on XAGUSD H4: out_of_universe -- gen_mr_bb_reentry_rvol_gate_swing_tp_long declares universe ['EURUSD', 'GBPUSD', 'USDJPY', 'AUDUSD', 'USDCAD', 'USDCHF', 'NZD
  SKIP gen_mr_bb_reentry_rvol_gate_swing_tp_long on XAGUSD D1: out_of_universe -- gen_mr_bb_reentry_rvol_gate_swing_tp_long declares universe ['EURUSD', 'GBPUSD', 'USDJPY', 'AUDUSD', 'USDCAD', 'USDCHF', 'NZD
  SKIP gen_mr_bb_reentry_rvol_gate_swing_tp_long on XAUUSD H4: out_of_universe -- gen_mr_bb_reentry_rvol_gate_swing_tp_long declares universe ['EURUSD', 'GBPUSD', 'USDJPY', 'AUDUSD', 'USDCAD', 'USDCHF', 'NZD
  SKIP gen_mr_bb_reentry_rvol_gate_swing_tp_long on XAUUSD D1: out_of_universe -- gen_mr_bb_reentry_rvol_gate_swing_tp_long declares universe ['EURUSD', 'GBPUSD', 'USDJPY', 'AUDUSD', 'USDCAD', 'USDCHF', 'NZD
  SKIP gen_mr_bb_reentry_session_swing_tp_long on AUDJPY H4: out_of_universe -- gen_mr_bb_reentry_session_swing_tp_long declares universe ['EURUSD', 'GBPUSD', 'USDJPY', 'AUDUSD', 'USDCAD', 'USDCHF', 'NZDUSD'
  SKIP gen_mr_bb_reentry_session_swing_tp_long on AUDJPY D1: out_of_universe -- gen_mr_bb_reentry_session_swing_tp_long declares universe ['EURUSD', 'GBPUSD', 'USDJPY', 'AUDUSD', 'USDCAD', 'USDCHF', 'NZDUSD'
  SKIP gen_mr_bb_reentry_session_swing_tp_long on AUDUSD D1: out_of_universe -- gen_mr_bb_reentry_session_swing_tp_long declares universe ['EURUSD', 'GBPUSD', 'USDJPY', 'AUDUSD', 'USDCAD', 'USDCHF', 'NZDUSD'
  SKIP gen_mr_bb_reentry_session_swing_tp_long on DE40 H4: out_of_universe -- gen_mr_bb_reentry_session_swing_tp_long declares universe ['EURUSD', 'GBPUSD', 'USDJPY', 'AUDUSD', 'USDCAD', 'USDCHF', 'NZDUSD', 
  SKIP gen_mr_bb_reentry_session_swing_tp_long on DE40 D1: out_of_universe -- gen_mr_bb_reentry_session_swing_tp_long declares universe ['EURUSD', 'GBPUSD', 'USDJPY', 'AUDUSD', 'USDCAD', 'USDCHF', 'NZDUSD', 
  SKIP gen_mr_bb_reentry_session_swing_tp_long on EURGBP D1: out_of_universe -- gen_mr_bb_reentry_session_swing_tp_long declares universe ['EURUSD', 'GBPUSD', 'USDJPY', 'AUDUSD', 'USDCAD', 'USDCHF', 'NZDUSD'
  SKIP gen_mr_bb_reentry_session_swing_tp_long on EURJPY H4: out_of_universe -- gen_mr_bb_reentry_session_swing_tp_long declares universe ['EURUSD', 'GBPUSD', 'USDJPY', 'AUDUSD', 'USDCAD', 'USDCHF', 'NZDUSD'
  SKIP gen_mr_bb_reentry_session_swing_tp_long on EURJPY D1: out_of_universe -- gen_mr_bb_reentry_session_swing_tp_long declares universe ['EURUSD', 'GBPUSD', 'USDJPY', 'AUDUSD', 'USDCAD', 'USDCHF', 'NZDUSD'
  SKIP gen_mr_bb_reentry_session_swing_tp_long on EURUSD D1: out_of_universe -- gen_mr_bb_reentry_session_swing_tp_long declares universe ['EURUSD', 'GBPUSD', 'USDJPY', 'AUDUSD', 'USDCAD', 'USDCHF', 'NZDUSD'
  SKIP gen_mr_bb_reentry_session_swing_tp_long on GBPJPY H4: out_of_universe -- gen_mr_bb_reentry_session_swing_tp_long declares universe ['EURUSD', 'GBPUSD', 'USDJPY', 'AUDUSD', 'USDCAD', 'USDCHF', 'NZDUSD'
  SKIP gen_mr_bb_reentry_session_swing_tp_long on GBPJPY D1: out_of_universe -- gen_mr_bb_reentry_session_swing_tp_long declares universe ['EURUSD', 'GBPUSD', 'USDJPY', 'AUDUSD', 'USDCAD', 'USDCHF', 'NZDUSD'
  SKIP gen_mr_bb_reentry_session_swing_tp_long on GBPUSD D1: out_of_universe -- gen_mr_bb_reentry_session_swing_tp_long declares universe ['EURUSD', 'GBPUSD', 'USDJPY', 'AUDUSD', 'USDCAD', 'USDCHF', 'NZDUSD'
  SKIP gen_mr_bb_reentry_session_swing_tp_long on NZDUSD D1: out_of_universe -- gen_mr_bb_reentry_session_swing_tp_long declares universe ['EURUSD', 'GBPUSD', 'USDJPY', 'AUDUSD', 'USDCAD', 'USDCHF', 'NZDUSD'
  SKIP gen_mr_bb_reentry_session_swing_tp_long on UK100 H4: out_of_universe -- gen_mr_bb_reentry_session_swing_tp_long declares universe ['EURUSD', 'GBPUSD', 'USDJPY', 'AUDUSD', 'USDCAD', 'USDCHF', 'NZDUSD',
  SKIP gen_mr_bb_reentry_session_swing_tp_long on UK100 D1: out_of_universe -- gen_mr_bb_reentry_session_swing_tp_long declares universe ['EURUSD', 'GBPUSD', 'USDJPY', 'AUDUSD', 'USDCAD', 'USDCHF', 'NZDUSD',
  SKIP gen_mr_bb_reentry_session_swing_tp_long on US500 H4: out_of_universe -- gen_mr_bb_reentry_session_swing_tp_long declares universe ['EURUSD', 'GBPUSD', 'USDJPY', 'AUDUSD', 'USDCAD', 'USDCHF', 'NZDUSD',
  SKIP gen_mr_bb_reentry_session_swing_tp_long on US500 D1: out_of_universe -- gen_mr_bb_reentry_session_swing_tp_long declares universe ['EURUSD', 'GBPUSD', 'USDJPY', 'AUDUSD', 'USDCAD', 'USDCHF', 'NZDUSD',
  SKIP gen_mr_bb_reentry_session_swing_tp_long on USDCAD D1: out_of_universe -- gen_mr_bb_reentry_session_swing_tp_long declares universe ['EURUSD', 'GBPUSD', 'USDJPY', 'AUDUSD', 'USDCAD', 'USDCHF', 'NZDUSD'
  SKIP gen_mr_bb_reentry_session_swing_tp_long on USDCHF D1: out_of_universe -- gen_mr_bb_reentry_session_swing_tp_long declares universe ['EURUSD', 'GBPUSD', 'USDJPY', 'AUDUSD', 'USDCAD', 'USDCHF', 'NZDUSD'
  SKIP gen_mr_bb_reentry_session_swing_tp_long on USDJPY D1: out_of_universe -- gen_mr_bb_reentry_session_swing_tp_long declares universe ['EURUSD', 'GBPUSD', 'USDJPY', 'AUDUSD', 'USDCAD', 'USDCHF', 'NZDUSD'
  SKIP gen_mr_bb_reentry_session_swing_tp_long on XAGUSD H4: out_of_universe -- gen_mr_bb_reentry_session_swing_tp_long declares universe ['EURUSD', 'GBPUSD', 'USDJPY', 'AUDUSD', 'USDCAD', 'USDCHF', 'NZDUSD'
  SKIP gen_mr_bb_reentry_session_swing_tp_long on XAGUSD D1: out_of_universe -- gen_mr_bb_reentry_session_swing_tp_long declares universe ['EURUSD', 'GBPUSD', 'USDJPY', 'AUDUSD', 'USDCAD', 'USDCHF', 'NZDUSD'
  SKIP gen_mr_bb_reentry_session_swing_tp_long on XAUUSD H4: out_of_universe -- gen_mr_bb_reentry_session_swing_tp_long declares universe ['EURUSD', 'GBPUSD', 'USDJPY', 'AUDUSD', 'USDCAD', 'USDCHF', 'NZDUSD'
  SKIP gen_mr_bb_reentry_session_swing_tp_long on XAUUSD D1: out_of_universe -- gen_mr_bb_reentry_session_swing_tp_long declares universe ['EURUSD', 'GBPUSD', 'USDJPY', 'AUDUSD', 'USDCAD', 'USDCHF', 'NZDUSD'
  SKIP gen_mr_bb_reentry_session_swing_tp_short on AUDJPY H4: out_of_universe -- gen_mr_bb_reentry_session_swing_tp_short declares universe ['EURUSD', 'GBPUSD', 'USDJPY', 'AUDUSD', 'USDCAD', 'USDCHF', 'NZDUS
  SKIP gen_mr_bb_reentry_session_swing_tp_short on AUDJPY D1: out_of_universe -- gen_mr_bb_reentry_session_swing_tp_short declares universe ['EURUSD', 'GBPUSD', 'USDJPY', 'AUDUSD', 'USDCAD', 'USDCHF', 'NZDUS
  SKIP gen_mr_bb_reentry_session_swing_tp_short on AUDUSD D1: out_of_universe -- gen_mr_bb_reentry_session_swing_tp_short declares universe ['EURUSD', 'GBPUSD', 'USDJPY', 'AUDUSD', 'USDCAD', 'USDCHF', 'NZDUS
  SKIP gen_mr_bb_reentry_session_swing_tp_short on DE40 H4: out_of_universe -- gen_mr_bb_reentry_session_swing_tp_short declares universe ['EURUSD', 'GBPUSD', 'USDJPY', 'AUDUSD', 'USDCAD', 'USDCHF', 'NZDUSD'
  SKIP gen_mr_bb_reentry_session_swing_tp_short on DE40 D1: out_of_universe -- gen_mr_bb_reentry_session_swing_tp_short declares universe ['EURUSD', 'GBPUSD', 'USDJPY', 'AUDUSD', 'USDCAD', 'USDCHF', 'NZDUSD'
  SKIP gen_mr_bb_reentry_session_swing_tp_short on EURGBP D1: out_of_universe -- gen_mr_bb_reentry_session_swing_tp_short declares universe ['EURUSD', 'GBPUSD', 'USDJPY', 'AUDUSD', 'USDCAD', 'USDCHF', 'NZDUS
  SKIP gen_mr_bb_reentry_session_swing_tp_short on EURJPY H4: out_of_universe -- gen_mr_bb_reentry_session_swing_tp_short declares universe ['EURUSD', 'GBPUSD', 'USDJPY', 'AUDUSD', 'USDCAD', 'USDCHF', 'NZDUS
  SKIP gen_mr_bb_reentry_session_swing_tp_short on EURJPY D1: out_of_universe -- gen_mr_bb_reentry_session_swing_tp_short declares universe ['EURUSD', 'GBPUSD', 'USDJPY', 'AUDUSD', 'USDCAD', 'USDCHF', 'NZDUS
  SKIP gen_mr_bb_reentry_session_swing_tp_short on EURUSD D1: out_of_universe -- gen_mr_bb_reentry_session_swing_tp_short declares universe ['EURUSD', 'GBPUSD', 'USDJPY', 'AUDUSD', 'USDCAD', 'USDCHF', 'NZDUS
  SKIP gen_mr_bb_reentry_session_swing_tp_short on GBPJPY H4: out_of_universe -- gen_mr_bb_reentry_session_swing_tp_short declares universe ['EURUSD', 'GBPUSD', 'USDJPY', 'AUDUSD', 'USDCAD', 'USDCHF', 'NZDUS
  SKIP gen_mr_bb_reentry_session_swing_tp_short on GBPJPY D1: out_of_universe -- gen_mr_bb_reentry_session_swing_tp_short declares universe ['EURUSD', 'GBPUSD', 'USDJPY', 'AUDUSD', 'USDCAD', 'USDCHF', 'NZDUS
  SKIP gen_mr_bb_reentry_session_swing_tp_short on GBPUSD D1: out_of_universe -- gen_mr_bb_reentry_session_swing_tp_short declares universe ['EURUSD', 'GBPUSD', 'USDJPY', 'AUDUSD', 'USDCAD', 'USDCHF', 'NZDUS
  SKIP gen_mr_bb_reentry_session_swing_tp_short on NZDUSD D1: out_of_universe -- gen_mr_bb_reentry_session_swing_tp_short declares universe ['EURUSD', 'GBPUSD', 'USDJPY', 'AUDUSD', 'USDCAD', 'USDCHF', 'NZDUS
  SKIP gen_mr_bb_reentry_session_swing_tp_short on UK100 H4: out_of_universe -- gen_mr_bb_reentry_session_swing_tp_short declares universe ['EURUSD', 'GBPUSD', 'USDJPY', 'AUDUSD', 'USDCAD', 'USDCHF', 'NZDUSD
  SKIP gen_mr_bb_reentry_session_swing_tp_short on UK100 D1: out_of_universe -- gen_mr_bb_reentry_session_swing_tp_short declares universe ['EURUSD', 'GBPUSD', 'USDJPY', 'AUDUSD', 'USDCAD', 'USDCHF', 'NZDUSD
  SKIP gen_mr_bb_reentry_session_swing_tp_short on US500 H4: out_of_universe -- gen_mr_bb_reentry_session_swing_tp_short declares universe ['EURUSD', 'GBPUSD', 'USDJPY', 'AUDUSD', 'USDCAD', 'USDCHF', 'NZDUSD
  SKIP gen_mr_bb_reentry_session_swing_tp_short on US500 D1: out_of_universe -- gen_mr_bb_reentry_session_swing_tp_short declares universe ['EURUSD', 'GBPUSD', 'USDJPY', 'AUDUSD', 'USDCAD', 'USDCHF', 'NZDUSD
  SKIP gen_mr_bb_reentry_session_swing_tp_short on USDCAD D1: out_of_universe -- gen_mr_bb_reentry_session_swing_tp_short declares universe ['EURUSD', 'GBPUSD', 'USDJPY', 'AUDUSD', 'USDCAD', 'USDCHF', 'NZDUS
  SKIP gen_mr_bb_reentry_session_swing_tp_short on USDCHF D1: out_of_universe -- gen_mr_bb_reentry_session_swing_tp_short declares universe ['EURUSD', 'GBPUSD', 'USDJPY', 'AUDUSD', 'USDCAD', 'USDCHF', 'NZDUS
  SKIP gen_mr_bb_reentry_session_swing_tp_short on USDJPY D1: out_of_universe -- gen_mr_bb_reentry_session_swing_tp_short declares universe ['EURUSD', 'GBPUSD', 'USDJPY', 'AUDUSD', 'USDCAD', 'USDCHF', 'NZDUS
  SKIP gen_mr_bb_reentry_session_swing_tp_short on XAGUSD H4: out_of_universe -- gen_mr_bb_reentry_session_swing_tp_short declares universe ['EURUSD', 'GBPUSD', 'USDJPY', 'AUDUSD', 'USDCAD', 'USDCHF', 'NZDUS
  SKIP gen_mr_bb_reentry_session_swing_tp_short on XAGUSD D1: out_of_universe -- gen_mr_bb_reentry_session_swing_tp_short declares universe ['EURUSD', 'GBPUSD', 'USDJPY', 'AUDUSD', 'USDCAD', 'USDCHF', 'NZDUS
  SKIP gen_mr_bb_reentry_session_swing_tp_short on XAUUSD H4: out_of_universe -- gen_mr_bb_reentry_session_swing_tp_short declares universe ['EURUSD', 'GBPUSD', 'USDJPY', 'AUDUSD', 'USDCAD', 'USDCHF', 'NZDUS
  SKIP gen_mr_bb_reentry_session_swing_tp_short on XAUUSD D1: out_of_universe -- gen_mr_bb_reentry_session_swing_tp_short declares universe ['EURUSD', 'GBPUSD', 'USDJPY', 'AUDUSD', 'USDCAD', 'USDCHF', 'NZDUS
  SKIP gen_mr_bb_reentry_session_time_exit on AUDJPY H4: out_of_universe -- gen_mr_bb_reentry_session_time_exit declares universe ['EURUSD', 'GBPUSD', 'USDJPY', 'AUDUSD', 'USDCAD', 'USDCHF', 'NZDUSD', 'EURGB
  SKIP gen_mr_bb_reentry_session_time_exit on AUDJPY D1: out_of_universe -- gen_mr_bb_reentry_session_time_exit declares universe ['EURUSD', 'GBPUSD', 'USDJPY', 'AUDUSD', 'USDCAD', 'USDCHF', 'NZDUSD', 'EURGB
  SKIP gen_mr_bb_reentry_session_time_exit on AUDUSD D1: out_of_universe -- gen_mr_bb_reentry_session_time_exit declares universe ['EURUSD', 'GBPUSD', 'USDJPY', 'AUDUSD', 'USDCAD', 'USDCHF', 'NZDUSD', 'EURGB
  SKIP gen_mr_bb_reentry_session_time_exit on DE40 H4: out_of_universe -- gen_mr_bb_reentry_session_time_exit declares universe ['EURUSD', 'GBPUSD', 'USDJPY', 'AUDUSD', 'USDCAD', 'USDCHF', 'NZDUSD', 'EURGBP'
  SKIP gen_mr_bb_reentry_session_time_exit on DE40 D1: out_of_universe -- gen_mr_bb_reentry_session_time_exit declares universe ['EURUSD', 'GBPUSD', 'USDJPY', 'AUDUSD', 'USDCAD', 'USDCHF', 'NZDUSD', 'EURGBP'
  SKIP gen_mr_bb_reentry_session_time_exit on EURGBP D1: out_of_universe -- gen_mr_bb_reentry_session_time_exit declares universe ['EURUSD', 'GBPUSD', 'USDJPY', 'AUDUSD', 'USDCAD', 'USDCHF', 'NZDUSD', 'EURGB
  SKIP gen_mr_bb_reentry_session_time_exit on EURJPY H4: out_of_universe -- gen_mr_bb_reentry_session_time_exit declares universe ['EURUSD', 'GBPUSD', 'USDJPY', 'AUDUSD', 'USDCAD', 'USDCHF', 'NZDUSD', 'EURGB
  SKIP gen_mr_bb_reentry_session_time_exit on EURJPY D1: out_of_universe -- gen_mr_bb_reentry_session_time_exit declares universe ['EURUSD', 'GBPUSD', 'USDJPY', 'AUDUSD', 'USDCAD', 'USDCHF', 'NZDUSD', 'EURGB
  SKIP gen_mr_bb_reentry_session_time_exit on EURUSD D1: out_of_universe -- gen_mr_bb_reentry_session_time_exit declares universe ['EURUSD', 'GBPUSD', 'USDJPY', 'AUDUSD', 'USDCAD', 'USDCHF', 'NZDUSD', 'EURGB
  SKIP gen_mr_bb_reentry_session_time_exit on GBPJPY H4: out_of_universe -- gen_mr_bb_reentry_session_time_exit declares universe ['EURUSD', 'GBPUSD', 'USDJPY', 'AUDUSD', 'USDCAD', 'USDCHF', 'NZDUSD', 'EURGB
  SKIP gen_mr_bb_reentry_session_time_exit on GBPJPY D1: out_of_universe -- gen_mr_bb_reentry_session_time_exit declares universe ['EURUSD', 'GBPUSD', 'USDJPY', 'AUDUSD', 'USDCAD', 'USDCHF', 'NZDUSD', 'EURGB
  SKIP gen_mr_bb_reentry_session_time_exit on GBPUSD D1: out_of_universe -- gen_mr_bb_reentry_session_time_exit declares universe ['EURUSD', 'GBPUSD', 'USDJPY', 'AUDUSD', 'USDCAD', 'USDCHF', 'NZDUSD', 'EURGB
  SKIP gen_mr_bb_reentry_session_time_exit on NZDUSD D1: out_of_universe -- gen_mr_bb_reentry_session_time_exit declares universe ['EURUSD', 'GBPUSD', 'USDJPY', 'AUDUSD', 'USDCAD', 'USDCHF', 'NZDUSD', 'EURGB
  SKIP gen_mr_bb_reentry_session_time_exit on UK100 H4: out_of_universe -- gen_mr_bb_reentry_session_time_exit declares universe ['EURUSD', 'GBPUSD', 'USDJPY', 'AUDUSD', 'USDCAD', 'USDCHF', 'NZDUSD', 'EURGBP
  SKIP gen_mr_bb_reentry_session_time_exit on UK100 D1: out_of_universe -- gen_mr_bb_reentry_session_time_exit declares universe ['EURUSD', 'GBPUSD', 'USDJPY', 'AUDUSD', 'USDCAD', 'USDCHF', 'NZDUSD', 'EURGBP
  SKIP gen_mr_bb_reentry_session_time_exit on US500 H4: out_of_universe -- gen_mr_bb_reentry_session_time_exit declares universe ['EURUSD', 'GBPUSD', 'USDJPY', 'AUDUSD', 'USDCAD', 'USDCHF', 'NZDUSD', 'EURGBP
  SKIP gen_mr_bb_reentry_session_time_exit on US500 D1: out_of_universe -- gen_mr_bb_reentry_session_time_exit declares universe ['EURUSD', 'GBPUSD', 'USDJPY', 'AUDUSD', 'USDCAD', 'USDCHF', 'NZDUSD', 'EURGBP
  SKIP gen_mr_bb_reentry_session_time_exit on USDCAD D1: out_of_universe -- gen_mr_bb_reentry_session_time_exit declares universe ['EURUSD', 'GBPUSD', 'USDJPY', 'AUDUSD', 'USDCAD', 'USDCHF', 'NZDUSD', 'EURGB
  SKIP gen_mr_bb_reentry_session_time_exit on USDCHF D1: out_of_universe -- gen_mr_bb_reentry_session_time_exit declares universe ['EURUSD', 'GBPUSD', 'USDJPY', 'AUDUSD', 'USDCAD', 'USDCHF', 'NZDUSD', 'EURGB
  SKIP gen_mr_bb_reentry_session_time_exit on USDJPY D1: out_of_universe -- gen_mr_bb_reentry_session_time_exit declares universe ['EURUSD', 'GBPUSD', 'USDJPY', 'AUDUSD', 'USDCAD', 'USDCHF', 'NZDUSD', 'EURGB
  SKIP gen_mr_bb_reentry_session_time_exit on XAGUSD H4: out_of_universe -- gen_mr_bb_reentry_session_time_exit declares universe ['EURUSD', 'GBPUSD', 'USDJPY', 'AUDUSD', 'USDCAD', 'USDCHF', 'NZDUSD', 'EURGB
  SKIP gen_mr_bb_reentry_session_time_exit on XAGUSD D1: out_of_universe -- gen_mr_bb_reentry_session_time_exit declares universe ['EURUSD', 'GBPUSD', 'USDJPY', 'AUDUSD', 'USDCAD', 'USDCHF', 'NZDUSD', 'EURGB
  SKIP gen_mr_bb_reentry_session_time_exit on XAUUSD H4: out_of_universe -- gen_mr_bb_reentry_session_time_exit declares universe ['EURUSD', 'GBPUSD', 'USDJPY', 'AUDUSD', 'USDCAD', 'USDCHF', 'NZDUSD', 'EURGB
  SKIP gen_mr_bb_reentry_session_time_exit on XAUUSD D1: out_of_universe -- gen_mr_bb_reentry_session_time_exit declares universe ['EURUSD', 'GBPUSD', 'USDJPY', 'AUDUSD', 'USDCAD', 'USDCHF', 'NZDUSD', 'EURGB
  SKIP gen_mr_kc_reentry_none_swing_tp_long on AUDJPY H4: out_of_universe -- gen_mr_kc_reentry_none_swing_tp_long declares universe ['EURUSD', 'GBPUSD', 'USDJPY', 'AUDUSD', 'USDCAD', 'USDCHF', 'NZDUSD', 'EUR
  SKIP gen_mr_kc_reentry_none_swing_tp_long on AUDJPY D1: out_of_universe -- gen_mr_kc_reentry_none_swing_tp_long declares universe ['EURUSD', 'GBPUSD', 'USDJPY', 'AUDUSD', 'USDCAD', 'USDCHF', 'NZDUSD', 'EUR
  SKIP gen_mr_kc_reentry_none_swing_tp_long on DE40 H4: out_of_universe -- gen_mr_kc_reentry_none_swing_tp_long declares universe ['EURUSD', 'GBPUSD', 'USDJPY', 'AUDUSD', 'USDCAD', 'USDCHF', 'NZDUSD', 'EURGB
  SKIP gen_mr_kc_reentry_none_swing_tp_long on DE40 D1: out_of_universe -- gen_mr_kc_reentry_none_swing_tp_long declares universe ['EURUSD', 'GBPUSD', 'USDJPY', 'AUDUSD', 'USDCAD', 'USDCHF', 'NZDUSD', 'EURGB
  SKIP gen_mr_kc_reentry_none_swing_tp_long on EURJPY H4: out_of_universe -- gen_mr_kc_reentry_none_swing_tp_long declares universe ['EURUSD', 'GBPUSD', 'USDJPY', 'AUDUSD', 'USDCAD', 'USDCHF', 'NZDUSD', 'EUR
  SKIP gen_mr_kc_reentry_none_swing_tp_long on EURJPY D1: out_of_universe -- gen_mr_kc_reentry_none_swing_tp_long declares universe ['EURUSD', 'GBPUSD', 'USDJPY', 'AUDUSD', 'USDCAD', 'USDCHF', 'NZDUSD', 'EUR
  SKIP gen_mr_kc_reentry_none_swing_tp_long on GBPJPY H4: out_of_universe -- gen_mr_kc_reentry_none_swing_tp_long declares universe ['EURUSD', 'GBPUSD', 'USDJPY', 'AUDUSD', 'USDCAD', 'USDCHF', 'NZDUSD', 'EUR
  SKIP gen_mr_kc_reentry_none_swing_tp_long on GBPJPY D1: out_of_universe -- gen_mr_kc_reentry_none_swing_tp_long declares universe ['EURUSD', 'GBPUSD', 'USDJPY', 'AUDUSD', 'USDCAD', 'USDCHF', 'NZDUSD', 'EUR
  SKIP gen_mr_kc_reentry_none_swing_tp_long on UK100 H4: out_of_universe -- gen_mr_kc_reentry_none_swing_tp_long declares universe ['EURUSD', 'GBPUSD', 'USDJPY', 'AUDUSD', 'USDCAD', 'USDCHF', 'NZDUSD', 'EURG
  SKIP gen_mr_kc_reentry_none_swing_tp_long on UK100 D1: out_of_universe -- gen_mr_kc_reentry_none_swing_tp_long declares universe ['EURUSD', 'GBPUSD', 'USDJPY', 'AUDUSD', 'USDCAD', 'USDCHF', 'NZDUSD', 'EURG
  SKIP gen_mr_kc_reentry_none_swing_tp_long on US500 H4: out_of_universe -- gen_mr_kc_reentry_none_swing_tp_long declares universe ['EURUSD', 'GBPUSD', 'USDJPY', 'AUDUSD', 'USDCAD', 'USDCHF', 'NZDUSD', 'EURG
  SKIP gen_mr_kc_reentry_none_swing_tp_long on US500 D1: out_of_universe -- gen_mr_kc_reentry_none_swing_tp_long declares universe ['EURUSD', 'GBPUSD', 'USDJPY', 'AUDUSD', 'USDCAD', 'USDCHF', 'NZDUSD', 'EURG
  SKIP gen_mr_kc_reentry_none_swing_tp_long on XAGUSD H4: out_of_universe -- gen_mr_kc_reentry_none_swing_tp_long declares universe ['EURUSD', 'GBPUSD', 'USDJPY', 'AUDUSD', 'USDCAD', 'USDCHF', 'NZDUSD', 'EUR
  SKIP gen_mr_kc_reentry_none_swing_tp_long on XAGUSD D1: out_of_universe -- gen_mr_kc_reentry_none_swing_tp_long declares universe ['EURUSD', 'GBPUSD', 'USDJPY', 'AUDUSD', 'USDCAD', 'USDCHF', 'NZDUSD', 'EUR
  SKIP gen_mr_kc_reentry_none_swing_tp_long on XAUUSD H4: out_of_universe -- gen_mr_kc_reentry_none_swing_tp_long declares universe ['EURUSD', 'GBPUSD', 'USDJPY', 'AUDUSD', 'USDCAD', 'USDCHF', 'NZDUSD', 'EUR
  SKIP gen_mr_kc_reentry_none_swing_tp_long on XAUUSD D1: out_of_universe -- gen_mr_kc_reentry_none_swing_tp_long declares universe ['EURUSD', 'GBPUSD', 'USDJPY', 'AUDUSD', 'USDCAD', 'USDCHF', 'NZDUSD', 'EUR
  SKIP gen_mr_kc_reentry_none_time_exit on AUDJPY H4: out_of_universe -- gen_mr_kc_reentry_none_time_exit declares universe ['EURUSD', 'GBPUSD', 'USDJPY', 'AUDUSD', 'USDCAD', 'USDCHF', 'NZDUSD', 'EURGBP'] an
  SKIP gen_mr_kc_reentry_none_time_exit on AUDJPY D1: out_of_universe -- gen_mr_kc_reentry_none_time_exit declares universe ['EURUSD', 'GBPUSD', 'USDJPY', 'AUDUSD', 'USDCAD', 'USDCHF', 'NZDUSD', 'EURGBP'] an
  SKIP gen_mr_kc_reentry_none_time_exit on DE40 H4: out_of_universe -- gen_mr_kc_reentry_none_time_exit declares universe ['EURUSD', 'GBPUSD', 'USDJPY', 'AUDUSD', 'USDCAD', 'USDCHF', 'NZDUSD', 'EURGBP'] and 
  SKIP gen_mr_kc_reentry_none_time_exit on DE40 D1: out_of_universe -- gen_mr_kc_reentry_none_time_exit declares universe ['EURUSD', 'GBPUSD', 'USDJPY', 'AUDUSD', 'USDCAD', 'USDCHF', 'NZDUSD', 'EURGBP'] and 
  SKIP gen_mr_kc_reentry_none_time_exit on EURJPY H4: out_of_universe -- gen_mr_kc_reentry_none_time_exit declares universe ['EURUSD', 'GBPUSD', 'USDJPY', 'AUDUSD', 'USDCAD', 'USDCHF', 'NZDUSD', 'EURGBP'] an
  SKIP gen_mr_kc_reentry_none_time_exit on EURJPY D1: out_of_universe -- gen_mr_kc_reentry_none_time_exit declares universe ['EURUSD', 'GBPUSD', 'USDJPY', 'AUDUSD', 'USDCAD', 'USDCHF', 'NZDUSD', 'EURGBP'] an
  SKIP gen_mr_kc_reentry_none_time_exit on GBPJPY H4: out_of_universe -- gen_mr_kc_reentry_none_time_exit declares universe ['EURUSD', 'GBPUSD', 'USDJPY', 'AUDUSD', 'USDCAD', 'USDCHF', 'NZDUSD', 'EURGBP'] an
  SKIP gen_mr_kc_reentry_none_time_exit on GBPJPY D1: out_of_universe -- gen_mr_kc_reentry_none_time_exit declares universe ['EURUSD', 'GBPUSD', 'USDJPY', 'AUDUSD', 'USDCAD', 'USDCHF', 'NZDUSD', 'EURGBP'] an
  SKIP gen_mr_kc_reentry_none_time_exit on UK100 H4: out_of_universe -- gen_mr_kc_reentry_none_time_exit declares universe ['EURUSD', 'GBPUSD', 'USDJPY', 'AUDUSD', 'USDCAD', 'USDCHF', 'NZDUSD', 'EURGBP'] and
  SKIP gen_mr_kc_reentry_none_time_exit on UK100 D1: out_of_universe -- gen_mr_kc_reentry_none_time_exit declares universe ['EURUSD', 'GBPUSD', 'USDJPY', 'AUDUSD', 'USDCAD', 'USDCHF', 'NZDUSD', 'EURGBP'] and
  SKIP gen_mr_kc_reentry_none_time_exit on US500 H4: out_of_universe -- gen_mr_kc_reentry_none_time_exit declares universe ['EURUSD', 'GBPUSD', 'USDJPY', 'AUDUSD', 'USDCAD', 'USDCHF', 'NZDUSD', 'EURGBP'] and
  SKIP gen_mr_kc_reentry_none_time_exit on US500 D1: out_of_universe -- gen_mr_kc_reentry_none_time_exit declares universe ['EURUSD', 'GBPUSD', 'USDJPY', 'AUDUSD', 'USDCAD', 'USDCHF', 'NZDUSD', 'EURGBP'] and
  SKIP gen_mr_kc_reentry_none_time_exit on XAGUSD H4: out_of_universe -- gen_mr_kc_reentry_none_time_exit declares universe ['EURUSD', 'GBPUSD', 'USDJPY', 'AUDUSD', 'USDCAD', 'USDCHF', 'NZDUSD', 'EURGBP'] an
  SKIP gen_mr_kc_reentry_none_time_exit on XAGUSD D1: out_of_universe -- gen_mr_kc_reentry_none_time_exit declares universe ['EURUSD', 'GBPUSD', 'USDJPY', 'AUDUSD', 'USDCAD', 'USDCHF', 'NZDUSD', 'EURGBP'] an
  SKIP gen_mr_kc_reentry_none_time_exit on XAUUSD H4: out_of_universe -- gen_mr_kc_reentry_none_time_exit declares universe ['EURUSD', 'GBPUSD', 'USDJPY', 'AUDUSD', 'USDCAD', 'USDCHF', 'NZDUSD', 'EURGBP'] an
  SKIP gen_mr_kc_reentry_none_time_exit on XAUUSD D1: out_of_universe -- gen_mr_kc_reentry_none_time_exit declares universe ['EURUSD', 'GBPUSD', 'USDJPY', 'AUDUSD', 'USDCAD', 'USDCHF', 'NZDUSD', 'EURGBP'] an
  SKIP gen_mr_kc_reentry_none_trail on AUDJPY H4: out_of_universe -- gen_mr_kc_reentry_none_trail declares universe ['EURUSD', 'GBPUSD', 'USDJPY', 'AUDUSD', 'USDCAD', 'USDCHF', 'NZDUSD', 'EURGBP'] and timefr
  SKIP gen_mr_kc_reentry_none_trail on AUDJPY D1: out_of_universe -- gen_mr_kc_reentry_none_trail declares universe ['EURUSD', 'GBPUSD', 'USDJPY', 'AUDUSD', 'USDCAD', 'USDCHF', 'NZDUSD', 'EURGBP'] and timefr
  SKIP gen_mr_kc_reentry_none_trail on DE40 H4: out_of_universe -- gen_mr_kc_reentry_none_trail declares universe ['EURUSD', 'GBPUSD', 'USDJPY', 'AUDUSD', 'USDCAD', 'USDCHF', 'NZDUSD', 'EURGBP'] and timefram
  SKIP gen_mr_kc_reentry_none_trail on DE40 D1: out_of_universe -- gen_mr_kc_reentry_none_trail declares universe ['EURUSD', 'GBPUSD', 'USDJPY', 'AUDUSD', 'USDCAD', 'USDCHF', 'NZDUSD', 'EURGBP'] and timefram
  SKIP gen_mr_kc_reentry_none_trail on EURJPY H4: out_of_universe -- gen_mr_kc_reentry_none_trail declares universe ['EURUSD', 'GBPUSD', 'USDJPY', 'AUDUSD', 'USDCAD', 'USDCHF', 'NZDUSD', 'EURGBP'] and timefr
  SKIP gen_mr_kc_reentry_none_trail on EURJPY D1: out_of_universe -- gen_mr_kc_reentry_none_trail declares universe ['EURUSD', 'GBPUSD', 'USDJPY', 'AUDUSD', 'USDCAD', 'USDCHF', 'NZDUSD', 'EURGBP'] and timefr
  SKIP gen_mr_kc_reentry_none_trail on GBPJPY H4: out_of_universe -- gen_mr_kc_reentry_none_trail declares universe ['EURUSD', 'GBPUSD', 'USDJPY', 'AUDUSD', 'USDCAD', 'USDCHF', 'NZDUSD', 'EURGBP'] and timefr
  SKIP gen_mr_kc_reentry_none_trail on GBPJPY D1: out_of_universe -- gen_mr_kc_reentry_none_trail declares universe ['EURUSD', 'GBPUSD', 'USDJPY', 'AUDUSD', 'USDCAD', 'USDCHF', 'NZDUSD', 'EURGBP'] and timefr
  SKIP gen_mr_kc_reentry_none_trail on UK100 H4: out_of_universe -- gen_mr_kc_reentry_none_trail declares universe ['EURUSD', 'GBPUSD', 'USDJPY', 'AUDUSD', 'USDCAD', 'USDCHF', 'NZDUSD', 'EURGBP'] and timefra
  SKIP gen_mr_kc_reentry_none_trail on UK100 D1: out_of_universe -- gen_mr_kc_reentry_none_trail declares universe ['EURUSD', 'GBPUSD', 'USDJPY', 'AUDUSD', 'USDCAD', 'USDCHF', 'NZDUSD', 'EURGBP'] and timefra
  SKIP gen_mr_kc_reentry_none_trail on US500 H4: out_of_universe -- gen_mr_kc_reentry_none_trail declares universe ['EURUSD', 'GBPUSD', 'USDJPY', 'AUDUSD', 'USDCAD', 'USDCHF', 'NZDUSD', 'EURGBP'] and timefra
  SKIP gen_mr_kc_reentry_none_trail on US500 D1: out_of_universe -- gen_mr_kc_reentry_none_trail declares universe ['EURUSD', 'GBPUSD', 'USDJPY', 'AUDUSD', 'USDCAD', 'USDCHF', 'NZDUSD', 'EURGBP'] and timefra
  SKIP gen_mr_kc_reentry_none_trail on XAGUSD H4: out_of_universe -- gen_mr_kc_reentry_none_trail declares universe ['EURUSD', 'GBPUSD', 'USDJPY', 'AUDUSD', 'USDCAD', 'USDCHF', 'NZDUSD', 'EURGBP'] and timefr
  SKIP gen_mr_kc_reentry_none_trail on XAGUSD D1: out_of_universe -- gen_mr_kc_reentry_none_trail declares universe ['EURUSD', 'GBPUSD', 'USDJPY', 'AUDUSD', 'USDCAD', 'USDCHF', 'NZDUSD', 'EURGBP'] and timefr
  SKIP gen_mr_kc_reentry_none_trail on XAUUSD H4: out_of_universe -- gen_mr_kc_reentry_none_trail declares universe ['EURUSD', 'GBPUSD', 'USDJPY', 'AUDUSD', 'USDCAD', 'USDCHF', 'NZDUSD', 'EURGBP'] and timefr
  SKIP gen_mr_kc_reentry_none_trail on XAUUSD D1: out_of_universe -- gen_mr_kc_reentry_none_trail declares universe ['EURUSD', 'GBPUSD', 'USDJPY', 'AUDUSD', 'USDCAD', 'USDCHF', 'NZDUSD', 'EURGBP'] and timefr
  SKIP gen_mr_kc_reentry_session_swing_tp_long on AUDJPY H4: out_of_universe -- gen_mr_kc_reentry_session_swing_tp_long declares universe ['EURUSD', 'GBPUSD', 'USDJPY', 'AUDUSD', 'USDCAD', 'USDCHF', 'NZDUSD'
  SKIP gen_mr_kc_reentry_session_swing_tp_long on AUDJPY D1: out_of_universe -- gen_mr_kc_reentry_session_swing_tp_long declares universe ['EURUSD', 'GBPUSD', 'USDJPY', 'AUDUSD', 'USDCAD', 'USDCHF', 'NZDUSD'
  SKIP gen_mr_kc_reentry_session_swing_tp_long on AUDUSD D1: out_of_universe -- gen_mr_kc_reentry_session_swing_tp_long declares universe ['EURUSD', 'GBPUSD', 'USDJPY', 'AUDUSD', 'USDCAD', 'USDCHF', 'NZDUSD'
  SKIP gen_mr_kc_reentry_session_swing_tp_long on DE40 H4: out_of_universe -- gen_mr_kc_reentry_session_swing_tp_long declares universe ['EURUSD', 'GBPUSD', 'USDJPY', 'AUDUSD', 'USDCAD', 'USDCHF', 'NZDUSD', 
  SKIP gen_mr_kc_reentry_session_swing_tp_long on DE40 D1: out_of_universe -- gen_mr_kc_reentry_session_swing_tp_long declares universe ['EURUSD', 'GBPUSD', 'USDJPY', 'AUDUSD', 'USDCAD', 'USDCHF', 'NZDUSD', 
  SKIP gen_mr_kc_reentry_session_swing_tp_long on EURGBP D1: out_of_universe -- gen_mr_kc_reentry_session_swing_tp_long declares universe ['EURUSD', 'GBPUSD', 'USDJPY', 'AUDUSD', 'USDCAD', 'USDCHF', 'NZDUSD'
  SKIP gen_mr_kc_reentry_session_swing_tp_long on EURJPY H4: out_of_universe -- gen_mr_kc_reentry_session_swing_tp_long declares universe ['EURUSD', 'GBPUSD', 'USDJPY', 'AUDUSD', 'USDCAD', 'USDCHF', 'NZDUSD'
  SKIP gen_mr_kc_reentry_session_swing_tp_long on EURJPY D1: out_of_universe -- gen_mr_kc_reentry_session_swing_tp_long declares universe ['EURUSD', 'GBPUSD', 'USDJPY', 'AUDUSD', 'USDCAD', 'USDCHF', 'NZDUSD'
  SKIP gen_mr_kc_reentry_session_swing_tp_long on EURUSD D1: out_of_universe -- gen_mr_kc_reentry_session_swing_tp_long declares universe ['EURUSD', 'GBPUSD', 'USDJPY', 'AUDUSD', 'USDCAD', 'USDCHF', 'NZDUSD'
  SKIP gen_mr_kc_reentry_session_swing_tp_long on GBPJPY H4: out_of_universe -- gen_mr_kc_reentry_session_swing_tp_long declares universe ['EURUSD', 'GBPUSD', 'USDJPY', 'AUDUSD', 'USDCAD', 'USDCHF', 'NZDUSD'
  SKIP gen_mr_kc_reentry_session_swing_tp_long on GBPJPY D1: out_of_universe -- gen_mr_kc_reentry_session_swing_tp_long declares universe ['EURUSD', 'GBPUSD', 'USDJPY', 'AUDUSD', 'USDCAD', 'USDCHF', 'NZDUSD'
  SKIP gen_mr_kc_reentry_session_swing_tp_long on GBPUSD D1: out_of_universe -- gen_mr_kc_reentry_session_swing_tp_long declares universe ['EURUSD', 'GBPUSD', 'USDJPY', 'AUDUSD', 'USDCAD', 'USDCHF', 'NZDUSD'
  SKIP gen_mr_kc_reentry_session_swing_tp_long on NZDUSD D1: out_of_universe -- gen_mr_kc_reentry_session_swing_tp_long declares universe ['EURUSD', 'GBPUSD', 'USDJPY', 'AUDUSD', 'USDCAD', 'USDCHF', 'NZDUSD'
  SKIP gen_mr_kc_reentry_session_swing_tp_long on UK100 H4: out_of_universe -- gen_mr_kc_reentry_session_swing_tp_long declares universe ['EURUSD', 'GBPUSD', 'USDJPY', 'AUDUSD', 'USDCAD', 'USDCHF', 'NZDUSD',
  SKIP gen_mr_kc_reentry_session_swing_tp_long on UK100 D1: out_of_universe -- gen_mr_kc_reentry_session_swing_tp_long declares universe ['EURUSD', 'GBPUSD', 'USDJPY', 'AUDUSD', 'USDCAD', 'USDCHF', 'NZDUSD',
  SKIP gen_mr_kc_reentry_session_swing_tp_long on US500 H4: out_of_universe -- gen_mr_kc_reentry_session_swing_tp_long declares universe ['EURUSD', 'GBPUSD', 'USDJPY', 'AUDUSD', 'USDCAD', 'USDCHF', 'NZDUSD',
  SKIP gen_mr_kc_reentry_session_swing_tp_long on US500 D1: out_of_universe -- gen_mr_kc_reentry_session_swing_tp_long declares universe ['EURUSD', 'GBPUSD', 'USDJPY', 'AUDUSD', 'USDCAD', 'USDCHF', 'NZDUSD',
  SKIP gen_mr_kc_reentry_session_swing_tp_long on USDCAD D1: out_of_universe -- gen_mr_kc_reentry_session_swing_tp_long declares universe ['EURUSD', 'GBPUSD', 'USDJPY', 'AUDUSD', 'USDCAD', 'USDCHF', 'NZDUSD'
  SKIP gen_mr_kc_reentry_session_swing_tp_long on USDCHF D1: out_of_universe -- gen_mr_kc_reentry_session_swing_tp_long declares universe ['EURUSD', 'GBPUSD', 'USDJPY', 'AUDUSD', 'USDCAD', 'USDCHF', 'NZDUSD'
  SKIP gen_mr_kc_reentry_session_swing_tp_long on USDJPY D1: out_of_universe -- gen_mr_kc_reentry_session_swing_tp_long declares universe ['EURUSD', 'GBPUSD', 'USDJPY', 'AUDUSD', 'USDCAD', 'USDCHF', 'NZDUSD'
  SKIP gen_mr_kc_reentry_session_swing_tp_long on XAGUSD H4: out_of_universe -- gen_mr_kc_reentry_session_swing_tp_long declares universe ['EURUSD', 'GBPUSD', 'USDJPY', 'AUDUSD', 'USDCAD', 'USDCHF', 'NZDUSD'
  SKIP gen_mr_kc_reentry_session_swing_tp_long on XAGUSD D1: out_of_universe -- gen_mr_kc_reentry_session_swing_tp_long declares universe ['EURUSD', 'GBPUSD', 'USDJPY', 'AUDUSD', 'USDCAD', 'USDCHF', 'NZDUSD'
  SKIP gen_mr_kc_reentry_session_swing_tp_long on XAUUSD H4: out_of_universe -- gen_mr_kc_reentry_session_swing_tp_long declares universe ['EURUSD', 'GBPUSD', 'USDJPY', 'AUDUSD', 'USDCAD', 'USDCHF', 'NZDUSD'
  SKIP gen_mr_kc_reentry_session_swing_tp_long on XAUUSD D1: out_of_universe -- gen_mr_kc_reentry_session_swing_tp_long declares universe ['EURUSD', 'GBPUSD', 'USDJPY', 'AUDUSD', 'USDCAD', 'USDCHF', 'NZDUSD'
  SKIP gen_mr_kc_reentry_session_swing_tp_short on AUDJPY H4: out_of_universe -- gen_mr_kc_reentry_session_swing_tp_short declares universe ['EURUSD', 'GBPUSD', 'USDJPY', 'AUDUSD', 'USDCAD', 'USDCHF', 'NZDUS
  SKIP gen_mr_kc_reentry_session_swing_tp_short on AUDJPY D1: out_of_universe -- gen_mr_kc_reentry_session_swing_tp_short declares universe ['EURUSD', 'GBPUSD', 'USDJPY', 'AUDUSD', 'USDCAD', 'USDCHF', 'NZDUS
  SKIP gen_mr_kc_reentry_session_swing_tp_short on AUDUSD D1: out_of_universe -- gen_mr_kc_reentry_session_swing_tp_short declares universe ['EURUSD', 'GBPUSD', 'USDJPY', 'AUDUSD', 'USDCAD', 'USDCHF', 'NZDUS
  SKIP gen_mr_kc_reentry_session_swing_tp_short on DE40 H4: out_of_universe -- gen_mr_kc_reentry_session_swing_tp_short declares universe ['EURUSD', 'GBPUSD', 'USDJPY', 'AUDUSD', 'USDCAD', 'USDCHF', 'NZDUSD'
  SKIP gen_mr_kc_reentry_session_swing_tp_short on DE40 D1: out_of_universe -- gen_mr_kc_reentry_session_swing_tp_short declares universe ['EURUSD', 'GBPUSD', 'USDJPY', 'AUDUSD', 'USDCAD', 'USDCHF', 'NZDUSD'
  SKIP gen_mr_kc_reentry_session_swing_tp_short on EURGBP D1: out_of_universe -- gen_mr_kc_reentry_session_swing_tp_short declares universe ['EURUSD', 'GBPUSD', 'USDJPY', 'AUDUSD', 'USDCAD', 'USDCHF', 'NZDUS
  SKIP gen_mr_kc_reentry_session_swing_tp_short on EURJPY H4: out_of_universe -- gen_mr_kc_reentry_session_swing_tp_short declares universe ['EURUSD', 'GBPUSD', 'USDJPY', 'AUDUSD', 'USDCAD', 'USDCHF', 'NZDUS
  SKIP gen_mr_kc_reentry_session_swing_tp_short on EURJPY D1: out_of_universe -- gen_mr_kc_reentry_session_swing_tp_short declares universe ['EURUSD', 'GBPUSD', 'USDJPY', 'AUDUSD', 'USDCAD', 'USDCHF', 'NZDUS
  SKIP gen_mr_kc_reentry_session_swing_tp_short on EURUSD D1: out_of_universe -- gen_mr_kc_reentry_session_swing_tp_short declares universe ['EURUSD', 'GBPUSD', 'USDJPY', 'AUDUSD', 'USDCAD', 'USDCHF', 'NZDUS
  SKIP gen_mr_kc_reentry_session_swing_tp_short on GBPJPY H4: out_of_universe -- gen_mr_kc_reentry_session_swing_tp_short declares universe ['EURUSD', 'GBPUSD', 'USDJPY', 'AUDUSD', 'USDCAD', 'USDCHF', 'NZDUS
  SKIP gen_mr_kc_reentry_session_swing_tp_short on GBPJPY D1: out_of_universe -- gen_mr_kc_reentry_session_swing_tp_short declares universe ['EURUSD', 'GBPUSD', 'USDJPY', 'AUDUSD', 'USDCAD', 'USDCHF', 'NZDUS
  SKIP gen_mr_kc_reentry_session_swing_tp_short on GBPUSD D1: out_of_universe -- gen_mr_kc_reentry_session_swing_tp_short declares universe ['EURUSD', 'GBPUSD', 'USDJPY', 'AUDUSD', 'USDCAD', 'USDCHF', 'NZDUS
  SKIP gen_mr_kc_reentry_session_swing_tp_short on NZDUSD D1: out_of_universe -- gen_mr_kc_reentry_session_swing_tp_short declares universe ['EURUSD', 'GBPUSD', 'USDJPY', 'AUDUSD', 'USDCAD', 'USDCHF', 'NZDUS
  SKIP gen_mr_kc_reentry_session_swing_tp_short on UK100 H4: out_of_universe -- gen_mr_kc_reentry_session_swing_tp_short declares universe ['EURUSD', 'GBPUSD', 'USDJPY', 'AUDUSD', 'USDCAD', 'USDCHF', 'NZDUSD
  SKIP gen_mr_kc_reentry_session_swing_tp_short on UK100 D1: out_of_universe -- gen_mr_kc_reentry_session_swing_tp_short declares universe ['EURUSD', 'GBPUSD', 'USDJPY', 'AUDUSD', 'USDCAD', 'USDCHF', 'NZDUSD
  SKIP gen_mr_kc_reentry_session_swing_tp_short on US500 H4: out_of_universe -- gen_mr_kc_reentry_session_swing_tp_short declares universe ['EURUSD', 'GBPUSD', 'USDJPY', 'AUDUSD', 'USDCAD', 'USDCHF', 'NZDUSD
  SKIP gen_mr_kc_reentry_session_swing_tp_short on US500 D1: out_of_universe -- gen_mr_kc_reentry_session_swing_tp_short declares universe ['EURUSD', 'GBPUSD', 'USDJPY', 'AUDUSD', 'USDCAD', 'USDCHF', 'NZDUSD
  SKIP gen_mr_kc_reentry_session_swing_tp_short on USDCAD D1: out_of_universe -- gen_mr_kc_reentry_session_swing_tp_short declares universe ['EURUSD', 'GBPUSD', 'USDJPY', 'AUDUSD', 'USDCAD', 'USDCHF', 'NZDUS
  SKIP gen_mr_kc_reentry_session_swing_tp_short on USDCHF D1: out_of_universe -- gen_mr_kc_reentry_session_swing_tp_short declares universe ['EURUSD', 'GBPUSD', 'USDJPY', 'AUDUSD', 'USDCAD', 'USDCHF', 'NZDUS
  SKIP gen_mr_kc_reentry_session_swing_tp_short on USDJPY D1: out_of_universe -- gen_mr_kc_reentry_session_swing_tp_short declares universe ['EURUSD', 'GBPUSD', 'USDJPY', 'AUDUSD', 'USDCAD', 'USDCHF', 'NZDUS
  SKIP gen_mr_kc_reentry_session_swing_tp_short on XAGUSD H4: out_of_universe -- gen_mr_kc_reentry_session_swing_tp_short declares universe ['EURUSD', 'GBPUSD', 'USDJPY', 'AUDUSD', 'USDCAD', 'USDCHF', 'NZDUS
  SKIP gen_mr_kc_reentry_session_swing_tp_short on XAGUSD D1: out_of_universe -- gen_mr_kc_reentry_session_swing_tp_short declares universe ['EURUSD', 'GBPUSD', 'USDJPY', 'AUDUSD', 'USDCAD', 'USDCHF', 'NZDUS
  SKIP gen_mr_kc_reentry_session_swing_tp_short on XAUUSD H4: out_of_universe -- gen_mr_kc_reentry_session_swing_tp_short declares universe ['EURUSD', 'GBPUSD', 'USDJPY', 'AUDUSD', 'USDCAD', 'USDCHF', 'NZDUS
  SKIP gen_mr_kc_reentry_session_swing_tp_short on XAUUSD D1: out_of_universe -- gen_mr_kc_reentry_session_swing_tp_short declares universe ['EURUSD', 'GBPUSD', 'USDJPY', 'AUDUSD', 'USDCAD', 'USDCHF', 'NZDUS
  SKIP gen_mr_kc_reentry_session_time_exit on AUDJPY H4: out_of_universe -- gen_mr_kc_reentry_session_time_exit declares universe ['EURUSD', 'GBPUSD', 'USDJPY', 'AUDUSD', 'USDCAD', 'USDCHF', 'NZDUSD', 'EURGB
  SKIP gen_mr_kc_reentry_session_time_exit on AUDJPY D1: out_of_universe -- gen_mr_kc_reentry_session_time_exit declares universe ['EURUSD', 'GBPUSD', 'USDJPY', 'AUDUSD', 'USDCAD', 'USDCHF', 'NZDUSD', 'EURGB
  SKIP gen_mr_kc_reentry_session_time_exit on AUDUSD D1: out_of_universe -- gen_mr_kc_reentry_session_time_exit declares universe ['EURUSD', 'GBPUSD', 'USDJPY', 'AUDUSD', 'USDCAD', 'USDCHF', 'NZDUSD', 'EURGB
  SKIP gen_mr_kc_reentry_session_time_exit on DE40 H4: out_of_universe -- gen_mr_kc_reentry_session_time_exit declares universe ['EURUSD', 'GBPUSD', 'USDJPY', 'AUDUSD', 'USDCAD', 'USDCHF', 'NZDUSD', 'EURGBP'
  SKIP gen_mr_kc_reentry_session_time_exit on DE40 D1: out_of_universe -- gen_mr_kc_reentry_session_time_exit declares universe ['EURUSD', 'GBPUSD', 'USDJPY', 'AUDUSD', 'USDCAD', 'USDCHF', 'NZDUSD', 'EURGBP'
  SKIP gen_mr_kc_reentry_session_time_exit on EURGBP D1: out_of_universe -- gen_mr_kc_reentry_session_time_exit declares universe ['EURUSD', 'GBPUSD', 'USDJPY', 'AUDUSD', 'USDCAD', 'USDCHF', 'NZDUSD', 'EURGB
  SKIP gen_mr_kc_reentry_session_time_exit on EURJPY H4: out_of_universe -- gen_mr_kc_reentry_session_time_exit declares universe ['EURUSD', 'GBPUSD', 'USDJPY', 'AUDUSD', 'USDCAD', 'USDCHF', 'NZDUSD', 'EURGB
  SKIP gen_mr_kc_reentry_session_time_exit on EURJPY D1: out_of_universe -- gen_mr_kc_reentry_session_time_exit declares universe ['EURUSD', 'GBPUSD', 'USDJPY', 'AUDUSD', 'USDCAD', 'USDCHF', 'NZDUSD', 'EURGB
  SKIP gen_mr_kc_reentry_session_time_exit on EURUSD D1: out_of_universe -- gen_mr_kc_reentry_session_time_exit declares universe ['EURUSD', 'GBPUSD', 'USDJPY', 'AUDUSD', 'USDCAD', 'USDCHF', 'NZDUSD', 'EURGB
  SKIP gen_mr_kc_reentry_session_time_exit on GBPJPY H4: out_of_universe -- gen_mr_kc_reentry_session_time_exit declares universe ['EURUSD', 'GBPUSD', 'USDJPY', 'AUDUSD', 'USDCAD', 'USDCHF', 'NZDUSD', 'EURGB
  SKIP gen_mr_kc_reentry_session_time_exit on GBPJPY D1: out_of_universe -- gen_mr_kc_reentry_session_time_exit declares universe ['EURUSD', 'GBPUSD', 'USDJPY', 'AUDUSD', 'USDCAD', 'USDCHF', 'NZDUSD', 'EURGB
  SKIP gen_mr_kc_reentry_session_time_exit on GBPUSD D1: out_of_universe -- gen_mr_kc_reentry_session_time_exit declares universe ['EURUSD', 'GBPUSD', 'USDJPY', 'AUDUSD', 'USDCAD', 'USDCHF', 'NZDUSD', 'EURGB
  SKIP gen_mr_kc_reentry_session_time_exit on NZDUSD D1: out_of_universe -- gen_mr_kc_reentry_session_time_exit declares universe ['EURUSD', 'GBPUSD', 'USDJPY', 'AUDUSD', 'USDCAD', 'USDCHF', 'NZDUSD', 'EURGB
  SKIP gen_mr_kc_reentry_session_time_exit on UK100 H4: out_of_universe -- gen_mr_kc_reentry_session_time_exit declares universe ['EURUSD', 'GBPUSD', 'USDJPY', 'AUDUSD', 'USDCAD', 'USDCHF', 'NZDUSD', 'EURGBP
  SKIP gen_mr_kc_reentry_session_time_exit on UK100 D1: out_of_universe -- gen_mr_kc_reentry_session_time_exit declares universe ['EURUSD', 'GBPUSD', 'USDJPY', 'AUDUSD', 'USDCAD', 'USDCHF', 'NZDUSD', 'EURGBP
  SKIP gen_mr_kc_reentry_session_time_exit on US500 H4: out_of_universe -- gen_mr_kc_reentry_session_time_exit declares universe ['EURUSD', 'GBPUSD', 'USDJPY', 'AUDUSD', 'USDCAD', 'USDCHF', 'NZDUSD', 'EURGBP
  SKIP gen_mr_kc_reentry_session_time_exit on US500 D1: out_of_universe -- gen_mr_kc_reentry_session_time_exit declares universe ['EURUSD', 'GBPUSD', 'USDJPY', 'AUDUSD', 'USDCAD', 'USDCHF', 'NZDUSD', 'EURGBP
  SKIP gen_mr_kc_reentry_session_time_exit on USDCAD D1: out_of_universe -- gen_mr_kc_reentry_session_time_exit declares universe ['EURUSD', 'GBPUSD', 'USDJPY', 'AUDUSD', 'USDCAD', 'USDCHF', 'NZDUSD', 'EURGB
  SKIP gen_mr_kc_reentry_session_time_exit on USDCHF D1: out_of_universe -- gen_mr_kc_reentry_session_time_exit declares universe ['EURUSD', 'GBPUSD', 'USDJPY', 'AUDUSD', 'USDCAD', 'USDCHF', 'NZDUSD', 'EURGB
  SKIP gen_mr_kc_reentry_session_time_exit on USDJPY D1: out_of_universe -- gen_mr_kc_reentry_session_time_exit declares universe ['EURUSD', 'GBPUSD', 'USDJPY', 'AUDUSD', 'USDCAD', 'USDCHF', 'NZDUSD', 'EURGB
  SKIP gen_mr_kc_reentry_session_time_exit on XAGUSD H4: out_of_universe -- gen_mr_kc_reentry_session_time_exit declares universe ['EURUSD', 'GBPUSD', 'USDJPY', 'AUDUSD', 'USDCAD', 'USDCHF', 'NZDUSD', 'EURGB
  SKIP gen_mr_kc_reentry_session_time_exit on XAGUSD D1: out_of_universe -- gen_mr_kc_reentry_session_time_exit declares universe ['EURUSD', 'GBPUSD', 'USDJPY', 'AUDUSD', 'USDCAD', 'USDCHF', 'NZDUSD', 'EURGB
  SKIP gen_mr_kc_reentry_session_time_exit on XAUUSD H4: out_of_universe -- gen_mr_kc_reentry_session_time_exit declares universe ['EURUSD', 'GBPUSD', 'USDJPY', 'AUDUSD', 'USDCAD', 'USDCHF', 'NZDUSD', 'EURGB
  SKIP gen_mr_kc_reentry_session_time_exit on XAUUSD D1: out_of_universe -- gen_mr_kc_reentry_session_time_exit declares universe ['EURUSD', 'GBPUSD', 'USDJPY', 'AUDUSD', 'USDCAD', 'USDCHF', 'NZDUSD', 'EURGB
  SKIP gen_sb_range_close_break_adx_gate_swing_tp_short on AUDJPY H4: out_of_universe -- gen_sb_range_close_break_adx_gate_swing_tp_short declares universe ['EURUSD', 'GBPUSD', 'EURGBP', 'USDCHF', 'EURJPY', 
  SKIP gen_sb_range_close_break_adx_gate_swing_tp_short on AUDJPY D1: out_of_universe -- gen_sb_range_close_break_adx_gate_swing_tp_short declares universe ['EURUSD', 'GBPUSD', 'EURGBP', 'USDCHF', 'EURJPY', 
  SKIP gen_sb_range_close_break_adx_gate_swing_tp_short on AUDUSD H4: out_of_universe -- gen_sb_range_close_break_adx_gate_swing_tp_short declares universe ['EURUSD', 'GBPUSD', 'EURGBP', 'USDCHF', 'EURJPY', 
  SKIP gen_sb_range_close_break_adx_gate_swing_tp_short on AUDUSD D1: out_of_universe -- gen_sb_range_close_break_adx_gate_swing_tp_short declares universe ['EURUSD', 'GBPUSD', 'EURGBP', 'USDCHF', 'EURJPY', 
  SKIP gen_sb_range_close_break_adx_gate_swing_tp_short on DE40 D1: out_of_universe -- gen_sb_range_close_break_adx_gate_swing_tp_short declares universe ['EURUSD', 'GBPUSD', 'EURGBP', 'USDCHF', 'EURJPY', 'G
  SKIP gen_sb_range_close_break_adx_gate_swing_tp_short on EURGBP D1: out_of_universe -- gen_sb_range_close_break_adx_gate_swing_tp_short declares universe ['EURUSD', 'GBPUSD', 'EURGBP', 'USDCHF', 'EURJPY', 
  SKIP gen_sb_range_close_break_adx_gate_swing_tp_short on EURJPY D1: out_of_universe -- gen_sb_range_close_break_adx_gate_swing_tp_short declares universe ['EURUSD', 'GBPUSD', 'EURGBP', 'USDCHF', 'EURJPY', 
  SKIP gen_sb_range_close_break_adx_gate_swing_tp_short on EURUSD D1: out_of_universe -- gen_sb_range_close_break_adx_gate_swing_tp_short declares universe ['EURUSD', 'GBPUSD', 'EURGBP', 'USDCHF', 'EURJPY', 
  SKIP gen_sb_range_close_break_adx_gate_swing_tp_short on GBPJPY D1: out_of_universe -- gen_sb_range_close_break_adx_gate_swing_tp_short declares universe ['EURUSD', 'GBPUSD', 'EURGBP', 'USDCHF', 'EURJPY', 
  SKIP gen_sb_range_close_break_adx_gate_swing_tp_short on GBPUSD D1: out_of_universe -- gen_sb_range_close_break_adx_gate_swing_tp_short declares universe ['EURUSD', 'GBPUSD', 'EURGBP', 'USDCHF', 'EURJPY', 
  SKIP gen_sb_range_close_break_adx_gate_swing_tp_short on NZDUSD H4: out_of_universe -- gen_sb_range_close_break_adx_gate_swing_tp_short declares universe ['EURUSD', 'GBPUSD', 'EURGBP', 'USDCHF', 'EURJPY', 
  SKIP gen_sb_range_close_break_adx_gate_swing_tp_short on NZDUSD D1: out_of_universe -- gen_sb_range_close_break_adx_gate_swing_tp_short declares universe ['EURUSD', 'GBPUSD', 'EURGBP', 'USDCHF', 'EURJPY', 
  SKIP gen_sb_range_close_break_adx_gate_swing_tp_short on UK100 D1: out_of_universe -- gen_sb_range_close_break_adx_gate_swing_tp_short declares universe ['EURUSD', 'GBPUSD', 'EURGBP', 'USDCHF', 'EURJPY', '
  SKIP gen_sb_range_close_break_adx_gate_swing_tp_short on US500 H4: out_of_universe -- gen_sb_range_close_break_adx_gate_swing_tp_short declares universe ['EURUSD', 'GBPUSD', 'EURGBP', 'USDCHF', 'EURJPY', '
  SKIP gen_sb_range_close_break_adx_gate_swing_tp_short on US500 D1: out_of_universe -- gen_sb_range_close_break_adx_gate_swing_tp_short declares universe ['EURUSD', 'GBPUSD', 'EURGBP', 'USDCHF', 'EURJPY', '
  SKIP gen_sb_range_close_break_adx_gate_swing_tp_short on USDCAD H4: out_of_universe -- gen_sb_range_close_break_adx_gate_swing_tp_short declares universe ['EURUSD', 'GBPUSD', 'EURGBP', 'USDCHF', 'EURJPY', 
  SKIP gen_sb_range_close_break_adx_gate_swing_tp_short on USDCAD D1: out_of_universe -- gen_sb_range_close_break_adx_gate_swing_tp_short declares universe ['EURUSD', 'GBPUSD', 'EURGBP', 'USDCHF', 'EURJPY', 
  SKIP gen_sb_range_close_break_adx_gate_swing_tp_short on USDCHF D1: out_of_universe -- gen_sb_range_close_break_adx_gate_swing_tp_short declares universe ['EURUSD', 'GBPUSD', 'EURGBP', 'USDCHF', 'EURJPY', 
  SKIP gen_sb_range_close_break_adx_gate_swing_tp_short on USDJPY H4: out_of_universe -- gen_sb_range_close_break_adx_gate_swing_tp_short declares universe ['EURUSD', 'GBPUSD', 'EURGBP', 'USDCHF', 'EURJPY', 
  SKIP gen_sb_range_close_break_adx_gate_swing_tp_short on USDJPY D1: out_of_universe -- gen_sb_range_close_break_adx_gate_swing_tp_short declares universe ['EURUSD', 'GBPUSD', 'EURGBP', 'USDCHF', 'EURJPY', 
  SKIP gen_sb_range_close_break_adx_gate_swing_tp_short on XAGUSD H4: out_of_universe -- gen_sb_range_close_break_adx_gate_swing_tp_short declares universe ['EURUSD', 'GBPUSD', 'EURGBP', 'USDCHF', 'EURJPY', 
  SKIP gen_sb_range_close_break_adx_gate_swing_tp_short on XAGUSD D1: out_of_universe -- gen_sb_range_close_break_adx_gate_swing_tp_short declares universe ['EURUSD', 'GBPUSD', 'EURGBP', 'USDCHF', 'EURJPY', 
  SKIP gen_sb_range_close_break_adx_gate_swing_tp_short on XAUUSD H4: out_of_universe -- gen_sb_range_close_break_adx_gate_swing_tp_short declares universe ['EURUSD', 'GBPUSD', 'EURGBP', 'USDCHF', 'EURJPY', 
  SKIP gen_sb_range_close_break_adx_gate_swing_tp_short on XAUUSD D1: out_of_universe -- gen_sb_range_close_break_adx_gate_swing_tp_short declares universe ['EURUSD', 'GBPUSD', 'EURGBP', 'USDCHF', 'EURJPY', 
  SKIP gen_sb_range_close_break_adx_gate_time_exit on AUDJPY H4: out_of_universe -- gen_sb_range_close_break_adx_gate_time_exit declares universe ['EURUSD', 'GBPUSD', 'EURGBP', 'USDCHF', 'EURJPY', 'GBPJPY', 
  SKIP gen_sb_range_close_break_adx_gate_time_exit on AUDJPY D1: out_of_universe -- gen_sb_range_close_break_adx_gate_time_exit declares universe ['EURUSD', 'GBPUSD', 'EURGBP', 'USDCHF', 'EURJPY', 'GBPJPY', 
  SKIP gen_sb_range_close_break_adx_gate_time_exit on AUDUSD H4: out_of_universe -- gen_sb_range_close_break_adx_gate_time_exit declares universe ['EURUSD', 'GBPUSD', 'EURGBP', 'USDCHF', 'EURJPY', 'GBPJPY', 
  SKIP gen_sb_range_close_break_adx_gate_time_exit on AUDUSD D1: out_of_universe -- gen_sb_range_close_break_adx_gate_time_exit declares universe ['EURUSD', 'GBPUSD', 'EURGBP', 'USDCHF', 'EURJPY', 'GBPJPY', 
  SKIP gen_sb_range_close_break_adx_gate_time_exit on DE40 D1: out_of_universe -- gen_sb_range_close_break_adx_gate_time_exit declares universe ['EURUSD', 'GBPUSD', 'EURGBP', 'USDCHF', 'EURJPY', 'GBPJPY', 'D
  SKIP gen_sb_range_close_break_adx_gate_time_exit on EURGBP D1: out_of_universe -- gen_sb_range_close_break_adx_gate_time_exit declares universe ['EURUSD', 'GBPUSD', 'EURGBP', 'USDCHF', 'EURJPY', 'GBPJPY', 
  SKIP gen_sb_range_close_break_adx_gate_time_exit on EURJPY D1: out_of_universe -- gen_sb_range_close_break_adx_gate_time_exit declares universe ['EURUSD', 'GBPUSD', 'EURGBP', 'USDCHF', 'EURJPY', 'GBPJPY', 
  SKIP gen_sb_range_close_break_adx_gate_time_exit on EURUSD D1: out_of_universe -- gen_sb_range_close_break_adx_gate_time_exit declares universe ['EURUSD', 'GBPUSD', 'EURGBP', 'USDCHF', 'EURJPY', 'GBPJPY', 
  SKIP gen_sb_range_close_break_adx_gate_time_exit on GBPJPY D1: out_of_universe -- gen_sb_range_close_break_adx_gate_time_exit declares universe ['EURUSD', 'GBPUSD', 'EURGBP', 'USDCHF', 'EURJPY', 'GBPJPY', 
  SKIP gen_sb_range_close_break_adx_gate_time_exit on GBPUSD D1: out_of_universe -- gen_sb_range_close_break_adx_gate_time_exit declares universe ['EURUSD', 'GBPUSD', 'EURGBP', 'USDCHF', 'EURJPY', 'GBPJPY', 
  SKIP gen_sb_range_close_break_adx_gate_time_exit on NZDUSD H4: out_of_universe -- gen_sb_range_close_break_adx_gate_time_exit declares universe ['EURUSD', 'GBPUSD', 'EURGBP', 'USDCHF', 'EURJPY', 'GBPJPY', 
  SKIP gen_sb_range_close_break_adx_gate_time_exit on NZDUSD D1: out_of_universe -- gen_sb_range_close_break_adx_gate_time_exit declares universe ['EURUSD', 'GBPUSD', 'EURGBP', 'USDCHF', 'EURJPY', 'GBPJPY', 
  SKIP gen_sb_range_close_break_adx_gate_time_exit on UK100 D1: out_of_universe -- gen_sb_range_close_break_adx_gate_time_exit declares universe ['EURUSD', 'GBPUSD', 'EURGBP', 'USDCHF', 'EURJPY', 'GBPJPY', '
  SKIP gen_sb_range_close_break_adx_gate_time_exit on US500 H4: out_of_universe -- gen_sb_range_close_break_adx_gate_time_exit declares universe ['EURUSD', 'GBPUSD', 'EURGBP', 'USDCHF', 'EURJPY', 'GBPJPY', '
  SKIP gen_sb_range_close_break_adx_gate_time_exit on US500 D1: out_of_universe -- gen_sb_range_close_break_adx_gate_time_exit declares universe ['EURUSD', 'GBPUSD', 'EURGBP', 'USDCHF', 'EURJPY', 'GBPJPY', '
  SKIP gen_sb_range_close_break_adx_gate_time_exit on USDCAD H4: out_of_universe -- gen_sb_range_close_break_adx_gate_time_exit declares universe ['EURUSD', 'GBPUSD', 'EURGBP', 'USDCHF', 'EURJPY', 'GBPJPY', 
  SKIP gen_sb_range_close_break_adx_gate_time_exit on USDCAD D1: out_of_universe -- gen_sb_range_close_break_adx_gate_time_exit declares universe ['EURUSD', 'GBPUSD', 'EURGBP', 'USDCHF', 'EURJPY', 'GBPJPY', 
  SKIP gen_sb_range_close_break_adx_gate_time_exit on USDCHF D1: out_of_universe -- gen_sb_range_close_break_adx_gate_time_exit declares universe ['EURUSD', 'GBPUSD', 'EURGBP', 'USDCHF', 'EURJPY', 'GBPJPY', 
  SKIP gen_sb_range_close_break_adx_gate_time_exit on USDJPY H4: out_of_universe -- gen_sb_range_close_break_adx_gate_time_exit declares universe ['EURUSD', 'GBPUSD', 'EURGBP', 'USDCHF', 'EURJPY', 'GBPJPY', 
  SKIP gen_sb_range_close_break_adx_gate_time_exit on USDJPY D1: out_of_universe -- gen_sb_range_close_break_adx_gate_time_exit declares universe ['EURUSD', 'GBPUSD', 'EURGBP', 'USDCHF', 'EURJPY', 'GBPJPY', 
  SKIP gen_sb_range_close_break_adx_gate_time_exit on XAGUSD H4: out_of_universe -- gen_sb_range_close_break_adx_gate_time_exit declares universe ['EURUSD', 'GBPUSD', 'EURGBP', 'USDCHF', 'EURJPY', 'GBPJPY', 
  SKIP gen_sb_range_close_break_adx_gate_time_exit on XAGUSD D1: out_of_universe -- gen_sb_range_close_break_adx_gate_time_exit declares universe ['EURUSD', 'GBPUSD', 'EURGBP', 'USDCHF', 'EURJPY', 'GBPJPY', 
  SKIP gen_sb_range_close_break_adx_gate_time_exit on XAUUSD H4: out_of_universe -- gen_sb_range_close_break_adx_gate_time_exit declares universe ['EURUSD', 'GBPUSD', 'EURGBP', 'USDCHF', 'EURJPY', 'GBPJPY', 
  SKIP gen_sb_range_close_break_adx_gate_time_exit on XAUUSD D1: out_of_universe -- gen_sb_range_close_break_adx_gate_time_exit declares universe ['EURUSD', 'GBPUSD', 'EURGBP', 'USDCHF', 'EURJPY', 'GBPJPY', 
  SKIP gen_sb_range_close_break_none_swing_tp_long on AUDJPY H4: out_of_universe -- gen_sb_range_close_break_none_swing_tp_long declares universe ['EURUSD', 'GBPUSD', 'EURGBP', 'USDCHF', 'EURJPY', 'GBPJPY', 
  SKIP gen_sb_range_close_break_none_swing_tp_long on AUDJPY D1: out_of_universe -- gen_sb_range_close_break_none_swing_tp_long declares universe ['EURUSD', 'GBPUSD', 'EURGBP', 'USDCHF', 'EURJPY', 'GBPJPY', 
  SKIP gen_sb_range_close_break_none_swing_tp_long on AUDUSD H4: out_of_universe -- gen_sb_range_close_break_none_swing_tp_long declares universe ['EURUSD', 'GBPUSD', 'EURGBP', 'USDCHF', 'EURJPY', 'GBPJPY', 
  SKIP gen_sb_range_close_break_none_swing_tp_long on AUDUSD D1: out_of_universe -- gen_sb_range_close_break_none_swing_tp_long declares universe ['EURUSD', 'GBPUSD', 'EURGBP', 'USDCHF', 'EURJPY', 'GBPJPY', 
  SKIP gen_sb_range_close_break_none_swing_tp_long on DE40 D1: out_of_universe -- gen_sb_range_close_break_none_swing_tp_long declares universe ['EURUSD', 'GBPUSD', 'EURGBP', 'USDCHF', 'EURJPY', 'GBPJPY', 'D
  SKIP gen_sb_range_close_break_none_swing_tp_long on EURGBP D1: out_of_universe -- gen_sb_range_close_break_none_swing_tp_long declares universe ['EURUSD', 'GBPUSD', 'EURGBP', 'USDCHF', 'EURJPY', 'GBPJPY', 
  SKIP gen_sb_range_close_break_none_swing_tp_long on EURJPY D1: out_of_universe -- gen_sb_range_close_break_none_swing_tp_long declares universe ['EURUSD', 'GBPUSD', 'EURGBP', 'USDCHF', 'EURJPY', 'GBPJPY', 
  SKIP gen_sb_range_close_break_none_swing_tp_long on EURUSD D1: out_of_universe -- gen_sb_range_close_break_none_swing_tp_long declares universe ['EURUSD', 'GBPUSD', 'EURGBP', 'USDCHF', 'EURJPY', 'GBPJPY', 
  SKIP gen_sb_range_close_break_none_swing_tp_long on GBPJPY D1: out_of_universe -- gen_sb_range_close_break_none_swing_tp_long declares universe ['EURUSD', 'GBPUSD', 'EURGBP', 'USDCHF', 'EURJPY', 'GBPJPY', 
  SKIP gen_sb_range_close_break_none_swing_tp_long on GBPUSD D1: out_of_universe -- gen_sb_range_close_break_none_swing_tp_long declares universe ['EURUSD', 'GBPUSD', 'EURGBP', 'USDCHF', 'EURJPY', 'GBPJPY', 
  SKIP gen_sb_range_close_break_none_swing_tp_long on NZDUSD H4: out_of_universe -- gen_sb_range_close_break_none_swing_tp_long declares universe ['EURUSD', 'GBPUSD', 'EURGBP', 'USDCHF', 'EURJPY', 'GBPJPY', 
  SKIP gen_sb_range_close_break_none_swing_tp_long on NZDUSD D1: out_of_universe -- gen_sb_range_close_break_none_swing_tp_long declares universe ['EURUSD', 'GBPUSD', 'EURGBP', 'USDCHF', 'EURJPY', 'GBPJPY', 
  SKIP gen_sb_range_close_break_none_swing_tp_long on UK100 D1: out_of_universe -- gen_sb_range_close_break_none_swing_tp_long declares universe ['EURUSD', 'GBPUSD', 'EURGBP', 'USDCHF', 'EURJPY', 'GBPJPY', '
  SKIP gen_sb_range_close_break_none_swing_tp_long on US500 H4: out_of_universe -- gen_sb_range_close_break_none_swing_tp_long declares universe ['EURUSD', 'GBPUSD', 'EURGBP', 'USDCHF', 'EURJPY', 'GBPJPY', '
  SKIP gen_sb_range_close_break_none_swing_tp_long on US500 D1: out_of_universe -- gen_sb_range_close_break_none_swing_tp_long declares universe ['EURUSD', 'GBPUSD', 'EURGBP', 'USDCHF', 'EURJPY', 'GBPJPY', '
  SKIP gen_sb_range_close_break_none_swing_tp_long on USDCAD H4: out_of_universe -- gen_sb_range_close_break_none_swing_tp_long declares universe ['EURUSD', 'GBPUSD', 'EURGBP', 'USDCHF', 'EURJPY', 'GBPJPY', 
  SKIP gen_sb_range_close_break_none_swing_tp_long on USDCAD D1: out_of_universe -- gen_sb_range_close_break_none_swing_tp_long declares universe ['EURUSD', 'GBPUSD', 'EURGBP', 'USDCHF', 'EURJPY', 'GBPJPY', 
  SKIP gen_sb_range_close_break_none_swing_tp_long on USDCHF D1: out_of_universe -- gen_sb_range_close_break_none_swing_tp_long declares universe ['EURUSD', 'GBPUSD', 'EURGBP', 'USDCHF', 'EURJPY', 'GBPJPY', 
  SKIP gen_sb_range_close_break_none_swing_tp_long on USDJPY H4: out_of_universe -- gen_sb_range_close_break_none_swing_tp_long declares universe ['EURUSD', 'GBPUSD', 'EURGBP', 'USDCHF', 'EURJPY', 'GBPJPY', 
  SKIP gen_sb_range_close_break_none_swing_tp_long on USDJPY D1: out_of_universe -- gen_sb_range_close_break_none_swing_tp_long declares universe ['EURUSD', 'GBPUSD', 'EURGBP', 'USDCHF', 'EURJPY', 'GBPJPY', 
  SKIP gen_sb_range_close_break_none_swing_tp_long on XAGUSD H4: out_of_universe -- gen_sb_range_close_break_none_swing_tp_long declares universe ['EURUSD', 'GBPUSD', 'EURGBP', 'USDCHF', 'EURJPY', 'GBPJPY', 
  SKIP gen_sb_range_close_break_none_swing_tp_long on XAGUSD D1: out_of_universe -- gen_sb_range_close_break_none_swing_tp_long declares universe ['EURUSD', 'GBPUSD', 'EURGBP', 'USDCHF', 'EURJPY', 'GBPJPY', 
  SKIP gen_sb_range_close_break_none_swing_tp_long on XAUUSD H4: out_of_universe -- gen_sb_range_close_break_none_swing_tp_long declares universe ['EURUSD', 'GBPUSD', 'EURGBP', 'USDCHF', 'EURJPY', 'GBPJPY', 
  SKIP gen_sb_range_close_break_none_swing_tp_long on XAUUSD D1: out_of_universe -- gen_sb_range_close_break_none_swing_tp_long declares universe ['EURUSD', 'GBPUSD', 'EURGBP', 'USDCHF', 'EURJPY', 'GBPJPY', 
  SKIP gen_sb_range_close_break_none_swing_tp_short on AUDJPY H4: out_of_universe -- gen_sb_range_close_break_none_swing_tp_short declares universe ['EURUSD', 'GBPUSD', 'EURGBP', 'USDCHF', 'EURJPY', 'GBPJPY'
  SKIP gen_sb_range_close_break_none_swing_tp_short on AUDJPY D1: out_of_universe -- gen_sb_range_close_break_none_swing_tp_short declares universe ['EURUSD', 'GBPUSD', 'EURGBP', 'USDCHF', 'EURJPY', 'GBPJPY'
  SKIP gen_sb_range_close_break_none_swing_tp_short on AUDUSD H4: out_of_universe -- gen_sb_range_close_break_none_swing_tp_short declares universe ['EURUSD', 'GBPUSD', 'EURGBP', 'USDCHF', 'EURJPY', 'GBPJPY'
  SKIP gen_sb_range_close_break_none_swing_tp_short on AUDUSD D1: out_of_universe -- gen_sb_range_close_break_none_swing_tp_short declares universe ['EURUSD', 'GBPUSD', 'EURGBP', 'USDCHF', 'EURJPY', 'GBPJPY'
  SKIP gen_sb_range_close_break_none_swing_tp_short on DE40 D1: out_of_universe -- gen_sb_range_close_break_none_swing_tp_short declares universe ['EURUSD', 'GBPUSD', 'EURGBP', 'USDCHF', 'EURJPY', 'GBPJPY', 
  SKIP gen_sb_range_close_break_none_swing_tp_short on EURGBP D1: out_of_universe -- gen_sb_range_close_break_none_swing_tp_short declares universe ['EURUSD', 'GBPUSD', 'EURGBP', 'USDCHF', 'EURJPY', 'GBPJPY'
  SKIP gen_sb_range_close_break_none_swing_tp_short on EURJPY D1: out_of_universe -- gen_sb_range_close_break_none_swing_tp_short declares universe ['EURUSD', 'GBPUSD', 'EURGBP', 'USDCHF', 'EURJPY', 'GBPJPY'
  SKIP gen_sb_range_close_break_none_swing_tp_short on EURUSD D1: out_of_universe -- gen_sb_range_close_break_none_swing_tp_short declares universe ['EURUSD', 'GBPUSD', 'EURGBP', 'USDCHF', 'EURJPY', 'GBPJPY'
  SKIP gen_sb_range_close_break_none_swing_tp_short on GBPJPY D1: out_of_universe -- gen_sb_range_close_break_none_swing_tp_short declares universe ['EURUSD', 'GBPUSD', 'EURGBP', 'USDCHF', 'EURJPY', 'GBPJPY'
  SKIP gen_sb_range_close_break_none_swing_tp_short on GBPUSD D1: out_of_universe -- gen_sb_range_close_break_none_swing_tp_short declares universe ['EURUSD', 'GBPUSD', 'EURGBP', 'USDCHF', 'EURJPY', 'GBPJPY'
  SKIP gen_sb_range_close_break_none_swing_tp_short on NZDUSD H4: out_of_universe -- gen_sb_range_close_break_none_swing_tp_short declares universe ['EURUSD', 'GBPUSD', 'EURGBP', 'USDCHF', 'EURJPY', 'GBPJPY'
  SKIP gen_sb_range_close_break_none_swing_tp_short on NZDUSD D1: out_of_universe -- gen_sb_range_close_break_none_swing_tp_short declares universe ['EURUSD', 'GBPUSD', 'EURGBP', 'USDCHF', 'EURJPY', 'GBPJPY'
  SKIP gen_sb_range_close_break_none_swing_tp_short on UK100 D1: out_of_universe -- gen_sb_range_close_break_none_swing_tp_short declares universe ['EURUSD', 'GBPUSD', 'EURGBP', 'USDCHF', 'EURJPY', 'GBPJPY',
  SKIP gen_sb_range_close_break_none_swing_tp_short on US500 H4: out_of_universe -- gen_sb_range_close_break_none_swing_tp_short declares universe ['EURUSD', 'GBPUSD', 'EURGBP', 'USDCHF', 'EURJPY', 'GBPJPY',
  SKIP gen_sb_range_close_break_none_swing_tp_short on US500 D1: out_of_universe -- gen_sb_range_close_break_none_swing_tp_short declares universe ['EURUSD', 'GBPUSD', 'EURGBP', 'USDCHF', 'EURJPY', 'GBPJPY',
  SKIP gen_sb_range_close_break_none_swing_tp_short on USDCAD H4: out_of_universe -- gen_sb_range_close_break_none_swing_tp_short declares universe ['EURUSD', 'GBPUSD', 'EURGBP', 'USDCHF', 'EURJPY', 'GBPJPY'
  SKIP gen_sb_range_close_break_none_swing_tp_short on USDCAD D1: out_of_universe -- gen_sb_range_close_break_none_swing_tp_short declares universe ['EURUSD', 'GBPUSD', 'EURGBP', 'USDCHF', 'EURJPY', 'GBPJPY'
  SKIP gen_sb_range_close_break_none_swing_tp_short on USDCHF D1: out_of_universe -- gen_sb_range_close_break_none_swing_tp_short declares universe ['EURUSD', 'GBPUSD', 'EURGBP', 'USDCHF', 'EURJPY', 'GBPJPY'
  SKIP gen_sb_range_close_break_none_swing_tp_short on USDJPY H4: out_of_universe -- gen_sb_range_close_break_none_swing_tp_short declares universe ['EURUSD', 'GBPUSD', 'EURGBP', 'USDCHF', 'EURJPY', 'GBPJPY'
  SKIP gen_sb_range_close_break_none_swing_tp_short on USDJPY D1: out_of_universe -- gen_sb_range_close_break_none_swing_tp_short declares universe ['EURUSD', 'GBPUSD', 'EURGBP', 'USDCHF', 'EURJPY', 'GBPJPY'
  SKIP gen_sb_range_close_break_none_swing_tp_short on XAGUSD H4: out_of_universe -- gen_sb_range_close_break_none_swing_tp_short declares universe ['EURUSD', 'GBPUSD', 'EURGBP', 'USDCHF', 'EURJPY', 'GBPJPY'
  SKIP gen_sb_range_close_break_none_swing_tp_short on XAGUSD D1: out_of_universe -- gen_sb_range_close_break_none_swing_tp_short declares universe ['EURUSD', 'GBPUSD', 'EURGBP', 'USDCHF', 'EURJPY', 'GBPJPY'
  SKIP gen_sb_range_close_break_none_swing_tp_short on XAUUSD H4: out_of_universe -- gen_sb_range_close_break_none_swing_tp_short declares universe ['EURUSD', 'GBPUSD', 'EURGBP', 'USDCHF', 'EURJPY', 'GBPJPY'
  SKIP gen_sb_range_close_break_none_swing_tp_short on XAUUSD D1: out_of_universe -- gen_sb_range_close_break_none_swing_tp_short declares universe ['EURUSD', 'GBPUSD', 'EURGBP', 'USDCHF', 'EURJPY', 'GBPJPY'
  SKIP gen_sb_range_close_break_none_trail on AUDJPY H4: out_of_universe -- gen_sb_range_close_break_none_trail declares universe ['EURUSD', 'GBPUSD', 'EURGBP', 'USDCHF', 'EURJPY', 'GBPJPY', 'DE40', 'UK100']
  SKIP gen_sb_range_close_break_none_trail on AUDJPY D1: out_of_universe -- gen_sb_range_close_break_none_trail declares universe ['EURUSD', 'GBPUSD', 'EURGBP', 'USDCHF', 'EURJPY', 'GBPJPY', 'DE40', 'UK100']
  SKIP gen_sb_range_close_break_none_trail on AUDUSD H4: out_of_universe -- gen_sb_range_close_break_none_trail declares universe ['EURUSD', 'GBPUSD', 'EURGBP', 'USDCHF', 'EURJPY', 'GBPJPY', 'DE40', 'UK100']
  SKIP gen_sb_range_close_break_none_trail on AUDUSD D1: out_of_universe -- gen_sb_range_close_break_none_trail declares universe ['EURUSD', 'GBPUSD', 'EURGBP', 'USDCHF', 'EURJPY', 'GBPJPY', 'DE40', 'UK100']
  SKIP gen_sb_range_close_break_none_trail on DE40 D1: out_of_universe -- gen_sb_range_close_break_none_trail declares universe ['EURUSD', 'GBPUSD', 'EURGBP', 'USDCHF', 'EURJPY', 'GBPJPY', 'DE40', 'UK100'] a
  SKIP gen_sb_range_close_break_none_trail on EURGBP D1: out_of_universe -- gen_sb_range_close_break_none_trail declares universe ['EURUSD', 'GBPUSD', 'EURGBP', 'USDCHF', 'EURJPY', 'GBPJPY', 'DE40', 'UK100']
  SKIP gen_sb_range_close_break_none_trail on EURJPY D1: out_of_universe -- gen_sb_range_close_break_none_trail declares universe ['EURUSD', 'GBPUSD', 'EURGBP', 'USDCHF', 'EURJPY', 'GBPJPY', 'DE40', 'UK100']
  SKIP gen_sb_range_close_break_none_trail on EURUSD D1: out_of_universe -- gen_sb_range_close_break_none_trail declares universe ['EURUSD', 'GBPUSD', 'EURGBP', 'USDCHF', 'EURJPY', 'GBPJPY', 'DE40', 'UK100']
  SKIP gen_sb_range_close_break_none_trail on GBPJPY D1: out_of_universe -- gen_sb_range_close_break_none_trail declares universe ['EURUSD', 'GBPUSD', 'EURGBP', 'USDCHF', 'EURJPY', 'GBPJPY', 'DE40', 'UK100']
  SKIP gen_sb_range_close_break_none_trail on GBPUSD D1: out_of_universe -- gen_sb_range_close_break_none_trail declares universe ['EURUSD', 'GBPUSD', 'EURGBP', 'USDCHF', 'EURJPY', 'GBPJPY', 'DE40', 'UK100']
  SKIP gen_sb_range_close_break_none_trail on NZDUSD H4: out_of_universe -- gen_sb_range_close_break_none_trail declares universe ['EURUSD', 'GBPUSD', 'EURGBP', 'USDCHF', 'EURJPY', 'GBPJPY', 'DE40', 'UK100']
  SKIP gen_sb_range_close_break_none_trail on NZDUSD D1: out_of_universe -- gen_sb_range_close_break_none_trail declares universe ['EURUSD', 'GBPUSD', 'EURGBP', 'USDCHF', 'EURJPY', 'GBPJPY', 'DE40', 'UK100']
  SKIP gen_sb_range_close_break_none_trail on UK100 D1: out_of_universe -- gen_sb_range_close_break_none_trail declares universe ['EURUSD', 'GBPUSD', 'EURGBP', 'USDCHF', 'EURJPY', 'GBPJPY', 'DE40', 'UK100'] 
  SKIP gen_sb_range_close_break_none_trail on US500 H4: out_of_universe -- gen_sb_range_close_break_none_trail declares universe ['EURUSD', 'GBPUSD', 'EURGBP', 'USDCHF', 'EURJPY', 'GBPJPY', 'DE40', 'UK100'] 
  SKIP gen_sb_range_close_break_none_trail on US500 D1: out_of_universe -- gen_sb_range_close_break_none_trail declares universe ['EURUSD', 'GBPUSD', 'EURGBP', 'USDCHF', 'EURJPY', 'GBPJPY', 'DE40', 'UK100'] 
  SKIP gen_sb_range_close_break_none_trail on USDCAD H4: out_of_universe -- gen_sb_range_close_break_none_trail declares universe ['EURUSD', 'GBPUSD', 'EURGBP', 'USDCHF', 'EURJPY', 'GBPJPY', 'DE40', 'UK100']
  SKIP gen_sb_range_close_break_none_trail on USDCAD D1: out_of_universe -- gen_sb_range_close_break_none_trail declares universe ['EURUSD', 'GBPUSD', 'EURGBP', 'USDCHF', 'EURJPY', 'GBPJPY', 'DE40', 'UK100']
  SKIP gen_sb_range_close_break_none_trail on USDCHF D1: out_of_universe -- gen_sb_range_close_break_none_trail declares universe ['EURUSD', 'GBPUSD', 'EURGBP', 'USDCHF', 'EURJPY', 'GBPJPY', 'DE40', 'UK100']
  SKIP gen_sb_range_close_break_none_trail on USDJPY H4: out_of_universe -- gen_sb_range_close_break_none_trail declares universe ['EURUSD', 'GBPUSD', 'EURGBP', 'USDCHF', 'EURJPY', 'GBPJPY', 'DE40', 'UK100']
  SKIP gen_sb_range_close_break_none_trail on USDJPY D1: out_of_universe -- gen_sb_range_close_break_none_trail declares universe ['EURUSD', 'GBPUSD', 'EURGBP', 'USDCHF', 'EURJPY', 'GBPJPY', 'DE40', 'UK100']
  SKIP gen_sb_range_close_break_none_trail on XAGUSD H4: out_of_universe -- gen_sb_range_close_break_none_trail declares universe ['EURUSD', 'GBPUSD', 'EURGBP', 'USDCHF', 'EURJPY', 'GBPJPY', 'DE40', 'UK100']
  SKIP gen_sb_range_close_break_none_trail on XAGUSD D1: out_of_universe -- gen_sb_range_close_break_none_trail declares universe ['EURUSD', 'GBPUSD', 'EURGBP', 'USDCHF', 'EURJPY', 'GBPJPY', 'DE40', 'UK100']
  SKIP gen_sb_range_close_break_none_trail on XAUUSD H4: out_of_universe -- gen_sb_range_close_break_none_trail declares universe ['EURUSD', 'GBPUSD', 'EURGBP', 'USDCHF', 'EURJPY', 'GBPJPY', 'DE40', 'UK100']
  SKIP gen_sb_range_close_break_none_trail on XAUUSD D1: out_of_universe -- gen_sb_range_close_break_none_trail declares universe ['EURUSD', 'GBPUSD', 'EURGBP', 'USDCHF', 'EURJPY', 'GBPJPY', 'DE40', 'UK100']
  SKIP gen_sb_range_close_break_rvol_gate_swing_tp_short on AUDJPY H4: out_of_universe -- gen_sb_range_close_break_rvol_gate_swing_tp_short declares universe ['EURUSD', 'GBPUSD', 'EURGBP', 'USDCHF', 'EURJPY'
  SKIP gen_sb_range_close_break_rvol_gate_swing_tp_short on AUDJPY D1: out_of_universe -- gen_sb_range_close_break_rvol_gate_swing_tp_short declares universe ['EURUSD', 'GBPUSD', 'EURGBP', 'USDCHF', 'EURJPY'
  SKIP gen_sb_range_close_break_rvol_gate_swing_tp_short on AUDUSD H4: out_of_universe -- gen_sb_range_close_break_rvol_gate_swing_tp_short declares universe ['EURUSD', 'GBPUSD', 'EURGBP', 'USDCHF', 'EURJPY'
  SKIP gen_sb_range_close_break_rvol_gate_swing_tp_short on AUDUSD D1: out_of_universe -- gen_sb_range_close_break_rvol_gate_swing_tp_short declares universe ['EURUSD', 'GBPUSD', 'EURGBP', 'USDCHF', 'EURJPY'
  SKIP gen_sb_range_close_break_rvol_gate_swing_tp_short on DE40 D1: out_of_universe -- gen_sb_range_close_break_rvol_gate_swing_tp_short declares universe ['EURUSD', 'GBPUSD', 'EURGBP', 'USDCHF', 'EURJPY', 
  SKIP gen_sb_range_close_break_rvol_gate_swing_tp_short on EURGBP D1: out_of_universe -- gen_sb_range_close_break_rvol_gate_swing_tp_short declares universe ['EURUSD', 'GBPUSD', 'EURGBP', 'USDCHF', 'EURJPY'
  SKIP gen_sb_range_close_break_rvol_gate_swing_tp_short on EURJPY D1: out_of_universe -- gen_sb_range_close_break_rvol_gate_swing_tp_short declares universe ['EURUSD', 'GBPUSD', 'EURGBP', 'USDCHF', 'EURJPY'
  SKIP gen_sb_range_close_break_rvol_gate_swing_tp_short on EURUSD D1: out_of_universe -- gen_sb_range_close_break_rvol_gate_swing_tp_short declares universe ['EURUSD', 'GBPUSD', 'EURGBP', 'USDCHF', 'EURJPY'
  SKIP gen_sb_range_close_break_rvol_gate_swing_tp_short on GBPJPY D1: out_of_universe -- gen_sb_range_close_break_rvol_gate_swing_tp_short declares universe ['EURUSD', 'GBPUSD', 'EURGBP', 'USDCHF', 'EURJPY'
  SKIP gen_sb_range_close_break_rvol_gate_swing_tp_short on GBPUSD D1: out_of_universe -- gen_sb_range_close_break_rvol_gate_swing_tp_short declares universe ['EURUSD', 'GBPUSD', 'EURGBP', 'USDCHF', 'EURJPY'
  SKIP gen_sb_range_close_break_rvol_gate_swing_tp_short on NZDUSD H4: out_of_universe -- gen_sb_range_close_break_rvol_gate_swing_tp_short declares universe ['EURUSD', 'GBPUSD', 'EURGBP', 'USDCHF', 'EURJPY'
  SKIP gen_sb_range_close_break_rvol_gate_swing_tp_short on NZDUSD D1: out_of_universe -- gen_sb_range_close_break_rvol_gate_swing_tp_short declares universe ['EURUSD', 'GBPUSD', 'EURGBP', 'USDCHF', 'EURJPY'
  SKIP gen_sb_range_close_break_rvol_gate_swing_tp_short on UK100 D1: out_of_universe -- gen_sb_range_close_break_rvol_gate_swing_tp_short declares universe ['EURUSD', 'GBPUSD', 'EURGBP', 'USDCHF', 'EURJPY',
  SKIP gen_sb_range_close_break_rvol_gate_swing_tp_short on US500 H4: out_of_universe -- gen_sb_range_close_break_rvol_gate_swing_tp_short declares universe ['EURUSD', 'GBPUSD', 'EURGBP', 'USDCHF', 'EURJPY',
  SKIP gen_sb_range_close_break_rvol_gate_swing_tp_short on US500 D1: out_of_universe -- gen_sb_range_close_break_rvol_gate_swing_tp_short declares universe ['EURUSD', 'GBPUSD', 'EURGBP', 'USDCHF', 'EURJPY',
  SKIP gen_sb_range_close_break_rvol_gate_swing_tp_short on USDCAD H4: out_of_universe -- gen_sb_range_close_break_rvol_gate_swing_tp_short declares universe ['EURUSD', 'GBPUSD', 'EURGBP', 'USDCHF', 'EURJPY'
  SKIP gen_sb_range_close_break_rvol_gate_swing_tp_short on USDCAD D1: out_of_universe -- gen_sb_range_close_break_rvol_gate_swing_tp_short declares universe ['EURUSD', 'GBPUSD', 'EURGBP', 'USDCHF', 'EURJPY'
  SKIP gen_sb_range_close_break_rvol_gate_swing_tp_short on USDCHF D1: out_of_universe -- gen_sb_range_close_break_rvol_gate_swing_tp_short declares universe ['EURUSD', 'GBPUSD', 'EURGBP', 'USDCHF', 'EURJPY'
  SKIP gen_sb_range_close_break_rvol_gate_swing_tp_short on USDJPY H4: out_of_universe -- gen_sb_range_close_break_rvol_gate_swing_tp_short declares universe ['EURUSD', 'GBPUSD', 'EURGBP', 'USDCHF', 'EURJPY'
  SKIP gen_sb_range_close_break_rvol_gate_swing_tp_short on USDJPY D1: out_of_universe -- gen_sb_range_close_break_rvol_gate_swing_tp_short declares universe ['EURUSD', 'GBPUSD', 'EURGBP', 'USDCHF', 'EURJPY'
  SKIP gen_sb_range_close_break_rvol_gate_swing_tp_short on XAGUSD H4: out_of_universe -- gen_sb_range_close_break_rvol_gate_swing_tp_short declares universe ['EURUSD', 'GBPUSD', 'EURGBP', 'USDCHF', 'EURJPY'
  SKIP gen_sb_range_close_break_rvol_gate_swing_tp_short on XAGUSD D1: out_of_universe -- gen_sb_range_close_break_rvol_gate_swing_tp_short declares universe ['EURUSD', 'GBPUSD', 'EURGBP', 'USDCHF', 'EURJPY'
  SKIP gen_sb_range_close_break_rvol_gate_swing_tp_short on XAUUSD H4: out_of_universe -- gen_sb_range_close_break_rvol_gate_swing_tp_short declares universe ['EURUSD', 'GBPUSD', 'EURGBP', 'USDCHF', 'EURJPY'
  SKIP gen_sb_range_close_break_rvol_gate_swing_tp_short on XAUUSD D1: out_of_universe -- gen_sb_range_close_break_rvol_gate_swing_tp_short declares universe ['EURUSD', 'GBPUSD', 'EURGBP', 'USDCHF', 'EURJPY'
  SKIP gen_sb_range_close_break_session_swing_tp_long on AUDJPY H4: out_of_universe -- gen_sb_range_close_break_session_swing_tp_long declares universe ['EURUSD', 'GBPUSD', 'EURGBP', 'USDCHF', 'EURJPY', 'GBP
  SKIP gen_sb_range_close_break_session_swing_tp_long on AUDJPY D1: out_of_universe -- gen_sb_range_close_break_session_swing_tp_long declares universe ['EURUSD', 'GBPUSD', 'EURGBP', 'USDCHF', 'EURJPY', 'GBP
  SKIP gen_sb_range_close_break_session_swing_tp_long on AUDUSD H4: out_of_universe -- gen_sb_range_close_break_session_swing_tp_long declares universe ['EURUSD', 'GBPUSD', 'EURGBP', 'USDCHF', 'EURJPY', 'GBP
  SKIP gen_sb_range_close_break_session_swing_tp_long on AUDUSD D1: out_of_universe -- gen_sb_range_close_break_session_swing_tp_long declares universe ['EURUSD', 'GBPUSD', 'EURGBP', 'USDCHF', 'EURJPY', 'GBP
  SKIP gen_sb_range_close_break_session_swing_tp_long on DE40 D1: out_of_universe -- gen_sb_range_close_break_session_swing_tp_long declares universe ['EURUSD', 'GBPUSD', 'EURGBP', 'USDCHF', 'EURJPY', 'GBPJP
  SKIP gen_sb_range_close_break_session_swing_tp_long on EURGBP D1: out_of_universe -- gen_sb_range_close_break_session_swing_tp_long declares universe ['EURUSD', 'GBPUSD', 'EURGBP', 'USDCHF', 'EURJPY', 'GBP
  SKIP gen_sb_range_close_break_session_swing_tp_long on EURJPY D1: out_of_universe -- gen_sb_range_close_break_session_swing_tp_long declares universe ['EURUSD', 'GBPUSD', 'EURGBP', 'USDCHF', 'EURJPY', 'GBP
  SKIP gen_sb_range_close_break_session_swing_tp_long on EURUSD D1: out_of_universe -- gen_sb_range_close_break_session_swing_tp_long declares universe ['EURUSD', 'GBPUSD', 'EURGBP', 'USDCHF', 'EURJPY', 'GBP
  SKIP gen_sb_range_close_break_session_swing_tp_long on GBPJPY D1: out_of_universe -- gen_sb_range_close_break_session_swing_tp_long declares universe ['EURUSD', 'GBPUSD', 'EURGBP', 'USDCHF', 'EURJPY', 'GBP
  SKIP gen_sb_range_close_break_session_swing_tp_long on GBPUSD D1: out_of_universe -- gen_sb_range_close_break_session_swing_tp_long declares universe ['EURUSD', 'GBPUSD', 'EURGBP', 'USDCHF', 'EURJPY', 'GBP
  SKIP gen_sb_range_close_break_session_swing_tp_long on NZDUSD H4: out_of_universe -- gen_sb_range_close_break_session_swing_tp_long declares universe ['EURUSD', 'GBPUSD', 'EURGBP', 'USDCHF', 'EURJPY', 'GBP
  SKIP gen_sb_range_close_break_session_swing_tp_long on NZDUSD D1: out_of_universe -- gen_sb_range_close_break_session_swing_tp_long declares universe ['EURUSD', 'GBPUSD', 'EURGBP', 'USDCHF', 'EURJPY', 'GBP
  SKIP gen_sb_range_close_break_session_swing_tp_long on UK100 D1: out_of_universe -- gen_sb_range_close_break_session_swing_tp_long declares universe ['EURUSD', 'GBPUSD', 'EURGBP', 'USDCHF', 'EURJPY', 'GBPJ
  SKIP gen_sb_range_close_break_session_swing_tp_long on US500 H4: out_of_universe -- gen_sb_range_close_break_session_swing_tp_long declares universe ['EURUSD', 'GBPUSD', 'EURGBP', 'USDCHF', 'EURJPY', 'GBPJ
  SKIP gen_sb_range_close_break_session_swing_tp_long on US500 D1: out_of_universe -- gen_sb_range_close_break_session_swing_tp_long declares universe ['EURUSD', 'GBPUSD', 'EURGBP', 'USDCHF', 'EURJPY', 'GBPJ
  SKIP gen_sb_range_close_break_session_swing_tp_long on USDCAD H4: out_of_universe -- gen_sb_range_close_break_session_swing_tp_long declares universe ['EURUSD', 'GBPUSD', 'EURGBP', 'USDCHF', 'EURJPY', 'GBP
  SKIP gen_sb_range_close_break_session_swing_tp_long on USDCAD D1: out_of_universe -- gen_sb_range_close_break_session_swing_tp_long declares universe ['EURUSD', 'GBPUSD', 'EURGBP', 'USDCHF', 'EURJPY', 'GBP
  SKIP gen_sb_range_close_break_session_swing_tp_long on USDCHF D1: out_of_universe -- gen_sb_range_close_break_session_swing_tp_long declares universe ['EURUSD', 'GBPUSD', 'EURGBP', 'USDCHF', 'EURJPY', 'GBP
  SKIP gen_sb_range_close_break_session_swing_tp_long on USDJPY H4: out_of_universe -- gen_sb_range_close_break_session_swing_tp_long declares universe ['EURUSD', 'GBPUSD', 'EURGBP', 'USDCHF', 'EURJPY', 'GBP
  SKIP gen_sb_range_close_break_session_swing_tp_long on USDJPY D1: out_of_universe -- gen_sb_range_close_break_session_swing_tp_long declares universe ['EURUSD', 'GBPUSD', 'EURGBP', 'USDCHF', 'EURJPY', 'GBP
  SKIP gen_sb_range_close_break_session_swing_tp_long on XAGUSD H4: out_of_universe -- gen_sb_range_close_break_session_swing_tp_long declares universe ['EURUSD', 'GBPUSD', 'EURGBP', 'USDCHF', 'EURJPY', 'GBP
  SKIP gen_sb_range_close_break_session_swing_tp_long on XAGUSD D1: out_of_universe -- gen_sb_range_close_break_session_swing_tp_long declares universe ['EURUSD', 'GBPUSD', 'EURGBP', 'USDCHF', 'EURJPY', 'GBP
  SKIP gen_sb_range_close_break_session_swing_tp_long on XAUUSD H4: out_of_universe -- gen_sb_range_close_break_session_swing_tp_long declares universe ['EURUSD', 'GBPUSD', 'EURGBP', 'USDCHF', 'EURJPY', 'GBP
  SKIP gen_sb_range_close_break_session_swing_tp_long on XAUUSD D1: out_of_universe -- gen_sb_range_close_break_session_swing_tp_long declares universe ['EURUSD', 'GBPUSD', 'EURGBP', 'USDCHF', 'EURJPY', 'GBP
  SKIP gen_sb_range_close_break_session_time_exit on AUDJPY H4: out_of_universe -- gen_sb_range_close_break_session_time_exit declares universe ['EURUSD', 'GBPUSD', 'EURGBP', 'USDCHF', 'EURJPY', 'GBPJPY', 'D
  SKIP gen_sb_range_close_break_session_time_exit on AUDJPY D1: out_of_universe -- gen_sb_range_close_break_session_time_exit declares universe ['EURUSD', 'GBPUSD', 'EURGBP', 'USDCHF', 'EURJPY', 'GBPJPY', 'D
  SKIP gen_sb_range_close_break_session_time_exit on AUDUSD H4: out_of_universe -- gen_sb_range_close_break_session_time_exit declares universe ['EURUSD', 'GBPUSD', 'EURGBP', 'USDCHF', 'EURJPY', 'GBPJPY', 'D
  SKIP gen_sb_range_close_break_session_time_exit on AUDUSD D1: out_of_universe -- gen_sb_range_close_break_session_time_exit declares universe ['EURUSD', 'GBPUSD', 'EURGBP', 'USDCHF', 'EURJPY', 'GBPJPY', 'D
  SKIP gen_sb_range_close_break_session_time_exit on DE40 D1: out_of_universe -- gen_sb_range_close_break_session_time_exit declares universe ['EURUSD', 'GBPUSD', 'EURGBP', 'USDCHF', 'EURJPY', 'GBPJPY', 'DE4
  SKIP gen_sb_range_close_break_session_time_exit on EURGBP D1: out_of_universe -- gen_sb_range_close_break_session_time_exit declares universe ['EURUSD', 'GBPUSD', 'EURGBP', 'USDCHF', 'EURJPY', 'GBPJPY', 'D
  SKIP gen_sb_range_close_break_session_time_exit on EURJPY D1: out_of_universe -- gen_sb_range_close_break_session_time_exit declares universe ['EURUSD', 'GBPUSD', 'EURGBP', 'USDCHF', 'EURJPY', 'GBPJPY', 'D
  SKIP gen_sb_range_close_break_session_time_exit on EURUSD D1: out_of_universe -- gen_sb_range_close_break_session_time_exit declares universe ['EURUSD', 'GBPUSD', 'EURGBP', 'USDCHF', 'EURJPY', 'GBPJPY', 'D
  SKIP gen_sb_range_close_break_session_time_exit on GBPJPY D1: out_of_universe -- gen_sb_range_close_break_session_time_exit declares universe ['EURUSD', 'GBPUSD', 'EURGBP', 'USDCHF', 'EURJPY', 'GBPJPY', 'D
  SKIP gen_sb_range_close_break_session_time_exit on GBPUSD D1: out_of_universe -- gen_sb_range_close_break_session_time_exit declares universe ['EURUSD', 'GBPUSD', 'EURGBP', 'USDCHF', 'EURJPY', 'GBPJPY', 'D
  SKIP gen_sb_range_close_break_session_time_exit on NZDUSD H4: out_of_universe -- gen_sb_range_close_break_session_time_exit declares universe ['EURUSD', 'GBPUSD', 'EURGBP', 'USDCHF', 'EURJPY', 'GBPJPY', 'D
  SKIP gen_sb_range_close_break_session_time_exit on NZDUSD D1: out_of_universe -- gen_sb_range_close_break_session_time_exit declares universe ['EURUSD', 'GBPUSD', 'EURGBP', 'USDCHF', 'EURJPY', 'GBPJPY', 'D
  SKIP gen_sb_range_close_break_session_time_exit on UK100 D1: out_of_universe -- gen_sb_range_close_break_session_time_exit declares universe ['EURUSD', 'GBPUSD', 'EURGBP', 'USDCHF', 'EURJPY', 'GBPJPY', 'DE
  SKIP gen_sb_range_close_break_session_time_exit on US500 H4: out_of_universe -- gen_sb_range_close_break_session_time_exit declares universe ['EURUSD', 'GBPUSD', 'EURGBP', 'USDCHF', 'EURJPY', 'GBPJPY', 'DE
  SKIP gen_sb_range_close_break_session_time_exit on US500 D1: out_of_universe -- gen_sb_range_close_break_session_time_exit declares universe ['EURUSD', 'GBPUSD', 'EURGBP', 'USDCHF', 'EURJPY', 'GBPJPY', 'DE
  SKIP gen_sb_range_close_break_session_time_exit on USDCAD H4: out_of_universe -- gen_sb_range_close_break_session_time_exit declares universe ['EURUSD', 'GBPUSD', 'EURGBP', 'USDCHF', 'EURJPY', 'GBPJPY', 'D
  SKIP gen_sb_range_close_break_session_time_exit on USDCAD D1: out_of_universe -- gen_sb_range_close_break_session_time_exit declares universe ['EURUSD', 'GBPUSD', 'EURGBP', 'USDCHF', 'EURJPY', 'GBPJPY', 'D
  SKIP gen_sb_range_close_break_session_time_exit on USDCHF D1: out_of_universe -- gen_sb_range_close_break_session_time_exit declares universe ['EURUSD', 'GBPUSD', 'EURGBP', 'USDCHF', 'EURJPY', 'GBPJPY', 'D
  SKIP gen_sb_range_close_break_session_time_exit on USDJPY H4: out_of_universe -- gen_sb_range_close_break_session_time_exit declares universe ['EURUSD', 'GBPUSD', 'EURGBP', 'USDCHF', 'EURJPY', 'GBPJPY', 'D
  SKIP gen_sb_range_close_break_session_time_exit on USDJPY D1: out_of_universe -- gen_sb_range_close_break_session_time_exit declares universe ['EURUSD', 'GBPUSD', 'EURGBP', 'USDCHF', 'EURJPY', 'GBPJPY', 'D
  SKIP gen_sb_range_close_break_session_time_exit on XAGUSD H4: out_of_universe -- gen_sb_range_close_break_session_time_exit declares universe ['EURUSD', 'GBPUSD', 'EURGBP', 'USDCHF', 'EURJPY', 'GBPJPY', 'D
  SKIP gen_sb_range_close_break_session_time_exit on XAGUSD D1: out_of_universe -- gen_sb_range_close_break_session_time_exit declares universe ['EURUSD', 'GBPUSD', 'EURGBP', 'USDCHF', 'EURJPY', 'GBPJPY', 'D
  SKIP gen_sb_range_close_break_session_time_exit on XAUUSD H4: out_of_universe -- gen_sb_range_close_break_session_time_exit declares universe ['EURUSD', 'GBPUSD', 'EURGBP', 'USDCHF', 'EURJPY', 'GBPJPY', 'D
  SKIP gen_sb_range_close_break_session_time_exit on XAUUSD D1: out_of_universe -- gen_sb_range_close_break_session_time_exit declares universe ['EURUSD', 'GBPUSD', 'EURGBP', 'USDCHF', 'EURJPY', 'GBPJPY', 'D
  SKIP gen_sb_range_fresh_cross_adx_gate_swing_tp_short on AUDJPY H4: out_of_universe -- gen_sb_range_fresh_cross_adx_gate_swing_tp_short declares universe ['EURUSD', 'GBPUSD', 'EURGBP', 'USDCHF', 'EURJPY', 
  SKIP gen_sb_range_fresh_cross_adx_gate_swing_tp_short on AUDJPY D1: out_of_universe -- gen_sb_range_fresh_cross_adx_gate_swing_tp_short declares universe ['EURUSD', 'GBPUSD', 'EURGBP', 'USDCHF', 'EURJPY', 
  SKIP gen_sb_range_fresh_cross_adx_gate_swing_tp_short on AUDUSD H4: out_of_universe -- gen_sb_range_fresh_cross_adx_gate_swing_tp_short declares universe ['EURUSD', 'GBPUSD', 'EURGBP', 'USDCHF', 'EURJPY', 
  SKIP gen_sb_range_fresh_cross_adx_gate_swing_tp_short on AUDUSD D1: out_of_universe -- gen_sb_range_fresh_cross_adx_gate_swing_tp_short declares universe ['EURUSD', 'GBPUSD', 'EURGBP', 'USDCHF', 'EURJPY', 
  SKIP gen_sb_range_fresh_cross_adx_gate_swing_tp_short on DE40 D1: out_of_universe -- gen_sb_range_fresh_cross_adx_gate_swing_tp_short declares universe ['EURUSD', 'GBPUSD', 'EURGBP', 'USDCHF', 'EURJPY', 'G
  SKIP gen_sb_range_fresh_cross_adx_gate_swing_tp_short on EURGBP D1: out_of_universe -- gen_sb_range_fresh_cross_adx_gate_swing_tp_short declares universe ['EURUSD', 'GBPUSD', 'EURGBP', 'USDCHF', 'EURJPY', 
  SKIP gen_sb_range_fresh_cross_adx_gate_swing_tp_short on EURJPY D1: out_of_universe -- gen_sb_range_fresh_cross_adx_gate_swing_tp_short declares universe ['EURUSD', 'GBPUSD', 'EURGBP', 'USDCHF', 'EURJPY', 
  SKIP gen_sb_range_fresh_cross_adx_gate_swing_tp_short on EURUSD D1: out_of_universe -- gen_sb_range_fresh_cross_adx_gate_swing_tp_short declares universe ['EURUSD', 'GBPUSD', 'EURGBP', 'USDCHF', 'EURJPY', 
  SKIP gen_sb_range_fresh_cross_adx_gate_swing_tp_short on GBPJPY D1: out_of_universe -- gen_sb_range_fresh_cross_adx_gate_swing_tp_short declares universe ['EURUSD', 'GBPUSD', 'EURGBP', 'USDCHF', 'EURJPY', 
  SKIP gen_sb_range_fresh_cross_adx_gate_swing_tp_short on GBPUSD D1: out_of_universe -- gen_sb_range_fresh_cross_adx_gate_swing_tp_short declares universe ['EURUSD', 'GBPUSD', 'EURGBP', 'USDCHF', 'EURJPY', 
  SKIP gen_sb_range_fresh_cross_adx_gate_swing_tp_short on NZDUSD H4: out_of_universe -- gen_sb_range_fresh_cross_adx_gate_swing_tp_short declares universe ['EURUSD', 'GBPUSD', 'EURGBP', 'USDCHF', 'EURJPY', 
  SKIP gen_sb_range_fresh_cross_adx_gate_swing_tp_short on NZDUSD D1: out_of_universe -- gen_sb_range_fresh_cross_adx_gate_swing_tp_short declares universe ['EURUSD', 'GBPUSD', 'EURGBP', 'USDCHF', 'EURJPY', 
  SKIP gen_sb_range_fresh_cross_adx_gate_swing_tp_short on UK100 D1: out_of_universe -- gen_sb_range_fresh_cross_adx_gate_swing_tp_short declares universe ['EURUSD', 'GBPUSD', 'EURGBP', 'USDCHF', 'EURJPY', '
  SKIP gen_sb_range_fresh_cross_adx_gate_swing_tp_short on US500 H4: out_of_universe -- gen_sb_range_fresh_cross_adx_gate_swing_tp_short declares universe ['EURUSD', 'GBPUSD', 'EURGBP', 'USDCHF', 'EURJPY', '
  SKIP gen_sb_range_fresh_cross_adx_gate_swing_tp_short on US500 D1: out_of_universe -- gen_sb_range_fresh_cross_adx_gate_swing_tp_short declares universe ['EURUSD', 'GBPUSD', 'EURGBP', 'USDCHF', 'EURJPY', '
  SKIP gen_sb_range_fresh_cross_adx_gate_swing_tp_short on USDCAD H4: out_of_universe -- gen_sb_range_fresh_cross_adx_gate_swing_tp_short declares universe ['EURUSD', 'GBPUSD', 'EURGBP', 'USDCHF', 'EURJPY', 
  SKIP gen_sb_range_fresh_cross_adx_gate_swing_tp_short on USDCAD D1: out_of_universe -- gen_sb_range_fresh_cross_adx_gate_swing_tp_short declares universe ['EURUSD', 'GBPUSD', 'EURGBP', 'USDCHF', 'EURJPY', 
  SKIP gen_sb_range_fresh_cross_adx_gate_swing_tp_short on USDCHF D1: out_of_universe -- gen_sb_range_fresh_cross_adx_gate_swing_tp_short declares universe ['EURUSD', 'GBPUSD', 'EURGBP', 'USDCHF', 'EURJPY', 
  SKIP gen_sb_range_fresh_cross_adx_gate_swing_tp_short on USDJPY H4: out_of_universe -- gen_sb_range_fresh_cross_adx_gate_swing_tp_short declares universe ['EURUSD', 'GBPUSD', 'EURGBP', 'USDCHF', 'EURJPY', 
  SKIP gen_sb_range_fresh_cross_adx_gate_swing_tp_short on USDJPY D1: out_of_universe -- gen_sb_range_fresh_cross_adx_gate_swing_tp_short declares universe ['EURUSD', 'GBPUSD', 'EURGBP', 'USDCHF', 'EURJPY', 
  SKIP gen_sb_range_fresh_cross_adx_gate_swing_tp_short on XAGUSD H4: out_of_universe -- gen_sb_range_fresh_cross_adx_gate_swing_tp_short declares universe ['EURUSD', 'GBPUSD', 'EURGBP', 'USDCHF', 'EURJPY', 
  SKIP gen_sb_range_fresh_cross_adx_gate_swing_tp_short on XAGUSD D1: out_of_universe -- gen_sb_range_fresh_cross_adx_gate_swing_tp_short declares universe ['EURUSD', 'GBPUSD', 'EURGBP', 'USDCHF', 'EURJPY', 
  SKIP gen_sb_range_fresh_cross_adx_gate_swing_tp_short on XAUUSD H4: out_of_universe -- gen_sb_range_fresh_cross_adx_gate_swing_tp_short declares universe ['EURUSD', 'GBPUSD', 'EURGBP', 'USDCHF', 'EURJPY', 
  SKIP gen_sb_range_fresh_cross_adx_gate_swing_tp_short on XAUUSD D1: out_of_universe -- gen_sb_range_fresh_cross_adx_gate_swing_tp_short declares universe ['EURUSD', 'GBPUSD', 'EURGBP', 'USDCHF', 'EURJPY', 
  SKIP gen_sb_range_fresh_cross_adx_gate_time_exit on AUDJPY H4: out_of_universe -- gen_sb_range_fresh_cross_adx_gate_time_exit declares universe ['EURUSD', 'GBPUSD', 'EURGBP', 'USDCHF', 'EURJPY', 'GBPJPY', 
  SKIP gen_sb_range_fresh_cross_adx_gate_time_exit on AUDJPY D1: out_of_universe -- gen_sb_range_fresh_cross_adx_gate_time_exit declares universe ['EURUSD', 'GBPUSD', 'EURGBP', 'USDCHF', 'EURJPY', 'GBPJPY', 
  SKIP gen_sb_range_fresh_cross_adx_gate_time_exit on AUDUSD H4: out_of_universe -- gen_sb_range_fresh_cross_adx_gate_time_exit declares universe ['EURUSD', 'GBPUSD', 'EURGBP', 'USDCHF', 'EURJPY', 'GBPJPY', 
  SKIP gen_sb_range_fresh_cross_adx_gate_time_exit on AUDUSD D1: out_of_universe -- gen_sb_range_fresh_cross_adx_gate_time_exit declares universe ['EURUSD', 'GBPUSD', 'EURGBP', 'USDCHF', 'EURJPY', 'GBPJPY', 
  SKIP gen_sb_range_fresh_cross_adx_gate_time_exit on DE40 D1: out_of_universe -- gen_sb_range_fresh_cross_adx_gate_time_exit declares universe ['EURUSD', 'GBPUSD', 'EURGBP', 'USDCHF', 'EURJPY', 'GBPJPY', 'D
  SKIP gen_sb_range_fresh_cross_adx_gate_time_exit on EURGBP D1: out_of_universe -- gen_sb_range_fresh_cross_adx_gate_time_exit declares universe ['EURUSD', 'GBPUSD', 'EURGBP', 'USDCHF', 'EURJPY', 'GBPJPY', 
  SKIP gen_sb_range_fresh_cross_adx_gate_time_exit on EURJPY D1: out_of_universe -- gen_sb_range_fresh_cross_adx_gate_time_exit declares universe ['EURUSD', 'GBPUSD', 'EURGBP', 'USDCHF', 'EURJPY', 'GBPJPY', 
  SKIP gen_sb_range_fresh_cross_adx_gate_time_exit on EURUSD D1: out_of_universe -- gen_sb_range_fresh_cross_adx_gate_time_exit declares universe ['EURUSD', 'GBPUSD', 'EURGBP', 'USDCHF', 'EURJPY', 'GBPJPY', 
  SKIP gen_sb_range_fresh_cross_adx_gate_time_exit on GBPJPY D1: out_of_universe -- gen_sb_range_fresh_cross_adx_gate_time_exit declares universe ['EURUSD', 'GBPUSD', 'EURGBP', 'USDCHF', 'EURJPY', 'GBPJPY', 
  SKIP gen_sb_range_fresh_cross_adx_gate_time_exit on GBPUSD D1: out_of_universe -- gen_sb_range_fresh_cross_adx_gate_time_exit declares universe ['EURUSD', 'GBPUSD', 'EURGBP', 'USDCHF', 'EURJPY', 'GBPJPY', 
  SKIP gen_sb_range_fresh_cross_adx_gate_time_exit on NZDUSD H4: out_of_universe -- gen_sb_range_fresh_cross_adx_gate_time_exit declares universe ['EURUSD', 'GBPUSD', 'EURGBP', 'USDCHF', 'EURJPY', 'GBPJPY', 
  SKIP gen_sb_range_fresh_cross_adx_gate_time_exit on NZDUSD D1: out_of_universe -- gen_sb_range_fresh_cross_adx_gate_time_exit declares universe ['EURUSD', 'GBPUSD', 'EURGBP', 'USDCHF', 'EURJPY', 'GBPJPY', 
  SKIP gen_sb_range_fresh_cross_adx_gate_time_exit on UK100 D1: out_of_universe -- gen_sb_range_fresh_cross_adx_gate_time_exit declares universe ['EURUSD', 'GBPUSD', 'EURGBP', 'USDCHF', 'EURJPY', 'GBPJPY', '
  SKIP gen_sb_range_fresh_cross_adx_gate_time_exit on US500 H4: out_of_universe -- gen_sb_range_fresh_cross_adx_gate_time_exit declares universe ['EURUSD', 'GBPUSD', 'EURGBP', 'USDCHF', 'EURJPY', 'GBPJPY', '
  SKIP gen_sb_range_fresh_cross_adx_gate_time_exit on US500 D1: out_of_universe -- gen_sb_range_fresh_cross_adx_gate_time_exit declares universe ['EURUSD', 'GBPUSD', 'EURGBP', 'USDCHF', 'EURJPY', 'GBPJPY', '
  SKIP gen_sb_range_fresh_cross_adx_gate_time_exit on USDCAD H4: out_of_universe -- gen_sb_range_fresh_cross_adx_gate_time_exit declares universe ['EURUSD', 'GBPUSD', 'EURGBP', 'USDCHF', 'EURJPY', 'GBPJPY', 
  SKIP gen_sb_range_fresh_cross_adx_gate_time_exit on USDCAD D1: out_of_universe -- gen_sb_range_fresh_cross_adx_gate_time_exit declares universe ['EURUSD', 'GBPUSD', 'EURGBP', 'USDCHF', 'EURJPY', 'GBPJPY', 
  SKIP gen_sb_range_fresh_cross_adx_gate_time_exit on USDCHF D1: out_of_universe -- gen_sb_range_fresh_cross_adx_gate_time_exit declares universe ['EURUSD', 'GBPUSD', 'EURGBP', 'USDCHF', 'EURJPY', 'GBPJPY', 
  SKIP gen_sb_range_fresh_cross_adx_gate_time_exit on USDJPY H4: out_of_universe -- gen_sb_range_fresh_cross_adx_gate_time_exit declares universe ['EURUSD', 'GBPUSD', 'EURGBP', 'USDCHF', 'EURJPY', 'GBPJPY', 
  SKIP gen_sb_range_fresh_cross_adx_gate_time_exit on USDJPY D1: out_of_universe -- gen_sb_range_fresh_cross_adx_gate_time_exit declares universe ['EURUSD', 'GBPUSD', 'EURGBP', 'USDCHF', 'EURJPY', 'GBPJPY', 
  SKIP gen_sb_range_fresh_cross_adx_gate_time_exit on XAGUSD H4: out_of_universe -- gen_sb_range_fresh_cross_adx_gate_time_exit declares universe ['EURUSD', 'GBPUSD', 'EURGBP', 'USDCHF', 'EURJPY', 'GBPJPY', 
  SKIP gen_sb_range_fresh_cross_adx_gate_time_exit on XAGUSD D1: out_of_universe -- gen_sb_range_fresh_cross_adx_gate_time_exit declares universe ['EURUSD', 'GBPUSD', 'EURGBP', 'USDCHF', 'EURJPY', 'GBPJPY', 
  SKIP gen_sb_range_fresh_cross_adx_gate_time_exit on XAUUSD H4: out_of_universe -- gen_sb_range_fresh_cross_adx_gate_time_exit declares universe ['EURUSD', 'GBPUSD', 'EURGBP', 'USDCHF', 'EURJPY', 'GBPJPY', 
  SKIP gen_sb_range_fresh_cross_adx_gate_time_exit on XAUUSD D1: out_of_universe -- gen_sb_range_fresh_cross_adx_gate_time_exit declares universe ['EURUSD', 'GBPUSD', 'EURGBP', 'USDCHF', 'EURJPY', 'GBPJPY', 
  SKIP gen_sb_range_fresh_cross_none_swing_tp_long on AUDJPY H4: out_of_universe -- gen_sb_range_fresh_cross_none_swing_tp_long declares universe ['EURUSD', 'GBPUSD', 'EURGBP', 'USDCHF', 'EURJPY', 'GBPJPY', 
  SKIP gen_sb_range_fresh_cross_none_swing_tp_long on AUDJPY D1: out_of_universe -- gen_sb_range_fresh_cross_none_swing_tp_long declares universe ['EURUSD', 'GBPUSD', 'EURGBP', 'USDCHF', 'EURJPY', 'GBPJPY', 
  SKIP gen_sb_range_fresh_cross_none_swing_tp_long on AUDUSD H4: out_of_universe -- gen_sb_range_fresh_cross_none_swing_tp_long declares universe ['EURUSD', 'GBPUSD', 'EURGBP', 'USDCHF', 'EURJPY', 'GBPJPY', 
  SKIP gen_sb_range_fresh_cross_none_swing_tp_long on AUDUSD D1: out_of_universe -- gen_sb_range_fresh_cross_none_swing_tp_long declares universe ['EURUSD', 'GBPUSD', 'EURGBP', 'USDCHF', 'EURJPY', 'GBPJPY', 
  SKIP gen_sb_range_fresh_cross_none_swing_tp_long on DE40 D1: out_of_universe -- gen_sb_range_fresh_cross_none_swing_tp_long declares universe ['EURUSD', 'GBPUSD', 'EURGBP', 'USDCHF', 'EURJPY', 'GBPJPY', 'D
  SKIP gen_sb_range_fresh_cross_none_swing_tp_long on EURGBP D1: out_of_universe -- gen_sb_range_fresh_cross_none_swing_tp_long declares universe ['EURUSD', 'GBPUSD', 'EURGBP', 'USDCHF', 'EURJPY', 'GBPJPY', 
  SKIP gen_sb_range_fresh_cross_none_swing_tp_long on EURJPY D1: out_of_universe -- gen_sb_range_fresh_cross_none_swing_tp_long declares universe ['EURUSD', 'GBPUSD', 'EURGBP', 'USDCHF', 'EURJPY', 'GBPJPY', 
  SKIP gen_sb_range_fresh_cross_none_swing_tp_long on EURUSD D1: out_of_universe -- gen_sb_range_fresh_cross_none_swing_tp_long declares universe ['EURUSD', 'GBPUSD', 'EURGBP', 'USDCHF', 'EURJPY', 'GBPJPY', 
  SKIP gen_sb_range_fresh_cross_none_swing_tp_long on GBPJPY D1: out_of_universe -- gen_sb_range_fresh_cross_none_swing_tp_long declares universe ['EURUSD', 'GBPUSD', 'EURGBP', 'USDCHF', 'EURJPY', 'GBPJPY', 
  SKIP gen_sb_range_fresh_cross_none_swing_tp_long on GBPUSD D1: out_of_universe -- gen_sb_range_fresh_cross_none_swing_tp_long declares universe ['EURUSD', 'GBPUSD', 'EURGBP', 'USDCHF', 'EURJPY', 'GBPJPY', 
  SKIP gen_sb_range_fresh_cross_none_swing_tp_long on NZDUSD H4: out_of_universe -- gen_sb_range_fresh_cross_none_swing_tp_long declares universe ['EURUSD', 'GBPUSD', 'EURGBP', 'USDCHF', 'EURJPY', 'GBPJPY', 
  SKIP gen_sb_range_fresh_cross_none_swing_tp_long on NZDUSD D1: out_of_universe -- gen_sb_range_fresh_cross_none_swing_tp_long declares universe ['EURUSD', 'GBPUSD', 'EURGBP', 'USDCHF', 'EURJPY', 'GBPJPY', 
  SKIP gen_sb_range_fresh_cross_none_swing_tp_long on UK100 D1: out_of_universe -- gen_sb_range_fresh_cross_none_swing_tp_long declares universe ['EURUSD', 'GBPUSD', 'EURGBP', 'USDCHF', 'EURJPY', 'GBPJPY', '
  SKIP gen_sb_range_fresh_cross_none_swing_tp_long on US500 H4: out_of_universe -- gen_sb_range_fresh_cross_none_swing_tp_long declares universe ['EURUSD', 'GBPUSD', 'EURGBP', 'USDCHF', 'EURJPY', 'GBPJPY', '
  SKIP gen_sb_range_fresh_cross_none_swing_tp_long on US500 D1: out_of_universe -- gen_sb_range_fresh_cross_none_swing_tp_long declares universe ['EURUSD', 'GBPUSD', 'EURGBP', 'USDCHF', 'EURJPY', 'GBPJPY', '
  SKIP gen_sb_range_fresh_cross_none_swing_tp_long on USDCAD H4: out_of_universe -- gen_sb_range_fresh_cross_none_swing_tp_long declares universe ['EURUSD', 'GBPUSD', 'EURGBP', 'USDCHF', 'EURJPY', 'GBPJPY', 
  SKIP gen_sb_range_fresh_cross_none_swing_tp_long on USDCAD D1: out_of_universe -- gen_sb_range_fresh_cross_none_swing_tp_long declares universe ['EURUSD', 'GBPUSD', 'EURGBP', 'USDCHF', 'EURJPY', 'GBPJPY', 
  SKIP gen_sb_range_fresh_cross_none_swing_tp_long on USDCHF D1: out_of_universe -- gen_sb_range_fresh_cross_none_swing_tp_long declares universe ['EURUSD', 'GBPUSD', 'EURGBP', 'USDCHF', 'EURJPY', 'GBPJPY', 
  SKIP gen_sb_range_fresh_cross_none_swing_tp_long on USDJPY H4: out_of_universe -- gen_sb_range_fresh_cross_none_swing_tp_long declares universe ['EURUSD', 'GBPUSD', 'EURGBP', 'USDCHF', 'EURJPY', 'GBPJPY', 
  SKIP gen_sb_range_fresh_cross_none_swing_tp_long on USDJPY D1: out_of_universe -- gen_sb_range_fresh_cross_none_swing_tp_long declares universe ['EURUSD', 'GBPUSD', 'EURGBP', 'USDCHF', 'EURJPY', 'GBPJPY', 
  SKIP gen_sb_range_fresh_cross_none_swing_tp_long on XAGUSD H4: out_of_universe -- gen_sb_range_fresh_cross_none_swing_tp_long declares universe ['EURUSD', 'GBPUSD', 'EURGBP', 'USDCHF', 'EURJPY', 'GBPJPY', 
  SKIP gen_sb_range_fresh_cross_none_swing_tp_long on XAGUSD D1: out_of_universe -- gen_sb_range_fresh_cross_none_swing_tp_long declares universe ['EURUSD', 'GBPUSD', 'EURGBP', 'USDCHF', 'EURJPY', 'GBPJPY', 
  SKIP gen_sb_range_fresh_cross_none_swing_tp_long on XAUUSD H4: out_of_universe -- gen_sb_range_fresh_cross_none_swing_tp_long declares universe ['EURUSD', 'GBPUSD', 'EURGBP', 'USDCHF', 'EURJPY', 'GBPJPY', 
  SKIP gen_sb_range_fresh_cross_none_swing_tp_long on XAUUSD D1: out_of_universe -- gen_sb_range_fresh_cross_none_swing_tp_long declares universe ['EURUSD', 'GBPUSD', 'EURGBP', 'USDCHF', 'EURJPY', 'GBPJPY', 
  SKIP gen_sb_range_fresh_cross_none_swing_tp_short on AUDJPY H4: out_of_universe -- gen_sb_range_fresh_cross_none_swing_tp_short declares universe ['EURUSD', 'GBPUSD', 'EURGBP', 'USDCHF', 'EURJPY', 'GBPJPY'
  SKIP gen_sb_range_fresh_cross_none_swing_tp_short on AUDJPY D1: out_of_universe -- gen_sb_range_fresh_cross_none_swing_tp_short declares universe ['EURUSD', 'GBPUSD', 'EURGBP', 'USDCHF', 'EURJPY', 'GBPJPY'
  SKIP gen_sb_range_fresh_cross_none_swing_tp_short on AUDUSD H4: out_of_universe -- gen_sb_range_fresh_cross_none_swing_tp_short declares universe ['EURUSD', 'GBPUSD', 'EURGBP', 'USDCHF', 'EURJPY', 'GBPJPY'
  SKIP gen_sb_range_fresh_cross_none_swing_tp_short on AUDUSD D1: out_of_universe -- gen_sb_range_fresh_cross_none_swing_tp_short declares universe ['EURUSD', 'GBPUSD', 'EURGBP', 'USDCHF', 'EURJPY', 'GBPJPY'
  SKIP gen_sb_range_fresh_cross_none_swing_tp_short on DE40 D1: out_of_universe -- gen_sb_range_fresh_cross_none_swing_tp_short declares universe ['EURUSD', 'GBPUSD', 'EURGBP', 'USDCHF', 'EURJPY', 'GBPJPY', 
  SKIP gen_sb_range_fresh_cross_none_swing_tp_short on EURGBP D1: out_of_universe -- gen_sb_range_fresh_cross_none_swing_tp_short declares universe ['EURUSD', 'GBPUSD', 'EURGBP', 'USDCHF', 'EURJPY', 'GBPJPY'
  SKIP gen_sb_range_fresh_cross_none_swing_tp_short on EURJPY D1: out_of_universe -- gen_sb_range_fresh_cross_none_swing_tp_short declares universe ['EURUSD', 'GBPUSD', 'EURGBP', 'USDCHF', 'EURJPY', 'GBPJPY'
  SKIP gen_sb_range_fresh_cross_none_swing_tp_short on EURUSD D1: out_of_universe -- gen_sb_range_fresh_cross_none_swing_tp_short declares universe ['EURUSD', 'GBPUSD', 'EURGBP', 'USDCHF', 'EURJPY', 'GBPJPY'
  SKIP gen_sb_range_fresh_cross_none_swing_tp_short on GBPJPY D1: out_of_universe -- gen_sb_range_fresh_cross_none_swing_tp_short declares universe ['EURUSD', 'GBPUSD', 'EURGBP', 'USDCHF', 'EURJPY', 'GBPJPY'
  SKIP gen_sb_range_fresh_cross_none_swing_tp_short on GBPUSD D1: out_of_universe -- gen_sb_range_fresh_cross_none_swing_tp_short declares universe ['EURUSD', 'GBPUSD', 'EURGBP', 'USDCHF', 'EURJPY', 'GBPJPY'
  SKIP gen_sb_range_fresh_cross_none_swing_tp_short on NZDUSD H4: out_of_universe -- gen_sb_range_fresh_cross_none_swing_tp_short declares universe ['EURUSD', 'GBPUSD', 'EURGBP', 'USDCHF', 'EURJPY', 'GBPJPY'
  SKIP gen_sb_range_fresh_cross_none_swing_tp_short on NZDUSD D1: out_of_universe -- gen_sb_range_fresh_cross_none_swing_tp_short declares universe ['EURUSD', 'GBPUSD', 'EURGBP', 'USDCHF', 'EURJPY', 'GBPJPY'
  SKIP gen_sb_range_fresh_cross_none_swing_tp_short on UK100 D1: out_of_universe -- gen_sb_range_fresh_cross_none_swing_tp_short declares universe ['EURUSD', 'GBPUSD', 'EURGBP', 'USDCHF', 'EURJPY', 'GBPJPY',
  SKIP gen_sb_range_fresh_cross_none_swing_tp_short on US500 H4: out_of_universe -- gen_sb_range_fresh_cross_none_swing_tp_short declares universe ['EURUSD', 'GBPUSD', 'EURGBP', 'USDCHF', 'EURJPY', 'GBPJPY',
  SKIP gen_sb_range_fresh_cross_none_swing_tp_short on US500 D1: out_of_universe -- gen_sb_range_fresh_cross_none_swing_tp_short declares universe ['EURUSD', 'GBPUSD', 'EURGBP', 'USDCHF', 'EURJPY', 'GBPJPY',
  SKIP gen_sb_range_fresh_cross_none_swing_tp_short on USDCAD H4: out_of_universe -- gen_sb_range_fresh_cross_none_swing_tp_short declares universe ['EURUSD', 'GBPUSD', 'EURGBP', 'USDCHF', 'EURJPY', 'GBPJPY'
  SKIP gen_sb_range_fresh_cross_none_swing_tp_short on USDCAD D1: out_of_universe -- gen_sb_range_fresh_cross_none_swing_tp_short declares universe ['EURUSD', 'GBPUSD', 'EURGBP', 'USDCHF', 'EURJPY', 'GBPJPY'
  SKIP gen_sb_range_fresh_cross_none_swing_tp_short on USDCHF D1: out_of_universe -- gen_sb_range_fresh_cross_none_swing_tp_short declares universe ['EURUSD', 'GBPUSD', 'EURGBP', 'USDCHF', 'EURJPY', 'GBPJPY'
  SKIP gen_sb_range_fresh_cross_none_swing_tp_short on USDJPY H4: out_of_universe -- gen_sb_range_fresh_cross_none_swing_tp_short declares universe ['EURUSD', 'GBPUSD', 'EURGBP', 'USDCHF', 'EURJPY', 'GBPJPY'
  SKIP gen_sb_range_fresh_cross_none_swing_tp_short on USDJPY D1: out_of_universe -- gen_sb_range_fresh_cross_none_swing_tp_short declares universe ['EURUSD', 'GBPUSD', 'EURGBP', 'USDCHF', 'EURJPY', 'GBPJPY'
  SKIP gen_sb_range_fresh_cross_none_swing_tp_short on XAGUSD H4: out_of_universe -- gen_sb_range_fresh_cross_none_swing_tp_short declares universe ['EURUSD', 'GBPUSD', 'EURGBP', 'USDCHF', 'EURJPY', 'GBPJPY'
  SKIP gen_sb_range_fresh_cross_none_swing_tp_short on XAGUSD D1: out_of_universe -- gen_sb_range_fresh_cross_none_swing_tp_short declares universe ['EURUSD', 'GBPUSD', 'EURGBP', 'USDCHF', 'EURJPY', 'GBPJPY'
  SKIP gen_sb_range_fresh_cross_none_swing_tp_short on XAUUSD H4: out_of_universe -- gen_sb_range_fresh_cross_none_swing_tp_short declares universe ['EURUSD', 'GBPUSD', 'EURGBP', 'USDCHF', 'EURJPY', 'GBPJPY'
  SKIP gen_sb_range_fresh_cross_none_swing_tp_short on XAUUSD D1: out_of_universe -- gen_sb_range_fresh_cross_none_swing_tp_short declares universe ['EURUSD', 'GBPUSD', 'EURGBP', 'USDCHF', 'EURJPY', 'GBPJPY'
  SKIP gen_sb_range_fresh_cross_none_time_exit on AUDJPY H4: out_of_universe -- gen_sb_range_fresh_cross_none_time_exit declares universe ['EURUSD', 'GBPUSD', 'EURGBP', 'USDCHF', 'EURJPY', 'GBPJPY', 'DE40', 
  SKIP gen_sb_range_fresh_cross_none_time_exit on AUDJPY D1: out_of_universe -- gen_sb_range_fresh_cross_none_time_exit declares universe ['EURUSD', 'GBPUSD', 'EURGBP', 'USDCHF', 'EURJPY', 'GBPJPY', 'DE40', 
  SKIP gen_sb_range_fresh_cross_none_time_exit on AUDUSD H4: out_of_universe -- gen_sb_range_fresh_cross_none_time_exit declares universe ['EURUSD', 'GBPUSD', 'EURGBP', 'USDCHF', 'EURJPY', 'GBPJPY', 'DE40', 
  SKIP gen_sb_range_fresh_cross_none_time_exit on AUDUSD D1: out_of_universe -- gen_sb_range_fresh_cross_none_time_exit declares universe ['EURUSD', 'GBPUSD', 'EURGBP', 'USDCHF', 'EURJPY', 'GBPJPY', 'DE40', 
  SKIP gen_sb_range_fresh_cross_none_time_exit on DE40 D1: out_of_universe -- gen_sb_range_fresh_cross_none_time_exit declares universe ['EURUSD', 'GBPUSD', 'EURGBP', 'USDCHF', 'EURJPY', 'GBPJPY', 'DE40', 'U
  SKIP gen_sb_range_fresh_cross_none_time_exit on EURGBP D1: out_of_universe -- gen_sb_range_fresh_cross_none_time_exit declares universe ['EURUSD', 'GBPUSD', 'EURGBP', 'USDCHF', 'EURJPY', 'GBPJPY', 'DE40', 
  SKIP gen_sb_range_fresh_cross_none_time_exit on EURJPY D1: out_of_universe -- gen_sb_range_fresh_cross_none_time_exit declares universe ['EURUSD', 'GBPUSD', 'EURGBP', 'USDCHF', 'EURJPY', 'GBPJPY', 'DE40', 
  SKIP gen_sb_range_fresh_cross_none_time_exit on EURUSD D1: out_of_universe -- gen_sb_range_fresh_cross_none_time_exit declares universe ['EURUSD', 'GBPUSD', 'EURGBP', 'USDCHF', 'EURJPY', 'GBPJPY', 'DE40', 
  SKIP gen_sb_range_fresh_cross_none_time_exit on GBPJPY D1: out_of_universe -- gen_sb_range_fresh_cross_none_time_exit declares universe ['EURUSD', 'GBPUSD', 'EURGBP', 'USDCHF', 'EURJPY', 'GBPJPY', 'DE40', 
  SKIP gen_sb_range_fresh_cross_none_time_exit on GBPUSD D1: out_of_universe -- gen_sb_range_fresh_cross_none_time_exit declares universe ['EURUSD', 'GBPUSD', 'EURGBP', 'USDCHF', 'EURJPY', 'GBPJPY', 'DE40', 
  SKIP gen_sb_range_fresh_cross_none_time_exit on NZDUSD H4: out_of_universe -- gen_sb_range_fresh_cross_none_time_exit declares universe ['EURUSD', 'GBPUSD', 'EURGBP', 'USDCHF', 'EURJPY', 'GBPJPY', 'DE40', 
  SKIP gen_sb_range_fresh_cross_none_time_exit on NZDUSD D1: out_of_universe -- gen_sb_range_fresh_cross_none_time_exit declares universe ['EURUSD', 'GBPUSD', 'EURGBP', 'USDCHF', 'EURJPY', 'GBPJPY', 'DE40', 
  SKIP gen_sb_range_fresh_cross_none_time_exit on UK100 D1: out_of_universe -- gen_sb_range_fresh_cross_none_time_exit declares universe ['EURUSD', 'GBPUSD', 'EURGBP', 'USDCHF', 'EURJPY', 'GBPJPY', 'DE40', '
  SKIP gen_sb_range_fresh_cross_none_time_exit on US500 H4: out_of_universe -- gen_sb_range_fresh_cross_none_time_exit declares universe ['EURUSD', 'GBPUSD', 'EURGBP', 'USDCHF', 'EURJPY', 'GBPJPY', 'DE40', '
  SKIP gen_sb_range_fresh_cross_none_time_exit on US500 D1: out_of_universe -- gen_sb_range_fresh_cross_none_time_exit declares universe ['EURUSD', 'GBPUSD', 'EURGBP', 'USDCHF', 'EURJPY', 'GBPJPY', 'DE40', '
  SKIP gen_sb_range_fresh_cross_none_time_exit on USDCAD H4: out_of_universe -- gen_sb_range_fresh_cross_none_time_exit declares universe ['EURUSD', 'GBPUSD', 'EURGBP', 'USDCHF', 'EURJPY', 'GBPJPY', 'DE40', 
  SKIP gen_sb_range_fresh_cross_none_time_exit on USDCAD D1: out_of_universe -- gen_sb_range_fresh_cross_none_time_exit declares universe ['EURUSD', 'GBPUSD', 'EURGBP', 'USDCHF', 'EURJPY', 'GBPJPY', 'DE40', 
  SKIP gen_sb_range_fresh_cross_none_time_exit on USDCHF D1: out_of_universe -- gen_sb_range_fresh_cross_none_time_exit declares universe ['EURUSD', 'GBPUSD', 'EURGBP', 'USDCHF', 'EURJPY', 'GBPJPY', 'DE40', 
  SKIP gen_sb_range_fresh_cross_none_time_exit on USDJPY H4: out_of_universe -- gen_sb_range_fresh_cross_none_time_exit declares universe ['EURUSD', 'GBPUSD', 'EURGBP', 'USDCHF', 'EURJPY', 'GBPJPY', 'DE40', 
  SKIP gen_sb_range_fresh_cross_none_time_exit on USDJPY D1: out_of_universe -- gen_sb_range_fresh_cross_none_time_exit declares universe ['EURUSD', 'GBPUSD', 'EURGBP', 'USDCHF', 'EURJPY', 'GBPJPY', 'DE40', 
  SKIP gen_sb_range_fresh_cross_none_time_exit on XAGUSD H4: out_of_universe -- gen_sb_range_fresh_cross_none_time_exit declares universe ['EURUSD', 'GBPUSD', 'EURGBP', 'USDCHF', 'EURJPY', 'GBPJPY', 'DE40', 
  SKIP gen_sb_range_fresh_cross_none_time_exit on XAGUSD D1: out_of_universe -- gen_sb_range_fresh_cross_none_time_exit declares universe ['EURUSD', 'GBPUSD', 'EURGBP', 'USDCHF', 'EURJPY', 'GBPJPY', 'DE40', 
  SKIP gen_sb_range_fresh_cross_none_time_exit on XAUUSD H4: out_of_universe -- gen_sb_range_fresh_cross_none_time_exit declares universe ['EURUSD', 'GBPUSD', 'EURGBP', 'USDCHF', 'EURJPY', 'GBPJPY', 'DE40', 
  SKIP gen_sb_range_fresh_cross_none_time_exit on XAUUSD D1: out_of_universe -- gen_sb_range_fresh_cross_none_time_exit declares universe ['EURUSD', 'GBPUSD', 'EURGBP', 'USDCHF', 'EURJPY', 'GBPJPY', 'DE40', 
  SKIP gen_sb_range_fresh_cross_rvol_gate_tp_r on AUDJPY H4: out_of_universe -- gen_sb_range_fresh_cross_rvol_gate_tp_r declares universe ['EURUSD', 'GBPUSD', 'EURGBP', 'USDCHF', 'EURJPY', 'GBPJPY', 'DE40', 
  SKIP gen_sb_range_fresh_cross_rvol_gate_tp_r on AUDJPY D1: out_of_universe -- gen_sb_range_fresh_cross_rvol_gate_tp_r declares universe ['EURUSD', 'GBPUSD', 'EURGBP', 'USDCHF', 'EURJPY', 'GBPJPY', 'DE40', 
  SKIP gen_sb_range_fresh_cross_rvol_gate_tp_r on AUDUSD H4: out_of_universe -- gen_sb_range_fresh_cross_rvol_gate_tp_r declares universe ['EURUSD', 'GBPUSD', 'EURGBP', 'USDCHF', 'EURJPY', 'GBPJPY', 'DE40', 
  SKIP gen_sb_range_fresh_cross_rvol_gate_tp_r on AUDUSD D1: out_of_universe -- gen_sb_range_fresh_cross_rvol_gate_tp_r declares universe ['EURUSD', 'GBPUSD', 'EURGBP', 'USDCHF', 'EURJPY', 'GBPJPY', 'DE40', 
  SKIP gen_sb_range_fresh_cross_rvol_gate_tp_r on DE40 D1: out_of_universe -- gen_sb_range_fresh_cross_rvol_gate_tp_r declares universe ['EURUSD', 'GBPUSD', 'EURGBP', 'USDCHF', 'EURJPY', 'GBPJPY', 'DE40', 'U
  SKIP gen_sb_range_fresh_cross_rvol_gate_tp_r on EURGBP D1: out_of_universe -- gen_sb_range_fresh_cross_rvol_gate_tp_r declares universe ['EURUSD', 'GBPUSD', 'EURGBP', 'USDCHF', 'EURJPY', 'GBPJPY', 'DE40', 
  SKIP gen_sb_range_fresh_cross_rvol_gate_tp_r on EURJPY D1: out_of_universe -- gen_sb_range_fresh_cross_rvol_gate_tp_r declares universe ['EURUSD', 'GBPUSD', 'EURGBP', 'USDCHF', 'EURJPY', 'GBPJPY', 'DE40', 
  SKIP gen_sb_range_fresh_cross_rvol_gate_tp_r on EURUSD D1: out_of_universe -- gen_sb_range_fresh_cross_rvol_gate_tp_r declares universe ['EURUSD', 'GBPUSD', 'EURGBP', 'USDCHF', 'EURJPY', 'GBPJPY', 'DE40', 
  SKIP gen_sb_range_fresh_cross_rvol_gate_tp_r on GBPJPY D1: out_of_universe -- gen_sb_range_fresh_cross_rvol_gate_tp_r declares universe ['EURUSD', 'GBPUSD', 'EURGBP', 'USDCHF', 'EURJPY', 'GBPJPY', 'DE40', 
  SKIP gen_sb_range_fresh_cross_rvol_gate_tp_r on GBPUSD D1: out_of_universe -- gen_sb_range_fresh_cross_rvol_gate_tp_r declares universe ['EURUSD', 'GBPUSD', 'EURGBP', 'USDCHF', 'EURJPY', 'GBPJPY', 'DE40', 
  SKIP gen_sb_range_fresh_cross_rvol_gate_tp_r on NZDUSD H4: out_of_universe -- gen_sb_range_fresh_cross_rvol_gate_tp_r declares universe ['EURUSD', 'GBPUSD', 'EURGBP', 'USDCHF', 'EURJPY', 'GBPJPY', 'DE40', 
  SKIP gen_sb_range_fresh_cross_rvol_gate_tp_r on NZDUSD D1: out_of_universe -- gen_sb_range_fresh_cross_rvol_gate_tp_r declares universe ['EURUSD', 'GBPUSD', 'EURGBP', 'USDCHF', 'EURJPY', 'GBPJPY', 'DE40', 
  SKIP gen_sb_range_fresh_cross_rvol_gate_tp_r on UK100 D1: out_of_universe -- gen_sb_range_fresh_cross_rvol_gate_tp_r declares universe ['EURUSD', 'GBPUSD', 'EURGBP', 'USDCHF', 'EURJPY', 'GBPJPY', 'DE40', '
  SKIP gen_sb_range_fresh_cross_rvol_gate_tp_r on US500 H4: out_of_universe -- gen_sb_range_fresh_cross_rvol_gate_tp_r declares universe ['EURUSD', 'GBPUSD', 'EURGBP', 'USDCHF', 'EURJPY', 'GBPJPY', 'DE40', '
  SKIP gen_sb_range_fresh_cross_rvol_gate_tp_r on US500 D1: out_of_universe -- gen_sb_range_fresh_cross_rvol_gate_tp_r declares universe ['EURUSD', 'GBPUSD', 'EURGBP', 'USDCHF', 'EURJPY', 'GBPJPY', 'DE40', '
  SKIP gen_sb_range_fresh_cross_rvol_gate_tp_r on USDCAD H4: out_of_universe -- gen_sb_range_fresh_cross_rvol_gate_tp_r declares universe ['EURUSD', 'GBPUSD', 'EURGBP', 'USDCHF', 'EURJPY', 'GBPJPY', 'DE40', 
  SKIP gen_sb_range_fresh_cross_rvol_gate_tp_r on USDCAD D1: out_of_universe -- gen_sb_range_fresh_cross_rvol_gate_tp_r declares universe ['EURUSD', 'GBPUSD', 'EURGBP', 'USDCHF', 'EURJPY', 'GBPJPY', 'DE40', 
  SKIP gen_sb_range_fresh_cross_rvol_gate_tp_r on USDCHF D1: out_of_universe -- gen_sb_range_fresh_cross_rvol_gate_tp_r declares universe ['EURUSD', 'GBPUSD', 'EURGBP', 'USDCHF', 'EURJPY', 'GBPJPY', 'DE40', 
  SKIP gen_sb_range_fresh_cross_rvol_gate_tp_r on USDJPY H4: out_of_universe -- gen_sb_range_fresh_cross_rvol_gate_tp_r declares universe ['EURUSD', 'GBPUSD', 'EURGBP', 'USDCHF', 'EURJPY', 'GBPJPY', 'DE40', 
  SKIP gen_sb_range_fresh_cross_rvol_gate_tp_r on USDJPY D1: out_of_universe -- gen_sb_range_fresh_cross_rvol_gate_tp_r declares universe ['EURUSD', 'GBPUSD', 'EURGBP', 'USDCHF', 'EURJPY', 'GBPJPY', 'DE40', 
  SKIP gen_sb_range_fresh_cross_rvol_gate_tp_r on XAGUSD H4: out_of_universe -- gen_sb_range_fresh_cross_rvol_gate_tp_r declares universe ['EURUSD', 'GBPUSD', 'EURGBP', 'USDCHF', 'EURJPY', 'GBPJPY', 'DE40', 
  SKIP gen_sb_range_fresh_cross_rvol_gate_tp_r on XAGUSD D1: out_of_universe -- gen_sb_range_fresh_cross_rvol_gate_tp_r declares universe ['EURUSD', 'GBPUSD', 'EURGBP', 'USDCHF', 'EURJPY', 'GBPJPY', 'DE40', 
  SKIP gen_sb_range_fresh_cross_rvol_gate_tp_r on XAUUSD H4: out_of_universe -- gen_sb_range_fresh_cross_rvol_gate_tp_r declares universe ['EURUSD', 'GBPUSD', 'EURGBP', 'USDCHF', 'EURJPY', 'GBPJPY', 'DE40', 
  SKIP gen_sb_range_fresh_cross_rvol_gate_tp_r on XAUUSD D1: out_of_universe -- gen_sb_range_fresh_cross_rvol_gate_tp_r declares universe ['EURUSD', 'GBPUSD', 'EURGBP', 'USDCHF', 'EURJPY', 'GBPJPY', 'DE40', 
  SKIP gen_sb_range_fresh_cross_session_swing_tp_long on AUDJPY H4: out_of_universe -- gen_sb_range_fresh_cross_session_swing_tp_long declares universe ['EURUSD', 'GBPUSD', 'EURGBP', 'USDCHF', 'EURJPY', 'GBP
  SKIP gen_sb_range_fresh_cross_session_swing_tp_long on AUDJPY D1: out_of_universe -- gen_sb_range_fresh_cross_session_swing_tp_long declares universe ['EURUSD', 'GBPUSD', 'EURGBP', 'USDCHF', 'EURJPY', 'GBP
  SKIP gen_sb_range_fresh_cross_session_swing_tp_long on AUDUSD H4: out_of_universe -- gen_sb_range_fresh_cross_session_swing_tp_long declares universe ['EURUSD', 'GBPUSD', 'EURGBP', 'USDCHF', 'EURJPY', 'GBP
  SKIP gen_sb_range_fresh_cross_session_swing_tp_long on AUDUSD D1: out_of_universe -- gen_sb_range_fresh_cross_session_swing_tp_long declares universe ['EURUSD', 'GBPUSD', 'EURGBP', 'USDCHF', 'EURJPY', 'GBP
  SKIP gen_sb_range_fresh_cross_session_swing_tp_long on DE40 D1: out_of_universe -- gen_sb_range_fresh_cross_session_swing_tp_long declares universe ['EURUSD', 'GBPUSD', 'EURGBP', 'USDCHF', 'EURJPY', 'GBPJP
  SKIP gen_sb_range_fresh_cross_session_swing_tp_long on EURGBP D1: out_of_universe -- gen_sb_range_fresh_cross_session_swing_tp_long declares universe ['EURUSD', 'GBPUSD', 'EURGBP', 'USDCHF', 'EURJPY', 'GBP
  SKIP gen_sb_range_fresh_cross_session_swing_tp_long on EURJPY D1: out_of_universe -- gen_sb_range_fresh_cross_session_swing_tp_long declares universe ['EURUSD', 'GBPUSD', 'EURGBP', 'USDCHF', 'EURJPY', 'GBP
  SKIP gen_sb_range_fresh_cross_session_swing_tp_long on EURUSD D1: out_of_universe -- gen_sb_range_fresh_cross_session_swing_tp_long declares universe ['EURUSD', 'GBPUSD', 'EURGBP', 'USDCHF', 'EURJPY', 'GBP
  SKIP gen_sb_range_fresh_cross_session_swing_tp_long on GBPJPY D1: out_of_universe -- gen_sb_range_fresh_cross_session_swing_tp_long declares universe ['EURUSD', 'GBPUSD', 'EURGBP', 'USDCHF', 'EURJPY', 'GBP
  SKIP gen_sb_range_fresh_cross_session_swing_tp_long on GBPUSD D1: out_of_universe -- gen_sb_range_fresh_cross_session_swing_tp_long declares universe ['EURUSD', 'GBPUSD', 'EURGBP', 'USDCHF', 'EURJPY', 'GBP
  SKIP gen_sb_range_fresh_cross_session_swing_tp_long on NZDUSD H4: out_of_universe -- gen_sb_range_fresh_cross_session_swing_tp_long declares universe ['EURUSD', 'GBPUSD', 'EURGBP', 'USDCHF', 'EURJPY', 'GBP
  SKIP gen_sb_range_fresh_cross_session_swing_tp_long on NZDUSD D1: out_of_universe -- gen_sb_range_fresh_cross_session_swing_tp_long declares universe ['EURUSD', 'GBPUSD', 'EURGBP', 'USDCHF', 'EURJPY', 'GBP
  SKIP gen_sb_range_fresh_cross_session_swing_tp_long on UK100 D1: out_of_universe -- gen_sb_range_fresh_cross_session_swing_tp_long declares universe ['EURUSD', 'GBPUSD', 'EURGBP', 'USDCHF', 'EURJPY', 'GBPJ
  SKIP gen_sb_range_fresh_cross_session_swing_tp_long on US500 H4: out_of_universe -- gen_sb_range_fresh_cross_session_swing_tp_long declares universe ['EURUSD', 'GBPUSD', 'EURGBP', 'USDCHF', 'EURJPY', 'GBPJ
  SKIP gen_sb_range_fresh_cross_session_swing_tp_long on US500 D1: out_of_universe -- gen_sb_range_fresh_cross_session_swing_tp_long declares universe ['EURUSD', 'GBPUSD', 'EURGBP', 'USDCHF', 'EURJPY', 'GBPJ
  SKIP gen_sb_range_fresh_cross_session_swing_tp_long on USDCAD H4: out_of_universe -- gen_sb_range_fresh_cross_session_swing_tp_long declares universe ['EURUSD', 'GBPUSD', 'EURGBP', 'USDCHF', 'EURJPY', 'GBP
  SKIP gen_sb_range_fresh_cross_session_swing_tp_long on USDCAD D1: out_of_universe -- gen_sb_range_fresh_cross_session_swing_tp_long declares universe ['EURUSD', 'GBPUSD', 'EURGBP', 'USDCHF', 'EURJPY', 'GBP
  SKIP gen_sb_range_fresh_cross_session_swing_tp_long on USDCHF D1: out_of_universe -- gen_sb_range_fresh_cross_session_swing_tp_long declares universe ['EURUSD', 'GBPUSD', 'EURGBP', 'USDCHF', 'EURJPY', 'GBP
  SKIP gen_sb_range_fresh_cross_session_swing_tp_long on USDJPY H4: out_of_universe -- gen_sb_range_fresh_cross_session_swing_tp_long declares universe ['EURUSD', 'GBPUSD', 'EURGBP', 'USDCHF', 'EURJPY', 'GBP
  SKIP gen_sb_range_fresh_cross_session_swing_tp_long on USDJPY D1: out_of_universe -- gen_sb_range_fresh_cross_session_swing_tp_long declares universe ['EURUSD', 'GBPUSD', 'EURGBP', 'USDCHF', 'EURJPY', 'GBP
  SKIP gen_sb_range_fresh_cross_session_swing_tp_long on XAGUSD H4: out_of_universe -- gen_sb_range_fresh_cross_session_swing_tp_long declares universe ['EURUSD', 'GBPUSD', 'EURGBP', 'USDCHF', 'EURJPY', 'GBP
  SKIP gen_sb_range_fresh_cross_session_swing_tp_long on XAGUSD D1: out_of_universe -- gen_sb_range_fresh_cross_session_swing_tp_long declares universe ['EURUSD', 'GBPUSD', 'EURGBP', 'USDCHF', 'EURJPY', 'GBP
  SKIP gen_sb_range_fresh_cross_session_swing_tp_long on XAUUSD H4: out_of_universe -- gen_sb_range_fresh_cross_session_swing_tp_long declares universe ['EURUSD', 'GBPUSD', 'EURGBP', 'USDCHF', 'EURJPY', 'GBP
  SKIP gen_sb_range_fresh_cross_session_swing_tp_long on XAUUSD D1: out_of_universe -- gen_sb_range_fresh_cross_session_swing_tp_long declares universe ['EURUSD', 'GBPUSD', 'EURGBP', 'USDCHF', 'EURJPY', 'GBP
  SKIP gen_sb_range_fresh_cross_session_time_exit on AUDJPY H4: out_of_universe -- gen_sb_range_fresh_cross_session_time_exit declares universe ['EURUSD', 'GBPUSD', 'EURGBP', 'USDCHF', 'EURJPY', 'GBPJPY', 'D
  SKIP gen_sb_range_fresh_cross_session_time_exit on AUDJPY D1: out_of_universe -- gen_sb_range_fresh_cross_session_time_exit declares universe ['EURUSD', 'GBPUSD', 'EURGBP', 'USDCHF', 'EURJPY', 'GBPJPY', 'D
  SKIP gen_sb_range_fresh_cross_session_time_exit on AUDUSD H4: out_of_universe -- gen_sb_range_fresh_cross_session_time_exit declares universe ['EURUSD', 'GBPUSD', 'EURGBP', 'USDCHF', 'EURJPY', 'GBPJPY', 'D
  SKIP gen_sb_range_fresh_cross_session_time_exit on AUDUSD D1: out_of_universe -- gen_sb_range_fresh_cross_session_time_exit declares universe ['EURUSD', 'GBPUSD', 'EURGBP', 'USDCHF', 'EURJPY', 'GBPJPY', 'D
  SKIP gen_sb_range_fresh_cross_session_time_exit on DE40 D1: out_of_universe -- gen_sb_range_fresh_cross_session_time_exit declares universe ['EURUSD', 'GBPUSD', 'EURGBP', 'USDCHF', 'EURJPY', 'GBPJPY', 'DE4
  SKIP gen_sb_range_fresh_cross_session_time_exit on EURGBP D1: out_of_universe -- gen_sb_range_fresh_cross_session_time_exit declares universe ['EURUSD', 'GBPUSD', 'EURGBP', 'USDCHF', 'EURJPY', 'GBPJPY', 'D
  SKIP gen_sb_range_fresh_cross_session_time_exit on EURJPY D1: out_of_universe -- gen_sb_range_fresh_cross_session_time_exit declares universe ['EURUSD', 'GBPUSD', 'EURGBP', 'USDCHF', 'EURJPY', 'GBPJPY', 'D
  SKIP gen_sb_range_fresh_cross_session_time_exit on EURUSD D1: out_of_universe -- gen_sb_range_fresh_cross_session_time_exit declares universe ['EURUSD', 'GBPUSD', 'EURGBP', 'USDCHF', 'EURJPY', 'GBPJPY', 'D
  SKIP gen_sb_range_fresh_cross_session_time_exit on GBPJPY D1: out_of_universe -- gen_sb_range_fresh_cross_session_time_exit declares universe ['EURUSD', 'GBPUSD', 'EURGBP', 'USDCHF', 'EURJPY', 'GBPJPY', 'D
  SKIP gen_sb_range_fresh_cross_session_time_exit on GBPUSD D1: out_of_universe -- gen_sb_range_fresh_cross_session_time_exit declares universe ['EURUSD', 'GBPUSD', 'EURGBP', 'USDCHF', 'EURJPY', 'GBPJPY', 'D
  SKIP gen_sb_range_fresh_cross_session_time_exit on NZDUSD H4: out_of_universe -- gen_sb_range_fresh_cross_session_time_exit declares universe ['EURUSD', 'GBPUSD', 'EURGBP', 'USDCHF', 'EURJPY', 'GBPJPY', 'D
  SKIP gen_sb_range_fresh_cross_session_time_exit on NZDUSD D1: out_of_universe -- gen_sb_range_fresh_cross_session_time_exit declares universe ['EURUSD', 'GBPUSD', 'EURGBP', 'USDCHF', 'EURJPY', 'GBPJPY', 'D
  SKIP gen_sb_range_fresh_cross_session_time_exit on UK100 D1: out_of_universe -- gen_sb_range_fresh_cross_session_time_exit declares universe ['EURUSD', 'GBPUSD', 'EURGBP', 'USDCHF', 'EURJPY', 'GBPJPY', 'DE
  SKIP gen_sb_range_fresh_cross_session_time_exit on US500 H4: out_of_universe -- gen_sb_range_fresh_cross_session_time_exit declares universe ['EURUSD', 'GBPUSD', 'EURGBP', 'USDCHF', 'EURJPY', 'GBPJPY', 'DE
  SKIP gen_sb_range_fresh_cross_session_time_exit on US500 D1: out_of_universe -- gen_sb_range_fresh_cross_session_time_exit declares universe ['EURUSD', 'GBPUSD', 'EURGBP', 'USDCHF', 'EURJPY', 'GBPJPY', 'DE
  SKIP gen_sb_range_fresh_cross_session_time_exit on USDCAD H4: out_of_universe -- gen_sb_range_fresh_cross_session_time_exit declares universe ['EURUSD', 'GBPUSD', 'EURGBP', 'USDCHF', 'EURJPY', 'GBPJPY', 'D
  SKIP gen_sb_range_fresh_cross_session_time_exit on USDCAD D1: out_of_universe -- gen_sb_range_fresh_cross_session_time_exit declares universe ['EURUSD', 'GBPUSD', 'EURGBP', 'USDCHF', 'EURJPY', 'GBPJPY', 'D
  SKIP gen_sb_range_fresh_cross_session_time_exit on USDCHF D1: out_of_universe -- gen_sb_range_fresh_cross_session_time_exit declares universe ['EURUSD', 'GBPUSD', 'EURGBP', 'USDCHF', 'EURJPY', 'GBPJPY', 'D
  SKIP gen_sb_range_fresh_cross_session_time_exit on USDJPY H4: out_of_universe -- gen_sb_range_fresh_cross_session_time_exit declares universe ['EURUSD', 'GBPUSD', 'EURGBP', 'USDCHF', 'EURJPY', 'GBPJPY', 'D
  SKIP gen_sb_range_fresh_cross_session_time_exit on USDJPY D1: out_of_universe -- gen_sb_range_fresh_cross_session_time_exit declares universe ['EURUSD', 'GBPUSD', 'EURGBP', 'USDCHF', 'EURJPY', 'GBPJPY', 'D
  SKIP gen_sb_range_fresh_cross_session_time_exit on XAGUSD H4: out_of_universe -- gen_sb_range_fresh_cross_session_time_exit declares universe ['EURUSD', 'GBPUSD', 'EURGBP', 'USDCHF', 'EURJPY', 'GBPJPY', 'D
  SKIP gen_sb_range_fresh_cross_session_time_exit on XAGUSD D1: out_of_universe -- gen_sb_range_fresh_cross_session_time_exit declares universe ['EURUSD', 'GBPUSD', 'EURGBP', 'USDCHF', 'EURJPY', 'GBPJPY', 'D
  SKIP gen_sb_range_fresh_cross_session_time_exit on XAUUSD H4: out_of_universe -- gen_sb_range_fresh_cross_session_time_exit declares universe ['EURUSD', 'GBPUSD', 'EURGBP', 'USDCHF', 'EURJPY', 'GBPJPY', 'D
  SKIP gen_sb_range_fresh_cross_session_time_exit on XAUUSD D1: out_of_universe -- gen_sb_range_fresh_cross_session_time_exit declares universe ['EURUSD', 'GBPUSD', 'EURGBP', 'USDCHF', 'EURJPY', 'GBPJPY', 'D
  SKIP gen_tp_ema_recross_rvol_gate_trail on AUDJPY H4: out_of_universe -- gen_tp_ema_recross_rvol_gate_trail declares universe ['EURUSD', 'GBPUSD', 'USDJPY', 'AUDUSD', 'USDCAD', 'USDCHF', 'NZDUSD', 'EURJPY'
  SKIP gen_tp_ema_recross_rvol_gate_trail on AUDJPY D1: out_of_universe -- gen_tp_ema_recross_rvol_gate_trail declares universe ['EURUSD', 'GBPUSD', 'USDJPY', 'AUDUSD', 'USDCAD', 'USDCHF', 'NZDUSD', 'EURJPY'
  SKIP gen_tp_ema_recross_rvol_gate_trail on EURGBP H4: out_of_universe -- gen_tp_ema_recross_rvol_gate_trail declares universe ['EURUSD', 'GBPUSD', 'USDJPY', 'AUDUSD', 'USDCAD', 'USDCHF', 'NZDUSD', 'EURJPY'
  SKIP gen_tp_ema_recross_rvol_gate_trail on EURGBP D1: out_of_universe -- gen_tp_ema_recross_rvol_gate_trail declares universe ['EURUSD', 'GBPUSD', 'USDJPY', 'AUDUSD', 'USDCAD', 'USDCHF', 'NZDUSD', 'EURJPY'
  SKIP gen_tp_ema_recross_session_trail on AUDJPY H4: out_of_universe -- gen_tp_ema_recross_session_trail declares universe ['EURUSD', 'GBPUSD', 'USDJPY', 'AUDUSD', 'USDCAD', 'USDCHF', 'NZDUSD', 'EURJPY', 'G
  SKIP gen_tp_ema_recross_session_trail on AUDJPY D1: out_of_universe -- gen_tp_ema_recross_session_trail declares universe ['EURUSD', 'GBPUSD', 'USDJPY', 'AUDUSD', 'USDCAD', 'USDCHF', 'NZDUSD', 'EURJPY', 'G
  SKIP gen_tp_ema_recross_session_trail on AUDUSD D1: out_of_universe -- gen_tp_ema_recross_session_trail declares universe ['EURUSD', 'GBPUSD', 'USDJPY', 'AUDUSD', 'USDCAD', 'USDCHF', 'NZDUSD', 'EURJPY', 'G
  SKIP gen_tp_ema_recross_session_trail on DE40 D1: out_of_universe -- gen_tp_ema_recross_session_trail declares universe ['EURUSD', 'GBPUSD', 'USDJPY', 'AUDUSD', 'USDCAD', 'USDCHF', 'NZDUSD', 'EURJPY', 'GBP
  SKIP gen_tp_ema_recross_session_trail on EURGBP H4: out_of_universe -- gen_tp_ema_recross_session_trail declares universe ['EURUSD', 'GBPUSD', 'USDJPY', 'AUDUSD', 'USDCAD', 'USDCHF', 'NZDUSD', 'EURJPY', 'G
  SKIP gen_tp_ema_recross_session_trail on EURGBP D1: out_of_universe -- gen_tp_ema_recross_session_trail declares universe ['EURUSD', 'GBPUSD', 'USDJPY', 'AUDUSD', 'USDCAD', 'USDCHF', 'NZDUSD', 'EURJPY', 'G
  SKIP gen_tp_ema_recross_session_trail on EURJPY D1: out_of_universe -- gen_tp_ema_recross_session_trail declares universe ['EURUSD', 'GBPUSD', 'USDJPY', 'AUDUSD', 'USDCAD', 'USDCHF', 'NZDUSD', 'EURJPY', 'G
  SKIP gen_tp_ema_recross_session_trail on EURUSD D1: out_of_universe -- gen_tp_ema_recross_session_trail declares universe ['EURUSD', 'GBPUSD', 'USDJPY', 'AUDUSD', 'USDCAD', 'USDCHF', 'NZDUSD', 'EURJPY', 'G
  SKIP gen_tp_ema_recross_session_trail on GBPJPY D1: out_of_universe -- gen_tp_ema_recross_session_trail declares universe ['EURUSD', 'GBPUSD', 'USDJPY', 'AUDUSD', 'USDCAD', 'USDCHF', 'NZDUSD', 'EURJPY', 'G
  SKIP gen_tp_ema_recross_session_trail on GBPUSD D1: out_of_universe -- gen_tp_ema_recross_session_trail declares universe ['EURUSD', 'GBPUSD', 'USDJPY', 'AUDUSD', 'USDCAD', 'USDCHF', 'NZDUSD', 'EURJPY', 'G
  SKIP gen_tp_ema_recross_session_trail on NZDUSD D1: out_of_universe -- gen_tp_ema_recross_session_trail declares universe ['EURUSD', 'GBPUSD', 'USDJPY', 'AUDUSD', 'USDCAD', 'USDCHF', 'NZDUSD', 'EURJPY', 'G
  SKIP gen_tp_ema_recross_session_trail on UK100 D1: out_of_universe -- gen_tp_ema_recross_session_trail declares universe ['EURUSD', 'GBPUSD', 'USDJPY', 'AUDUSD', 'USDCAD', 'USDCHF', 'NZDUSD', 'EURJPY', 'GB
  SKIP gen_tp_ema_recross_session_trail on US500 D1: out_of_universe -- gen_tp_ema_recross_session_trail declares universe ['EURUSD', 'GBPUSD', 'USDJPY', 'AUDUSD', 'USDCAD', 'USDCHF', 'NZDUSD', 'EURJPY', 'GB
  SKIP gen_tp_ema_recross_session_trail on USDCAD D1: out_of_universe -- gen_tp_ema_recross_session_trail declares universe ['EURUSD', 'GBPUSD', 'USDJPY', 'AUDUSD', 'USDCAD', 'USDCHF', 'NZDUSD', 'EURJPY', 'G
  SKIP gen_tp_ema_recross_session_trail on USDCHF D1: out_of_universe -- gen_tp_ema_recross_session_trail declares universe ['EURUSD', 'GBPUSD', 'USDJPY', 'AUDUSD', 'USDCAD', 'USDCHF', 'NZDUSD', 'EURJPY', 'G
  SKIP gen_tp_ema_recross_session_trail on USDJPY D1: out_of_universe -- gen_tp_ema_recross_session_trail declares universe ['EURUSD', 'GBPUSD', 'USDJPY', 'AUDUSD', 'USDCAD', 'USDCHF', 'NZDUSD', 'EURJPY', 'G
  SKIP gen_tp_ema_recross_session_trail on XAGUSD D1: out_of_universe -- gen_tp_ema_recross_session_trail declares universe ['EURUSD', 'GBPUSD', 'USDJPY', 'AUDUSD', 'USDCAD', 'USDCHF', 'NZDUSD', 'EURJPY', 'G
  SKIP gen_tp_ema_recross_session_trail on XAUUSD D1: out_of_universe -- gen_tp_ema_recross_session_trail declares universe ['EURUSD', 'GBPUSD', 'USDJPY', 'AUDUSD', 'USDCAD', 'USDCHF', 'NZDUSD', 'EURJPY', 'G
  SKIP gen_tp_kc_recross_adx_gate_swing_tp_short on AUDJPY H4: out_of_universe -- gen_tp_kc_recross_adx_gate_swing_tp_short declares universe ['EURUSD', 'GBPUSD', 'USDJPY', 'AUDUSD', 'USDCAD', 'USDCHF', 'NZD
  SKIP gen_tp_kc_recross_adx_gate_swing_tp_short on AUDJPY D1: out_of_universe -- gen_tp_kc_recross_adx_gate_swing_tp_short declares universe ['EURUSD', 'GBPUSD', 'USDJPY', 'AUDUSD', 'USDCAD', 'USDCHF', 'NZD
  SKIP gen_tp_kc_recross_adx_gate_swing_tp_short on EURGBP H4: out_of_universe -- gen_tp_kc_recross_adx_gate_swing_tp_short declares universe ['EURUSD', 'GBPUSD', 'USDJPY', 'AUDUSD', 'USDCAD', 'USDCHF', 'NZD
  SKIP gen_tp_kc_recross_adx_gate_swing_tp_short on EURGBP D1: out_of_universe -- gen_tp_kc_recross_adx_gate_swing_tp_short declares universe ['EURUSD', 'GBPUSD', 'USDJPY', 'AUDUSD', 'USDCAD', 'USDCHF', 'NZD
  SKIP gen_tp_kc_recross_none_swing_tp_long on AUDJPY H4: out_of_universe -- gen_tp_kc_recross_none_swing_tp_long declares universe ['EURUSD', 'GBPUSD', 'USDJPY', 'AUDUSD', 'USDCAD', 'USDCHF', 'NZDUSD', 'EUR
  SKIP gen_tp_kc_recross_none_swing_tp_long on AUDJPY D1: out_of_universe -- gen_tp_kc_recross_none_swing_tp_long declares universe ['EURUSD', 'GBPUSD', 'USDJPY', 'AUDUSD', 'USDCAD', 'USDCHF', 'NZDUSD', 'EUR
  SKIP gen_tp_kc_recross_none_swing_tp_long on EURGBP H4: out_of_universe -- gen_tp_kc_recross_none_swing_tp_long declares universe ['EURUSD', 'GBPUSD', 'USDJPY', 'AUDUSD', 'USDCAD', 'USDCHF', 'NZDUSD', 'EUR
  SKIP gen_tp_kc_recross_none_swing_tp_long on EURGBP D1: out_of_universe -- gen_tp_kc_recross_none_swing_tp_long declares universe ['EURUSD', 'GBPUSD', 'USDJPY', 'AUDUSD', 'USDCAD', 'USDCHF', 'NZDUSD', 'EUR
  SKIP gen_tp_kc_recross_none_time_exit on AUDJPY H4: out_of_universe -- gen_tp_kc_recross_none_time_exit declares universe ['EURUSD', 'GBPUSD', 'USDJPY', 'AUDUSD', 'USDCAD', 'USDCHF', 'NZDUSD', 'EURJPY', 'G
  SKIP gen_tp_kc_recross_none_time_exit on AUDJPY D1: out_of_universe -- gen_tp_kc_recross_none_time_exit declares universe ['EURUSD', 'GBPUSD', 'USDJPY', 'AUDUSD', 'USDCAD', 'USDCHF', 'NZDUSD', 'EURJPY', 'G
  SKIP gen_tp_kc_recross_none_time_exit on EURGBP H4: out_of_universe -- gen_tp_kc_recross_none_time_exit declares universe ['EURUSD', 'GBPUSD', 'USDJPY', 'AUDUSD', 'USDCAD', 'USDCHF', 'NZDUSD', 'EURJPY', 'G
  SKIP gen_tp_kc_recross_none_time_exit on EURGBP D1: out_of_universe -- gen_tp_kc_recross_none_time_exit declares universe ['EURUSD', 'GBPUSD', 'USDJPY', 'AUDUSD', 'USDCAD', 'USDCHF', 'NZDUSD', 'EURJPY', 'G
  SKIP gen_tp_kc_recross_none_trail on AUDJPY H4: out_of_universe -- gen_tp_kc_recross_none_trail declares universe ['EURUSD', 'GBPUSD', 'USDJPY', 'AUDUSD', 'USDCAD', 'USDCHF', 'NZDUSD', 'EURJPY', 'GBPJPY', 
  SKIP gen_tp_kc_recross_none_trail on AUDJPY D1: out_of_universe -- gen_tp_kc_recross_none_trail declares universe ['EURUSD', 'GBPUSD', 'USDJPY', 'AUDUSD', 'USDCAD', 'USDCHF', 'NZDUSD', 'EURJPY', 'GBPJPY', 
  SKIP gen_tp_kc_recross_none_trail on EURGBP H4: out_of_universe -- gen_tp_kc_recross_none_trail declares universe ['EURUSD', 'GBPUSD', 'USDJPY', 'AUDUSD', 'USDCAD', 'USDCHF', 'NZDUSD', 'EURJPY', 'GBPJPY', 
  SKIP gen_tp_kc_recross_none_trail on EURGBP D1: out_of_universe -- gen_tp_kc_recross_none_trail declares universe ['EURUSD', 'GBPUSD', 'USDJPY', 'AUDUSD', 'USDCAD', 'USDCHF', 'NZDUSD', 'EURJPY', 'GBPJPY', 
  SKIP gen_tp_kc_recross_rvol_gate_time_exit on AUDJPY H4: out_of_universe -- gen_tp_kc_recross_rvol_gate_time_exit declares universe ['EURUSD', 'GBPUSD', 'USDJPY', 'AUDUSD', 'USDCAD', 'USDCHF', 'NZDUSD', 'E
  SKIP gen_tp_kc_recross_rvol_gate_time_exit on AUDJPY D1: out_of_universe -- gen_tp_kc_recross_rvol_gate_time_exit declares universe ['EURUSD', 'GBPUSD', 'USDJPY', 'AUDUSD', 'USDCAD', 'USDCHF', 'NZDUSD', 'E
  SKIP gen_tp_kc_recross_rvol_gate_time_exit on EURGBP H4: out_of_universe -- gen_tp_kc_recross_rvol_gate_time_exit declares universe ['EURUSD', 'GBPUSD', 'USDJPY', 'AUDUSD', 'USDCAD', 'USDCHF', 'NZDUSD', 'E
  SKIP gen_tp_kc_recross_rvol_gate_time_exit on EURGBP D1: out_of_universe -- gen_tp_kc_recross_rvol_gate_time_exit declares universe ['EURUSD', 'GBPUSD', 'USDJPY', 'AUDUSD', 'USDCAD', 'USDCHF', 'NZDUSD', 'E
  SKIP gen_tp_kc_recross_session_trail on AUDJPY H4: out_of_universe -- gen_tp_kc_recross_session_trail declares universe ['EURUSD', 'GBPUSD', 'USDJPY', 'AUDUSD', 'USDCAD', 'USDCHF', 'NZDUSD', 'EURJPY', 'GBP
  SKIP gen_tp_kc_recross_session_trail on AUDJPY D1: out_of_universe -- gen_tp_kc_recross_session_trail declares universe ['EURUSD', 'GBPUSD', 'USDJPY', 'AUDUSD', 'USDCAD', 'USDCHF', 'NZDUSD', 'EURJPY', 'GBP
  SKIP gen_tp_kc_recross_session_trail on AUDUSD D1: out_of_universe -- gen_tp_kc_recross_session_trail declares universe ['EURUSD', 'GBPUSD', 'USDJPY', 'AUDUSD', 'USDCAD', 'USDCHF', 'NZDUSD', 'EURJPY', 'GBP
  SKIP gen_tp_kc_recross_session_trail on DE40 D1: out_of_universe -- gen_tp_kc_recross_session_trail declares universe ['EURUSD', 'GBPUSD', 'USDJPY', 'AUDUSD', 'USDCAD', 'USDCHF', 'NZDUSD', 'EURJPY', 'GBPJP
  SKIP gen_tp_kc_recross_session_trail on EURGBP H4: out_of_universe -- gen_tp_kc_recross_session_trail declares universe ['EURUSD', 'GBPUSD', 'USDJPY', 'AUDUSD', 'USDCAD', 'USDCHF', 'NZDUSD', 'EURJPY', 'GBP
  SKIP gen_tp_kc_recross_session_trail on EURGBP D1: out_of_universe -- gen_tp_kc_recross_session_trail declares universe ['EURUSD', 'GBPUSD', 'USDJPY', 'AUDUSD', 'USDCAD', 'USDCHF', 'NZDUSD', 'EURJPY', 'GBP
  SKIP gen_tp_kc_recross_session_trail on EURJPY D1: out_of_universe -- gen_tp_kc_recross_session_trail declares universe ['EURUSD', 'GBPUSD', 'USDJPY', 'AUDUSD', 'USDCAD', 'USDCHF', 'NZDUSD', 'EURJPY', 'GBP
  SKIP gen_tp_kc_recross_session_trail on EURUSD D1: out_of_universe -- gen_tp_kc_recross_session_trail declares universe ['EURUSD', 'GBPUSD', 'USDJPY', 'AUDUSD', 'USDCAD', 'USDCHF', 'NZDUSD', 'EURJPY', 'GBP
  SKIP gen_tp_kc_recross_session_trail on GBPJPY D1: out_of_universe -- gen_tp_kc_recross_session_trail declares universe ['EURUSD', 'GBPUSD', 'USDJPY', 'AUDUSD', 'USDCAD', 'USDCHF', 'NZDUSD', 'EURJPY', 'GBP
  SKIP gen_tp_kc_recross_session_trail on GBPUSD D1: out_of_universe -- gen_tp_kc_recross_session_trail declares universe ['EURUSD', 'GBPUSD', 'USDJPY', 'AUDUSD', 'USDCAD', 'USDCHF', 'NZDUSD', 'EURJPY', 'GBP
  SKIP gen_tp_kc_recross_session_trail on NZDUSD D1: out_of_universe -- gen_tp_kc_recross_session_trail declares universe ['EURUSD', 'GBPUSD', 'USDJPY', 'AUDUSD', 'USDCAD', 'USDCHF', 'NZDUSD', 'EURJPY', 'GBP
  SKIP gen_tp_kc_recross_session_trail on UK100 D1: out_of_universe -- gen_tp_kc_recross_session_trail declares universe ['EURUSD', 'GBPUSD', 'USDJPY', 'AUDUSD', 'USDCAD', 'USDCHF', 'NZDUSD', 'EURJPY', 'GBPJ
  SKIP gen_tp_kc_recross_session_trail on US500 D1: out_of_universe -- gen_tp_kc_recross_session_trail declares universe ['EURUSD', 'GBPUSD', 'USDJPY', 'AUDUSD', 'USDCAD', 'USDCHF', 'NZDUSD', 'EURJPY', 'GBPJ
  SKIP gen_tp_kc_recross_session_trail on USDCAD D1: out_of_universe -- gen_tp_kc_recross_session_trail declares universe ['EURUSD', 'GBPUSD', 'USDJPY', 'AUDUSD', 'USDCAD', 'USDCHF', 'NZDUSD', 'EURJPY', 'GBP
  SKIP gen_tp_kc_recross_session_trail on USDCHF D1: out_of_universe -- gen_tp_kc_recross_session_trail declares universe ['EURUSD', 'GBPUSD', 'USDJPY', 'AUDUSD', 'USDCAD', 'USDCHF', 'NZDUSD', 'EURJPY', 'GBP
  SKIP gen_tp_kc_recross_session_trail on USDJPY D1: out_of_universe -- gen_tp_kc_recross_session_trail declares universe ['EURUSD', 'GBPUSD', 'USDJPY', 'AUDUSD', 'USDCAD', 'USDCHF', 'NZDUSD', 'EURJPY', 'GBP
  SKIP gen_tp_kc_recross_session_trail on XAGUSD D1: out_of_universe -- gen_tp_kc_recross_session_trail declares universe ['EURUSD', 'GBPUSD', 'USDJPY', 'AUDUSD', 'USDCAD', 'USDCHF', 'NZDUSD', 'EURJPY', 'GBP
  SKIP gen_tp_kc_recross_session_trail on XAUUSD D1: out_of_universe -- gen_tp_kc_recross_session_trail declares universe ['EURUSD', 'GBPUSD', 'USDJPY', 'AUDUSD', 'USDCAD', 'USDCHF', 'NZDUSD', 'EURJPY', 'GBP
  SKIP gen_tp_sma_recross_adx_gate_swing_tp_long on AUDJPY H4: out_of_universe -- gen_tp_sma_recross_adx_gate_swing_tp_long declares universe ['EURUSD', 'GBPUSD', 'USDJPY', 'AUDUSD', 'USDCAD', 'USDCHF', 'NZD
  SKIP gen_tp_sma_recross_adx_gate_swing_tp_long on AUDJPY D1: out_of_universe -- gen_tp_sma_recross_adx_gate_swing_tp_long declares universe ['EURUSD', 'GBPUSD', 'USDJPY', 'AUDUSD', 'USDCAD', 'USDCHF', 'NZD
  SKIP gen_tp_sma_recross_adx_gate_swing_tp_long on EURGBP H4: out_of_universe -- gen_tp_sma_recross_adx_gate_swing_tp_long declares universe ['EURUSD', 'GBPUSD', 'USDJPY', 'AUDUSD', 'USDCAD', 'USDCHF', 'NZD
  SKIP gen_tp_sma_recross_adx_gate_swing_tp_long on EURGBP D1: out_of_universe -- gen_tp_sma_recross_adx_gate_swing_tp_long declares universe ['EURUSD', 'GBPUSD', 'USDJPY', 'AUDUSD', 'USDCAD', 'USDCHF', 'NZD
  SKIP gen_tp_sma_recross_adx_gate_swing_tp_short on AUDJPY H4: out_of_universe -- gen_tp_sma_recross_adx_gate_swing_tp_short declares universe ['EURUSD', 'GBPUSD', 'USDJPY', 'AUDUSD', 'USDCAD', 'USDCHF', 'N
  SKIP gen_tp_sma_recross_adx_gate_swing_tp_short on AUDJPY D1: out_of_universe -- gen_tp_sma_recross_adx_gate_swing_tp_short declares universe ['EURUSD', 'GBPUSD', 'USDJPY', 'AUDUSD', 'USDCAD', 'USDCHF', 'N
  SKIP gen_tp_sma_recross_adx_gate_swing_tp_short on EURGBP H4: out_of_universe -- gen_tp_sma_recross_adx_gate_swing_tp_short declares universe ['EURUSD', 'GBPUSD', 'USDJPY', 'AUDUSD', 'USDCAD', 'USDCHF', 'N
  SKIP gen_tp_sma_recross_adx_gate_swing_tp_short on EURGBP D1: out_of_universe -- gen_tp_sma_recross_adx_gate_swing_tp_short declares universe ['EURUSD', 'GBPUSD', 'USDJPY', 'AUDUSD', 'USDCAD', 'USDCHF', 'N
  SKIP gen_tp_sma_recross_adx_gate_time_exit on AUDJPY H4: out_of_universe -- gen_tp_sma_recross_adx_gate_time_exit declares universe ['EURUSD', 'GBPUSD', 'USDJPY', 'AUDUSD', 'USDCAD', 'USDCHF', 'NZDUSD', 'E
  SKIP gen_tp_sma_recross_adx_gate_time_exit on AUDJPY D1: out_of_universe -- gen_tp_sma_recross_adx_gate_time_exit declares universe ['EURUSD', 'GBPUSD', 'USDJPY', 'AUDUSD', 'USDCAD', 'USDCHF', 'NZDUSD', 'E
  SKIP gen_tp_sma_recross_adx_gate_time_exit on EURGBP H4: out_of_universe -- gen_tp_sma_recross_adx_gate_time_exit declares universe ['EURUSD', 'GBPUSD', 'USDJPY', 'AUDUSD', 'USDCAD', 'USDCHF', 'NZDUSD', 'E
  SKIP gen_tp_sma_recross_adx_gate_time_exit on EURGBP D1: out_of_universe -- gen_tp_sma_recross_adx_gate_time_exit declares universe ['EURUSD', 'GBPUSD', 'USDJPY', 'AUDUSD', 'USDCAD', 'USDCHF', 'NZDUSD', 'E
  SKIP gen_tp_sma_recross_adx_gate_tp_r on AUDJPY H4: out_of_universe -- gen_tp_sma_recross_adx_gate_tp_r declares universe ['EURUSD', 'GBPUSD', 'USDJPY', 'AUDUSD', 'USDCAD', 'USDCHF', 'NZDUSD', 'EURJPY', 'G
  SKIP gen_tp_sma_recross_adx_gate_tp_r on AUDJPY D1: out_of_universe -- gen_tp_sma_recross_adx_gate_tp_r declares universe ['EURUSD', 'GBPUSD', 'USDJPY', 'AUDUSD', 'USDCAD', 'USDCHF', 'NZDUSD', 'EURJPY', 'G
  SKIP gen_tp_sma_recross_adx_gate_tp_r on EURGBP H4: out_of_universe -- gen_tp_sma_recross_adx_gate_tp_r declares universe ['EURUSD', 'GBPUSD', 'USDJPY', 'AUDUSD', 'USDCAD', 'USDCHF', 'NZDUSD', 'EURJPY', 'G
  SKIP gen_tp_sma_recross_adx_gate_tp_r on EURGBP D1: out_of_universe -- gen_tp_sma_recross_adx_gate_tp_r declares universe ['EURUSD', 'GBPUSD', 'USDJPY', 'AUDUSD', 'USDCAD', 'USDCHF', 'NZDUSD', 'EURJPY', 'G
  SKIP gen_tp_sma_recross_none_swing_tp_long on AUDJPY H4: out_of_universe -- gen_tp_sma_recross_none_swing_tp_long declares universe ['EURUSD', 'GBPUSD', 'USDJPY', 'AUDUSD', 'USDCAD', 'USDCHF', 'NZDUSD', 'E
  SKIP gen_tp_sma_recross_none_swing_tp_long on AUDJPY D1: out_of_universe -- gen_tp_sma_recross_none_swing_tp_long declares universe ['EURUSD', 'GBPUSD', 'USDJPY', 'AUDUSD', 'USDCAD', 'USDCHF', 'NZDUSD', 'E
  SKIP gen_tp_sma_recross_none_swing_tp_long on EURGBP H4: out_of_universe -- gen_tp_sma_recross_none_swing_tp_long declares universe ['EURUSD', 'GBPUSD', 'USDJPY', 'AUDUSD', 'USDCAD', 'USDCHF', 'NZDUSD', 'E
  SKIP gen_tp_sma_recross_none_swing_tp_long on EURGBP D1: out_of_universe -- gen_tp_sma_recross_none_swing_tp_long declares universe ['EURUSD', 'GBPUSD', 'USDJPY', 'AUDUSD', 'USDCAD', 'USDCHF', 'NZDUSD', 'E
  SKIP gen_tp_sma_recross_none_swing_tp_short on AUDJPY H4: out_of_universe -- gen_tp_sma_recross_none_swing_tp_short declares universe ['EURUSD', 'GBPUSD', 'USDJPY', 'AUDUSD', 'USDCAD', 'USDCHF', 'NZDUSD', 
  SKIP gen_tp_sma_recross_none_swing_tp_short on AUDJPY D1: out_of_universe -- gen_tp_sma_recross_none_swing_tp_short declares universe ['EURUSD', 'GBPUSD', 'USDJPY', 'AUDUSD', 'USDCAD', 'USDCHF', 'NZDUSD', 
  SKIP gen_tp_sma_recross_none_swing_tp_short on EURGBP H4: out_of_universe -- gen_tp_sma_recross_none_swing_tp_short declares universe ['EURUSD', 'GBPUSD', 'USDJPY', 'AUDUSD', 'USDCAD', 'USDCHF', 'NZDUSD', 
  SKIP gen_tp_sma_recross_none_swing_tp_short on EURGBP D1: out_of_universe -- gen_tp_sma_recross_none_swing_tp_short declares universe ['EURUSD', 'GBPUSD', 'USDJPY', 'AUDUSD', 'USDCAD', 'USDCHF', 'NZDUSD', 
  SKIP gen_tp_sma_recross_rvol_gate_tp_r on AUDJPY H4: out_of_universe -- gen_tp_sma_recross_rvol_gate_tp_r declares universe ['EURUSD', 'GBPUSD', 'USDJPY', 'AUDUSD', 'USDCAD', 'USDCHF', 'NZDUSD', 'EURJPY', 
  SKIP gen_tp_sma_recross_rvol_gate_tp_r on AUDJPY D1: out_of_universe -- gen_tp_sma_recross_rvol_gate_tp_r declares universe ['EURUSD', 'GBPUSD', 'USDJPY', 'AUDUSD', 'USDCAD', 'USDCHF', 'NZDUSD', 'EURJPY', 
  SKIP gen_tp_sma_recross_rvol_gate_tp_r on EURGBP H4: out_of_universe -- gen_tp_sma_recross_rvol_gate_tp_r declares universe ['EURUSD', 'GBPUSD', 'USDJPY', 'AUDUSD', 'USDCAD', 'USDCHF', 'NZDUSD', 'EURJPY', 
  SKIP gen_tp_sma_recross_rvol_gate_tp_r on EURGBP D1: out_of_universe -- gen_tp_sma_recross_rvol_gate_tp_r declares universe ['EURUSD', 'GBPUSD', 'USDJPY', 'AUDUSD', 'USDCAD', 'USDCHF', 'NZDUSD', 'EURJPY', 
  SKIP gen_tp_sma_recross_rvol_gate_trail on AUDJPY H4: out_of_universe -- gen_tp_sma_recross_rvol_gate_trail declares universe ['EURUSD', 'GBPUSD', 'USDJPY', 'AUDUSD', 'USDCAD', 'USDCHF', 'NZDUSD', 'EURJPY'
  SKIP gen_tp_sma_recross_rvol_gate_trail on AUDJPY D1: out_of_universe -- gen_tp_sma_recross_rvol_gate_trail declares universe ['EURUSD', 'GBPUSD', 'USDJPY', 'AUDUSD', 'USDCAD', 'USDCHF', 'NZDUSD', 'EURJPY'
  SKIP gen_tp_sma_recross_rvol_gate_trail on EURGBP H4: out_of_universe -- gen_tp_sma_recross_rvol_gate_trail declares universe ['EURUSD', 'GBPUSD', 'USDJPY', 'AUDUSD', 'USDCAD', 'USDCHF', 'NZDUSD', 'EURJPY'
  SKIP gen_tp_sma_recross_rvol_gate_trail on EURGBP D1: out_of_universe -- gen_tp_sma_recross_rvol_gate_trail declares universe ['EURUSD', 'GBPUSD', 'USDJPY', 'AUDUSD', 'USDCAD', 'USDCHF', 'NZDUSD', 'EURJPY'
  SKIP gen_tp_sma_recross_session_swing_tp_short on AUDJPY H4: out_of_universe -- gen_tp_sma_recross_session_swing_tp_short declares universe ['EURUSD', 'GBPUSD', 'USDJPY', 'AUDUSD', 'USDCAD', 'USDCHF', 'NZD
  SKIP gen_tp_sma_recross_session_swing_tp_short on AUDJPY D1: out_of_universe -- gen_tp_sma_recross_session_swing_tp_short declares universe ['EURUSD', 'GBPUSD', 'USDJPY', 'AUDUSD', 'USDCAD', 'USDCHF', 'NZD
  SKIP gen_tp_sma_recross_session_swing_tp_short on AUDUSD D1: out_of_universe -- gen_tp_sma_recross_session_swing_tp_short declares universe ['EURUSD', 'GBPUSD', 'USDJPY', 'AUDUSD', 'USDCAD', 'USDCHF', 'NZD
  SKIP gen_tp_sma_recross_session_swing_tp_short on DE40 D1: out_of_universe -- gen_tp_sma_recross_session_swing_tp_short declares universe ['EURUSD', 'GBPUSD', 'USDJPY', 'AUDUSD', 'USDCAD', 'USDCHF', 'NZDUS
  SKIP gen_tp_sma_recross_session_swing_tp_short on EURGBP H4: out_of_universe -- gen_tp_sma_recross_session_swing_tp_short declares universe ['EURUSD', 'GBPUSD', 'USDJPY', 'AUDUSD', 'USDCAD', 'USDCHF', 'NZD
  SKIP gen_tp_sma_recross_session_swing_tp_short on EURGBP D1: out_of_universe -- gen_tp_sma_recross_session_swing_tp_short declares universe ['EURUSD', 'GBPUSD', 'USDJPY', 'AUDUSD', 'USDCAD', 'USDCHF', 'NZD
  SKIP gen_tp_sma_recross_session_swing_tp_short on EURJPY D1: out_of_universe -- gen_tp_sma_recross_session_swing_tp_short declares universe ['EURUSD', 'GBPUSD', 'USDJPY', 'AUDUSD', 'USDCAD', 'USDCHF', 'NZD
  SKIP gen_tp_sma_recross_session_swing_tp_short on EURUSD D1: out_of_universe -- gen_tp_sma_recross_session_swing_tp_short declares universe ['EURUSD', 'GBPUSD', 'USDJPY', 'AUDUSD', 'USDCAD', 'USDCHF', 'NZD
  SKIP gen_tp_sma_recross_session_swing_tp_short on GBPJPY D1: out_of_universe -- gen_tp_sma_recross_session_swing_tp_short declares universe ['EURUSD', 'GBPUSD', 'USDJPY', 'AUDUSD', 'USDCAD', 'USDCHF', 'NZD
  SKIP gen_tp_sma_recross_session_swing_tp_short on GBPUSD D1: out_of_universe -- gen_tp_sma_recross_session_swing_tp_short declares universe ['EURUSD', 'GBPUSD', 'USDJPY', 'AUDUSD', 'USDCAD', 'USDCHF', 'NZD
  SKIP gen_tp_sma_recross_session_swing_tp_short on NZDUSD D1: out_of_universe -- gen_tp_sma_recross_session_swing_tp_short declares universe ['EURUSD', 'GBPUSD', 'USDJPY', 'AUDUSD', 'USDCAD', 'USDCHF', 'NZD
  SKIP gen_tp_sma_recross_session_swing_tp_short on UK100 D1: out_of_universe -- gen_tp_sma_recross_session_swing_tp_short declares universe ['EURUSD', 'GBPUSD', 'USDJPY', 'AUDUSD', 'USDCAD', 'USDCHF', 'NZDU
  SKIP gen_tp_sma_recross_session_swing_tp_short on US500 D1: out_of_universe -- gen_tp_sma_recross_session_swing_tp_short declares universe ['EURUSD', 'GBPUSD', 'USDJPY', 'AUDUSD', 'USDCAD', 'USDCHF', 'NZDU
  SKIP gen_tp_sma_recross_session_swing_tp_short on USDCAD D1: out_of_universe -- gen_tp_sma_recross_session_swing_tp_short declares universe ['EURUSD', 'GBPUSD', 'USDJPY', 'AUDUSD', 'USDCAD', 'USDCHF', 'NZD
  SKIP gen_tp_sma_recross_session_swing_tp_short on USDCHF D1: out_of_universe -- gen_tp_sma_recross_session_swing_tp_short declares universe ['EURUSD', 'GBPUSD', 'USDJPY', 'AUDUSD', 'USDCAD', 'USDCHF', 'NZD
  SKIP gen_tp_sma_recross_session_swing_tp_short on USDJPY D1: out_of_universe -- gen_tp_sma_recross_session_swing_tp_short declares universe ['EURUSD', 'GBPUSD', 'USDJPY', 'AUDUSD', 'USDCAD', 'USDCHF', 'NZD
  SKIP gen_tp_sma_recross_session_swing_tp_short on XAGUSD D1: out_of_universe -- gen_tp_sma_recross_session_swing_tp_short declares universe ['EURUSD', 'GBPUSD', 'USDJPY', 'AUDUSD', 'USDCAD', 'USDCHF', 'NZD
  SKIP gen_tp_sma_recross_session_swing_tp_short on XAUUSD D1: out_of_universe -- gen_tp_sma_recross_session_swing_tp_short declares universe ['EURUSD', 'GBPUSD', 'USDJPY', 'AUDUSD', 'USDCAD', 'USDCHF', 'NZD
  SKIP gen_tp_sma_recross_session_time_exit on AUDJPY H4: out_of_universe -- gen_tp_sma_recross_session_time_exit declares universe ['EURUSD', 'GBPUSD', 'USDJPY', 'AUDUSD', 'USDCAD', 'USDCHF', 'NZDUSD', 'EUR
  SKIP gen_tp_sma_recross_session_time_exit on AUDJPY D1: out_of_universe -- gen_tp_sma_recross_session_time_exit declares universe ['EURUSD', 'GBPUSD', 'USDJPY', 'AUDUSD', 'USDCAD', 'USDCHF', 'NZDUSD', 'EUR
  SKIP gen_tp_sma_recross_session_time_exit on AUDUSD D1: out_of_universe -- gen_tp_sma_recross_session_time_exit declares universe ['EURUSD', 'GBPUSD', 'USDJPY', 'AUDUSD', 'USDCAD', 'USDCHF', 'NZDUSD', 'EUR
  SKIP gen_tp_sma_recross_session_time_exit on DE40 D1: out_of_universe -- gen_tp_sma_recross_session_time_exit declares universe ['EURUSD', 'GBPUSD', 'USDJPY', 'AUDUSD', 'USDCAD', 'USDCHF', 'NZDUSD', 'EURJP
  SKIP gen_tp_sma_recross_session_time_exit on EURGBP H4: out_of_universe -- gen_tp_sma_recross_session_time_exit declares universe ['EURUSD', 'GBPUSD', 'USDJPY', 'AUDUSD', 'USDCAD', 'USDCHF', 'NZDUSD', 'EUR
  SKIP gen_tp_sma_recross_session_time_exit on EURGBP D1: out_of_universe -- gen_tp_sma_recross_session_time_exit declares universe ['EURUSD', 'GBPUSD', 'USDJPY', 'AUDUSD', 'USDCAD', 'USDCHF', 'NZDUSD', 'EUR
  SKIP gen_tp_sma_recross_session_time_exit on EURJPY D1: out_of_universe -- gen_tp_sma_recross_session_time_exit declares universe ['EURUSD', 'GBPUSD', 'USDJPY', 'AUDUSD', 'USDCAD', 'USDCHF', 'NZDUSD', 'EUR
  SKIP gen_tp_sma_recross_session_time_exit on EURUSD D1: out_of_universe -- gen_tp_sma_recross_session_time_exit declares universe ['EURUSD', 'GBPUSD', 'USDJPY', 'AUDUSD', 'USDCAD', 'USDCHF', 'NZDUSD', 'EUR
  SKIP gen_tp_sma_recross_session_time_exit on GBPJPY D1: out_of_universe -- gen_tp_sma_recross_session_time_exit declares universe ['EURUSD', 'GBPUSD', 'USDJPY', 'AUDUSD', 'USDCAD', 'USDCHF', 'NZDUSD', 'EUR
  SKIP gen_tp_sma_recross_session_time_exit on GBPUSD D1: out_of_universe -- gen_tp_sma_recross_session_time_exit declares universe ['EURUSD', 'GBPUSD', 'USDJPY', 'AUDUSD', 'USDCAD', 'USDCHF', 'NZDUSD', 'EUR
  SKIP gen_tp_sma_recross_session_time_exit on NZDUSD D1: out_of_universe -- gen_tp_sma_recross_session_time_exit declares universe ['EURUSD', 'GBPUSD', 'USDJPY', 'AUDUSD', 'USDCAD', 'USDCHF', 'NZDUSD', 'EUR
  SKIP gen_tp_sma_recross_session_time_exit on UK100 D1: out_of_universe -- gen_tp_sma_recross_session_time_exit declares universe ['EURUSD', 'GBPUSD', 'USDJPY', 'AUDUSD', 'USDCAD', 'USDCHF', 'NZDUSD', 'EURJ
  SKIP gen_tp_sma_recross_session_time_exit on US500 D1: out_of_universe -- gen_tp_sma_recross_session_time_exit declares universe ['EURUSD', 'GBPUSD', 'USDJPY', 'AUDUSD', 'USDCAD', 'USDCHF', 'NZDUSD', 'EURJ
  SKIP gen_tp_sma_recross_session_time_exit on USDCAD D1: out_of_universe -- gen_tp_sma_recross_session_time_exit declares universe ['EURUSD', 'GBPUSD', 'USDJPY', 'AUDUSD', 'USDCAD', 'USDCHF', 'NZDUSD', 'EUR
  SKIP gen_tp_sma_recross_session_time_exit on USDCHF D1: out_of_universe -- gen_tp_sma_recross_session_time_exit declares universe ['EURUSD', 'GBPUSD', 'USDJPY', 'AUDUSD', 'USDCAD', 'USDCHF', 'NZDUSD', 'EUR
  SKIP gen_tp_sma_recross_session_time_exit on USDJPY D1: out_of_universe -- gen_tp_sma_recross_session_time_exit declares universe ['EURUSD', 'GBPUSD', 'USDJPY', 'AUDUSD', 'USDCAD', 'USDCHF', 'NZDUSD', 'EUR
  SKIP gen_tp_sma_recross_session_time_exit on XAGUSD D1: out_of_universe -- gen_tp_sma_recross_session_time_exit declares universe ['EURUSD', 'GBPUSD', 'USDJPY', 'AUDUSD', 'USDCAD', 'USDCHF', 'NZDUSD', 'EUR
  SKIP gen_tp_sma_recross_session_time_exit on XAUUSD D1: out_of_universe -- gen_tp_sma_recross_session_time_exit declares universe ['EURUSD', 'GBPUSD', 'USDJPY', 'AUDUSD', 'USDCAD', 'USDCHF', 'NZDUSD', 'EUR

TRUE TRIAL COUNT 20904 (planned 12408 + ledger prior 0 + declared prior 8496)
  declared prior trials because: K5 pre-registration: K4 true N 8496 (contains K3 7376 and the 4026 before); same sixteen markets, OANDA MID versions are new dataset ids; see RESEARCH_LEDGER.md K5

campaign k5_generated_families_oanda_mid: 1955 evaluated, 1437 skipped, 0 survived, true trial count 20904

  donchian_breakout_atr on AUDUSD H4: REJECT at RUNG 0 SANITY -- RUNG 0 SANITY: expectancy -1.31871 at declared defaults is not positive; there is no edge to validate.
  donchian_breakout_atr on AUDUSD D1: REJECT at RUNG 0 SANITY -- min_trades: observed 157, required gte 400, short by 243
  donchian_breakout_atr on DE40 H4: REJECT at RUNG 0 SANITY -- RUNG 0 SANITY: expectancy -0.763011 at declared defaults is not positive; there is no edge to validate.
  donchian_breakout_atr on DE40 D1: REJECT at RUNG 0 SANITY -- min_trades: observed 123, required gte 400, short by 277
  donchian_breakout_atr on EURJPY H4: REJECT at RUNG 0 SANITY -- RUNG 0 SANITY: expectancy -0.441471 at declared defaults is not positive; there is no edge to validate.
  donchian_breakout_atr on EURJPY D1: REJECT at RUNG 0 SANITY -- min_trades: observed 161, required gte 400, short by 239
  donchian_breakout_atr on EURUSD H4: REJECT at RUNG 0 SANITY -- RUNG 0 SANITY: expectancy -0.981024 at declared defaults is not positive; there is no edge to validate.
  donchian_breakout_atr on EURUSD D1: REJECT at RUNG 0 SANITY -- min_trades: observed 161, required gte 400, short by 239
  donchian_breakout_atr on GBPJPY H4: REJECT at RUNG 2 WALK_FORWARD -- walk_forward_efficiency: observed -1.394, required gte 50, short by 51.39
  donchian_breakout_atr on GBPJPY D1: REJECT at RUNG 0 SANITY -- min_trades: observed 149, required gte 400, short by 251
  donchian_breakout_atr on GBPUSD H4: REJECT at RUNG 0 SANITY -- RUNG 0 SANITY: expectancy -1.23405 at declared defaults is not positive; there is no edge to validate.
  donchian_breakout_atr on GBPUSD D1: REJECT at RUNG 0 SANITY -- min_trades: observed 155, required gte 400, short by 245
  donchian_breakout_atr on NZDUSD H4: REJECT at RUNG 0 SANITY -- RUNG 0 SANITY: expectancy -0.993819 at declared defaults is not positive; there is no edge to validate.
  donchian_breakout_atr on NZDUSD D1: REJECT at RUNG 0 SANITY -- min_trades: observed 153, required gte 400, short by 247
  donchian_breakout_atr on US500 H4: REJECT at RUNG 0 SANITY -- RUNG 0 SANITY: expectancy -2.1262 at declared defaults is not positive; there is no edge to validate.
  donchian_breakout_atr on US500 D1: REJECT at RUNG 0 SANITY -- min_trades: observed 159, required gte 400, short by 241
  donchian_breakout_atr on USDCAD H4: REJECT at RUNG 0 SANITY -- RUNG 0 SANITY: expectancy -0.695421 at declared defaults is not positive; there is no edge to validate.
  donchian_breakout_atr on USDCAD D1: REJECT at RUNG 0 SANITY -- min_trades: observed 160, required gte 400, short by 240
  donchian_breakout_atr on USDCHF H4: REJECT at RUNG 0 SANITY -- RUNG 0 SANITY: expectancy -0.948029 at declared defaults is not positive; there is no edge to validate.
  donchian_breakout_atr on USDCHF D1: REJECT at RUNG 0 SANITY -- min_trades: observed 158, required gte 400, short by 242
  donchian_breakout_atr on USDJPY H4: REJECT at RUNG 0 SANITY -- RUNG 0 SANITY: expectancy -0.728321 at declared defaults is not positive; there is no edge to validate.
  donchian_breakout_atr on USDJPY D1: REJECT at RUNG 0 SANITY -- min_trades: observed 149, required gte 400, short by 251
  donchian_breakout_atr on XAUUSD H4: REJECT at RUNG 4 ROBUSTNESS -- parameter_plateau: observed 1.831, required lte 1.25, short by 0.581
  donchian_breakout_atr on XAUUSD D1: REJECT at RUNG 0 SANITY -- min_trades: observed 160, required gte 400, short by 240
  fib_golden_pocket_pullback on AUDUSD H4: REJECT at RUNG 0 SANITY -- RUNG 0 SANITY: expectancy -0.524273 at declared defaults is not positive; there is no edge to validate.
  fib_golden_pocket_pullback on AUDUSD D1: REJECT at RUNG 0 SANITY -- min_trades: observed 0, required gte 400, short by 400
  fib_golden_pocket_pullback on DE40 H4: REJECT at RUNG 0 SANITY -- min_trades: observed 312, required gte 400, short by 88
  fib_golden_pocket_pullback on DE40 D1: REJECT at RUNG 0 SANITY -- min_trades: observed 0, required gte 400, short by 400
  fib_golden_pocket_pullback on EURJPY H4: REJECT at RUNG 0 SANITY -- min_trades: observed 385, required gte 400, short by 15
  fib_golden_pocket_pullback on EURJPY D1: REJECT at RUNG 0 SANITY -- min_trades: observed 0, required gte 400, short by 400
  fib_golden_pocket_pullback on EURUSD H4: REJECT at RUNG 0 SANITY -- RUNG 0 SANITY: expectancy -0.87986 at declared defaults is not positive; there is no edge to validate.
  fib_golden_pocket_pullback on EURUSD D1: REJECT at RUNG 0 SANITY -- min_trades: observed 0, required gte 400, short by 400
  fib_golden_pocket_pullback on GBPJPY H4: REJECT at RUNG 0 SANITY -- RUNG 0 SANITY: expectancy -1.47456 at declared defaults is not positive; there is no edge to validate.
  fib_golden_pocket_pullback on GBPJPY D1: REJECT at RUNG 0 SANITY -- min_trades: observed 0, required gte 400, short by 400
  fib_golden_pocket_pullback on GBPUSD H4: REJECT at RUNG 0 SANITY -- min_trades: observed 379, required gte 400, short by 21
  fib_golden_pocket_pullback on GBPUSD D1: REJECT at RUNG 0 SANITY -- min_trades: observed 0, required gte 400, short by 400
  fib_golden_pocket_pullback on NZDUSD H4: REJECT at RUNG 0 SANITY -- min_trades: observed 381, required gte 400, short by 19
  fib_golden_pocket_pullback on NZDUSD D1: REJECT at RUNG 0 SANITY -- min_trades: observed 0, required gte 400, short by 400
  fib_golden_pocket_pullback on US500 H4: REJECT at RUNG 0 SANITY -- RUNG 0 SANITY: expectancy -1.71224 at declared defaults is not positive; there is no edge to validate.
  fib_golden_pocket_pullback on US500 D1: REJECT at RUNG 0 SANITY -- min_trades: observed 0, required gte 400, short by 400
  fib_golden_pocket_pullback on USDCAD H4: REJECT at RUNG 0 SANITY -- RUNG 0 SANITY: expectancy -0.751668 at declared defaults is not positive; there is no edge to validate.
  fib_golden_pocket_pullback on USDCAD D1: REJECT at RUNG 0 SANITY -- min_trades: observed 0, required gte 400, short by 400
  fib_golden_pocket_pullback on USDCHF H4: REJECT at RUNG 0 SANITY -- RUNG 0 SANITY: expectancy -1.45111 at declared defaults is not positive; there is no edge to validate.
  fib_golden_pocket_pullback on USDCHF D1: REJECT at RUNG 0 SANITY -- min_trades: observed 0, required gte 400, short by 400
  fib_golden_pocket_pullback on USDJPY H4: REJECT at RUNG 0 SANITY -- RUNG 0 SANITY: expectancy -1.63347 at declared defaults is not positive; there is no edge to validate.
  fib_golden_pocket_pullback on USDJPY D1: REJECT at RUNG 0 SANITY -- min_trades: observed 0, required gte 400, short by 400
  fib_golden_pocket_pullback on XAUUSD H4: REJECT at RUNG 0 SANITY -- RUNG 0 SANITY: expectancy -1.60366 at declared defaults is not positive; there is no edge to validate.
  fib_golden_pocket_pullback on XAUUSD D1: REJECT at RUNG 0 SANITY -- min_trades: observed 0, required gte 400, short by 400
  ichimoku_kumo_trend on AUDUSD H4: REJECT at RUNG 0 SANITY -- min_trades: observed 137, required gte 400, short by 263
  ichimoku_kumo_trend on AUDUSD D1: REJECT at RUNG 0 SANITY -- min_trades: observed 0, required gte 400, short by 400
  ichimoku_kumo_trend on DE40 H4: REJECT at RUNG 0 SANITY -- min_trades: observed 99, required gte 400, short by 301
  ichimoku_kumo_trend on DE40 D1: REJECT at RUNG 0 SANITY -- min_trades: observed 0, required gte 400, short by 400
  ichimoku_kumo_trend on EURJPY H4: REJECT at RUNG 0 SANITY -- min_trades: observed 135, required gte 400, short by 265
  ichimoku_kumo_trend on EURJPY D1: REJECT at RUNG 0 SANITY -- min_trades: observed 0, required gte 400, short by 400
  ichimoku_kumo_trend on EURUSD H4: REJECT at RUNG 0 SANITY -- min_trades: observed 151, required gte 400, short by 249
  ichimoku_kumo_trend on EURUSD D1: REJECT at RUNG 0 SANITY -- min_trades: observed 0, required gte 400, short by 400
  ichimoku_kumo_trend on GBPJPY H4: REJECT at RUNG 0 SANITY -- min_trades: observed 137, required gte 400, short by 263
  ichimoku_kumo_trend on GBPJPY D1: REJECT at RUNG 0 SANITY -- min_trades: observed 0, required gte 400, short by 400
  ichimoku_kumo_trend on GBPUSD H4: REJECT at RUNG 0 SANITY -- min_trades: observed 138, required gte 400, short by 262
  ichimoku_kumo_trend on GBPUSD D1: REJECT at RUNG 0 SANITY -- min_trades: observed 0, required gte 400, short by 400
  ichimoku_kumo_trend on NZDUSD H4: REJECT at RUNG 0 SANITY -- min_trades: observed 138, required gte 400, short by 262
  ichimoku_kumo_trend on NZDUSD D1: REJECT at RUNG 0 SANITY -- min_trades: observed 0, required gte 400, short by 400
  ichimoku_kumo_trend on US500 H4: REJECT at RUNG 0 SANITY -- min_trades: observed 123, required gte 400, short by 277
  ichimoku_kumo_trend on US500 D1: REJECT at RUNG 0 SANITY -- min_trades: observed 0, required gte 400, short by 400
  ichimoku_kumo_trend on USDCAD H4: REJECT at RUNG 0 SANITY -- min_trades: observed 154, required gte 400, short by 246
  ichimoku_kumo_trend on USDCAD D1: REJECT at RUNG 0 SANITY -- min_trades: observed 0, required gte 400, short by 400
  ichimoku_kumo_trend on USDCHF H4: REJECT at RUNG 0 SANITY -- min_trades: observed 164, required gte 400, short by 236
  ichimoku_kumo_trend on USDCHF D1: REJECT at RUNG 0 SANITY -- min_trades: observed 0, required gte 400, short by 400
  ichimoku_kumo_trend on USDJPY H4: REJECT at RUNG 0 SANITY -- min_trades: observed 142, required gte 400, short by 258
  ichimoku_kumo_trend on USDJPY D1: REJECT at RUNG 0 SANITY -- min_trades: observed 0, required gte 400, short by 400
  ichimoku_kumo_trend on XAUUSD H4: REJECT at RUNG 0 SANITY -- min_trades: observed 129, required gte 400, short by 271
  ichimoku_kumo_trend on XAUUSD D1: REJECT at RUNG 0 SANITY -- min_trades: observed 0, required gte 400, short by 400
  macd_ema_trend_hybrid on AUDUSD H4: REJECT at RUNG 0 SANITY -- min_trades: observed 70, required gte 400, short by 330
  macd_ema_trend_hybrid on AUDUSD D1: REJECT at RUNG 0 SANITY -- min_trades: observed 0, required gte 400, short by 400
  macd_ema_trend_hybrid on DE40 H4: REJECT at RUNG 0 SANITY -- min_trades: observed 53, required gte 400, short by 347
  macd_ema_trend_hybrid on DE40 D1: REJECT at RUNG 0 SANITY -- min_trades: observed 0, required gte 400, short by 400
  macd_ema_trend_hybrid on EURJPY H4: REJECT at RUNG 0 SANITY -- min_trades: observed 72, required gte 400, short by 328
  macd_ema_trend_hybrid on EURJPY D1: REJECT at RUNG 0 SANITY -- min_trades: observed 0, required gte 400, short by 400
  macd_ema_trend_hybrid on EURUSD H4: REJECT at RUNG 0 SANITY -- min_trades: observed 90, required gte 400, short by 310
  macd_ema_trend_hybrid on EURUSD D1: REJECT at RUNG 0 SANITY -- min_trades: observed 0, required gte 400, short by 400
  macd_ema_trend_hybrid on GBPJPY H4: REJECT at RUNG 0 SANITY -- min_trades: observed 74, required gte 400, short by 326
  macd_ema_trend_hybrid on GBPJPY D1: REJECT at RUNG 0 SANITY -- min_trades: observed 0, required gte 400, short by 400
  macd_ema_trend_hybrid on GBPUSD H4: REJECT at RUNG 0 SANITY -- min_trades: observed 101, required gte 400, short by 299
  macd_ema_trend_hybrid on GBPUSD D1: REJECT at RUNG 0 SANITY -- min_trades: observed 0, required gte 400, short by 400
  macd_ema_trend_hybrid on NZDUSD H4: REJECT at RUNG 0 SANITY -- min_trades: observed 79, required gte 400, short by 321
  macd_ema_trend_hybrid on NZDUSD D1: REJECT at RUNG 0 SANITY -- min_trades: observed 0, required gte 400, short by 400
  macd_ema_trend_hybrid on US500 H4: REJECT at RUNG 0 SANITY -- min_trades: observed 106, required gte 400, short by 294
  macd_ema_trend_hybrid on US500 D1: REJECT at RUNG 0 SANITY -- min_trades: observed 0, required gte 400, short by 400
  macd_ema_trend_hybrid on USDCAD H4: REJECT at RUNG 0 SANITY -- min_trades: observed 97, required gte 400, short by 303
  macd_ema_trend_hybrid on USDCAD D1: REJECT at RUNG 0 SANITY -- min_trades: observed 0, required gte 400, short by 400
  macd_ema_trend_hybrid on USDCHF H4: REJECT at RUNG 0 SANITY -- min_trades: observed 87, required gte 400, short by 313
  macd_ema_trend_hybrid on USDCHF D1: REJECT at RUNG 0 SANITY -- min_trades: observed 0, required gte 400, short by 400
  macd_ema_trend_hybrid on USDJPY H4: REJECT at RUNG 0 SANITY -- min_trades: observed 62, required gte 400, short by 338
  macd_ema_trend_hybrid on USDJPY D1: REJECT at RUNG 0 SANITY -- min_trades: observed 0, required gte 400, short by 400
  macd_ema_trend_hybrid on XAUUSD H4: REJECT at RUNG 0 SANITY -- min_trades: observed 91, required gte 400, short by 309
  macd_ema_trend_hybrid on XAUUSD D1: REJECT at RUNG 0 SANITY -- min_trades: observed 0, required gte 400, short by 400
  rsi_band_mean_reversion on AUDUSD H4: REJECT at RUNG 0 SANITY -- min_trades: observed 294, required gte 400, short by 106
  rsi_band_mean_reversion on EURGBP H4: REJECT at RUNG 0 SANITY -- min_trades: observed 258, required gte 400, short by 142
  rsi_band_mean_reversion on EURUSD H4: REJECT at RUNG 0 SANITY -- min_trades: observed 230, required gte 400, short by 170
  rsi_band_mean_reversion on GBPUSD H4: REJECT at RUNG 0 SANITY -- min_trades: observed 258, required gte 400, short by 142
  rsi_band_mean_reversion on NZDUSD H4: REJECT at RUNG 0 SANITY -- min_trades: observed 285, required gte 400, short by 115
  rsi_band_mean_reversion on USDCAD H4: REJECT at RUNG 0 SANITY -- min_trades: observed 229, required gte 400, short by 171
  rsi_band_mean_reversion on USDCHF H4: REJECT at RUNG 0 SANITY -- min_trades: observed 226, required gte 400, short by 174
  rsi_band_mean_reversion on USDJPY H4: REJECT at RUNG 0 SANITY -- min_trades: observed 236, required gte 400, short by 164
  tsmom_dual_horizon on AUDUSD H4: REJECT at RUNG 1 IN_SAMPLE_SCREEN -- RUNG 1 IN_SAMPLE_SCREEN: no parameterisation inside the domains the document declares is positive in sample on sharpe; there is nothing for the later 
  tsmom_dual_horizon on AUDUSD D1: REJECT at RUNG 0 SANITY -- min_trades: observed 125, required gte 400, short by 275
  tsmom_dual_horizon on DE40 H4: REJECT at RUNG 0 SANITY -- RUNG 0 SANITY: expectancy -1.11386 at declared defaults is not positive; there is no edge to validate.
  tsmom_dual_horizon on DE40 D1: REJECT at RUNG 0 SANITY -- min_trades: observed 104, required gte 400, short by 296
  tsmom_dual_horizon on EURUSD H4: REJECT at RUNG 0 SANITY -- RUNG 0 SANITY: expectancy -0.633276 at declared defaults is not positive; there is no edge to validate.
  tsmom_dual_horizon on EURUSD D1: REJECT at RUNG 0 SANITY -- min_trades: observed 141, required gte 400, short by 259
  tsmom_dual_horizon on GBPUSD H4: REJECT at RUNG 0 SANITY -- RUNG 0 SANITY: expectancy -0.469943 at declared defaults is not positive; there is no edge to validate.
  tsmom_dual_horizon on GBPUSD D1: REJECT at RUNG 0 SANITY -- min_trades: observed 130, required gte 400, short by 270
  tsmom_dual_horizon on NZDUSD H4: REJECT at RUNG 0 SANITY -- RUNG 0 SANITY: expectancy -0.438965 at declared defaults is not positive; there is no edge to validate.
  tsmom_dual_horizon on NZDUSD D1: REJECT at RUNG 0 SANITY -- min_trades: observed 122, required gte 400, short by 278
  tsmom_dual_horizon on US500 H4: REJECT at RUNG 0 SANITY -- RUNG 0 SANITY: expectancy -0.841296 at declared defaults is not positive; there is no edge to validate.
  tsmom_dual_horizon on US500 D1: REJECT at RUNG 0 SANITY -- min_trades: observed 125, required gte 400, short by 275
  tsmom_dual_horizon on USDCAD H4: REJECT at RUNG 0 SANITY -- RUNG 0 SANITY: expectancy -0.654561 at declared defaults is not positive; there is no edge to validate.
  tsmom_dual_horizon on USDCAD D1: REJECT at RUNG 0 SANITY -- min_trades: observed 123, required gte 400, short by 277
  tsmom_dual_horizon on USDCHF H4: REJECT at RUNG 0 SANITY -- RUNG 0 SANITY: expectancy -0.808878 at declared defaults is not positive; there is no edge to validate.
  tsmom_dual_horizon on USDCHF D1: REJECT at RUNG 0 SANITY -- min_trades: observed 123, required gte 400, short by 277
  tsmom_dual_horizon on USDJPY H4: REJECT at RUNG 0 SANITY -- RUNG 0 SANITY: expectancy -0.631633 at declared defaults is not positive; there is no edge to validate.
  tsmom_dual_horizon on USDJPY D1: REJECT at RUNG 0 SANITY -- min_trades: observed 130, required gte 400, short by 270
  tsmom_dual_horizon on XAUUSD H4: REJECT at RUNG 0 SANITY -- RUNG 0 SANITY: expectancy -0.121218 at declared defaults is not positive; there is no edge to validate.
  tsmom_dual_horizon on XAUUSD D1: REJECT at RUNG 0 SANITY -- min_trades: observed 116, required gte 400, short by 284
  gen_bv_donchian_close_break_adx_gate_swing_tp_short on AUDJPY H4: REJECT at RUNG 0 SANITY -- min_trades: observed 44, required gte 400, short by 356
  gen_bv_donchian_close_break_adx_gate_swing_tp_short on AUDJPY D1: REJECT at RUNG 0 SANITY -- min_trades: observed 1, required gte 400, short by 399
  gen_bv_donchian_close_break_adx_gate_swing_tp_short on AUDUSD H4: REJECT at RUNG 0 SANITY -- min_trades: observed 34, required gte 400, short by 366
  gen_bv_donchian_close_break_adx_gate_swing_tp_short on AUDUSD D1: REJECT at RUNG 0 SANITY -- min_trades: observed 7, required gte 400, short by 393
  gen_bv_donchian_close_break_adx_gate_swing_tp_short on DE40 H4: REJECT at RUNG 0 SANITY -- min_trades: observed 21, required gte 400, short by 379
  gen_bv_donchian_close_break_adx_gate_swing_tp_short on DE40 D1: REJECT at RUNG 0 SANITY -- min_trades: observed 1, required gte 400, short by 399
  gen_bv_donchian_close_break_adx_gate_swing_tp_short on EURJPY H4: REJECT at RUNG 0 SANITY -- min_trades: observed 43, required gte 400, short by 357
  gen_bv_donchian_close_break_adx_gate_swing_tp_short on EURJPY D1: REJECT at RUNG 0 SANITY -- min_trades: observed 6, required gte 400, short by 394
  gen_bv_donchian_close_break_adx_gate_swing_tp_short on EURUSD H4: REJECT at RUNG 0 SANITY -- min_trades: observed 39, required gte 400, short by 361
  gen_bv_donchian_close_break_adx_gate_swing_tp_short on EURUSD D1: REJECT at RUNG 0 SANITY -- min_trades: observed 7, required gte 400, short by 393
  gen_bv_donchian_close_break_adx_gate_swing_tp_short on GBPJPY H4: REJECT at RUNG 0 SANITY -- min_trades: observed 39, required gte 400, short by 361
  gen_bv_donchian_close_break_adx_gate_swing_tp_short on GBPJPY D1: REJECT at RUNG 0 SANITY -- min_trades: observed 5, required gte 400, short by 395
  gen_bv_donchian_close_break_adx_gate_swing_tp_short on GBPUSD H4: REJECT at RUNG 0 SANITY -- min_trades: observed 46, required gte 400, short by 354
  gen_bv_donchian_close_break_adx_gate_swing_tp_short on GBPUSD D1: REJECT at RUNG 0 SANITY -- min_trades: observed 4, required gte 400, short by 396
  gen_bv_donchian_close_break_adx_gate_swing_tp_short on NZDUSD H4: REJECT at RUNG 0 SANITY -- min_trades: observed 43, required gte 400, short by 357
  gen_bv_donchian_close_break_adx_gate_swing_tp_short on NZDUSD D1: REJECT at RUNG 0 SANITY -- min_trades: observed 4, required gte 400, short by 396
  gen_bv_donchian_close_break_adx_gate_swing_tp_short on UK100 H4: REJECT at RUNG 0 SANITY -- min_trades: observed 25, required gte 400, short by 375
  gen_bv_donchian_close_break_adx_gate_swing_tp_short on UK100 D1: REJECT at RUNG 0 SANITY -- min_trades: observed 0, required gte 400, short by 400
  gen_bv_donchian_close_break_adx_gate_swing_tp_short on US500 H4: REJECT at RUNG 0 SANITY -- min_trades: observed 22, required gte 400, short by 378
  gen_bv_donchian_close_break_adx_gate_swing_tp_short on US500 D1: REJECT at RUNG 0 SANITY -- min_trades: observed 4, required gte 400, short by 396
  gen_bv_donchian_close_break_adx_gate_swing_tp_short on USDCAD H4: REJECT at RUNG 0 SANITY -- min_trades: observed 51, required gte 400, short by 349
  gen_bv_donchian_close_break_adx_gate_swing_tp_short on USDCAD D1: REJECT at RUNG 0 SANITY -- min_trades: observed 6, required gte 400, short by 394
  gen_bv_donchian_close_break_adx_gate_swing_tp_short on USDCHF H4: REJECT at RUNG 0 SANITY -- min_trades: observed 40, required gte 400, short by 360
  gen_bv_donchian_close_break_adx_gate_swing_tp_short on USDCHF D1: REJECT at RUNG 0 SANITY -- min_trades: observed 5, required gte 400, short by 395
  gen_bv_donchian_close_break_adx_gate_swing_tp_short on USDJPY H4: REJECT at RUNG 0 SANITY -- min_trades: observed 47, required gte 400, short by 353
  gen_bv_donchian_close_break_adx_gate_swing_tp_short on USDJPY D1: REJECT at RUNG 0 SANITY -- min_trades: observed 4, required gte 400, short by 396
  gen_bv_donchian_close_break_adx_gate_swing_tp_short on XAGUSD H4: REJECT at RUNG 0 SANITY -- min_trades: observed 40, required gte 400, short by 360
  gen_bv_donchian_close_break_adx_gate_swing_tp_short on XAGUSD D1: REJECT at RUNG 0 SANITY -- min_trades: observed 9, required gte 400, short by 391
  gen_bv_donchian_close_break_adx_gate_swing_tp_short on XAUUSD H4: REJECT at RUNG 0 SANITY -- min_trades: observed 42, required gte 400, short by 358
  gen_bv_donchian_close_break_adx_gate_swing_tp_short on XAUUSD D1: REJECT at RUNG 0 SANITY -- min_trades: observed 6, required gte 400, short by 394
  gen_bv_donchian_close_break_adx_gate_tp_r on AUDJPY H4: REJECT at RUNG 0 SANITY -- min_trades: observed 92, required gte 400, short by 308
  gen_bv_donchian_close_break_adx_gate_tp_r on AUDJPY D1: REJECT at RUNG 0 SANITY -- min_trades: observed 6, required gte 400, short by 394
  gen_bv_donchian_close_break_adx_gate_tp_r on AUDUSD H4: REJECT at RUNG 0 SANITY -- min_trades: observed 83, required gte 400, short by 317
  gen_bv_donchian_close_break_adx_gate_tp_r on AUDUSD D1: REJECT at RUNG 0 SANITY -- min_trades: observed 19, required gte 400, short by 381
  gen_bv_donchian_close_break_adx_gate_tp_r on DE40 H4: REJECT at RUNG 0 SANITY -- min_trades: observed 43, required gte 400, short by 357
  gen_bv_donchian_close_break_adx_gate_tp_r on DE40 D1: REJECT at RUNG 0 SANITY -- min_trades: observed 4, required gte 400, short by 396
  gen_bv_donchian_close_break_adx_gate_tp_r on EURJPY H4: REJECT at RUNG 0 SANITY -- min_trades: observed 83, required gte 400, short by 317
  gen_bv_donchian_close_break_adx_gate_tp_r on EURJPY D1: REJECT at RUNG 0 SANITY -- min_trades: observed 12, required gte 400, short by 388
  gen_bv_donchian_close_break_adx_gate_tp_r on EURUSD H4: REJECT at RUNG 0 SANITY -- min_trades: observed 82, required gte 400, short by 318
  gen_bv_donchian_close_break_adx_gate_tp_r on EURUSD D1: REJECT at RUNG 0 SANITY -- min_trades: observed 15, required gte 400, short by 385
  gen_bv_donchian_close_break_adx_gate_tp_r on GBPJPY H4: REJECT at RUNG 0 SANITY -- min_trades: observed 85, required gte 400, short by 315
  gen_bv_donchian_close_break_adx_gate_tp_r on GBPJPY D1: REJECT at RUNG 0 SANITY -- min_trades: observed 7, required gte 400, short by 393
  gen_bv_donchian_close_break_adx_gate_tp_r on GBPUSD H4: REJECT at RUNG 0 SANITY -- min_trades: observed 91, required gte 400, short by 309
  gen_bv_donchian_close_break_adx_gate_tp_r on GBPUSD D1: REJECT at RUNG 0 SANITY -- min_trades: observed 10, required gte 400, short by 390
  gen_bv_donchian_close_break_adx_gate_tp_r on NZDUSD H4: REJECT at RUNG 0 SANITY -- min_trades: observed 98, required gte 400, short by 302
  gen_bv_donchian_close_break_adx_gate_tp_r on NZDUSD D1: REJECT at RUNG 0 SANITY -- min_trades: observed 12, required gte 400, short by 388
  gen_bv_donchian_close_break_adx_gate_tp_r on UK100 H4: REJECT at RUNG 0 SANITY -- min_trades: observed 49, required gte 400, short by 351
  gen_bv_donchian_close_break_adx_gate_tp_r on UK100 D1: REJECT at RUNG 0 SANITY -- min_trades: observed 3, required gte 400, short by 397
  gen_bv_donchian_close_break_adx_gate_tp_r on US500 H4: REJECT at RUNG 0 SANITY -- min_trades: observed 71, required gte 400, short by 329
  gen_bv_donchian_close_break_adx_gate_tp_r on US500 D1: REJECT at RUNG 0 SANITY -- min_trades: observed 14, required gte 400, short by 386
  gen_bv_donchian_close_break_adx_gate_tp_r on USDCAD H4: REJECT at RUNG 0 SANITY -- min_trades: observed 88, required gte 400, short by 312
  gen_bv_donchian_close_break_adx_gate_tp_r on USDCAD D1: REJECT at RUNG 0 SANITY -- min_trades: observed 12, required gte 400, short by 388
  gen_bv_donchian_close_break_adx_gate_tp_r on USDCHF H4: REJECT at RUNG 0 SANITY -- min_trades: observed 99, required gte 400, short by 301
  gen_bv_donchian_close_break_adx_gate_tp_r on USDCHF D1: REJECT at RUNG 0 SANITY -- min_trades: observed 7, required gte 400, short by 393
  gen_bv_donchian_close_break_adx_gate_tp_r on USDJPY H4: REJECT at RUNG 0 SANITY -- min_trades: observed 99, required gte 400, short by 301
  gen_bv_donchian_close_break_adx_gate_tp_r on USDJPY D1: REJECT at RUNG 0 SANITY -- min_trades: observed 12, required gte 400, short by 388
  gen_bv_donchian_close_break_adx_gate_tp_r on XAGUSD H4: REJECT at RUNG 0 SANITY -- min_trades: observed 86, required gte 400, short by 314
  gen_bv_donchian_close_break_adx_gate_tp_r on XAGUSD D1: REJECT at RUNG 0 SANITY -- min_trades: observed 18, required gte 400, short by 382
  gen_bv_donchian_close_break_adx_gate_tp_r on XAUUSD H4: REJECT at RUNG 0 SANITY -- min_trades: observed 93, required gte 400, short by 307
  gen_bv_donchian_close_break_adx_gate_tp_r on XAUUSD D1: REJECT at RUNG 0 SANITY -- min_trades: observed 11, required gte 400, short by 389
  gen_bv_donchian_close_break_none_swing_tp_long on AUDJPY H4: REJECT at RUNG 0 SANITY -- min_trades: observed 100, required gte 400, short by 300
  gen_bv_donchian_close_break_none_swing_tp_long on AUDJPY D1: REJECT at RUNG 0 SANITY -- min_trades: observed 15, required gte 400, short by 385
  gen_bv_donchian_close_break_none_swing_tp_long on AUDUSD H4: REJECT at RUNG 0 SANITY -- min_trades: observed 90, required gte 400, short by 310
  gen_bv_donchian_close_break_none_swing_tp_long on AUDUSD D1: REJECT at RUNG 0 SANITY -- min_trades: observed 19, required gte 400, short by 381
  gen_bv_donchian_close_break_none_swing_tp_long on DE40 H4: REJECT at RUNG 0 SANITY -- min_trades: observed 62, required gte 400, short by 338
  gen_bv_donchian_close_break_none_swing_tp_long on DE40 D1: REJECT at RUNG 0 SANITY -- min_trades: observed 12, required gte 400, short by 388
  gen_bv_donchian_close_break_none_swing_tp_long on EURJPY H4: REJECT at RUNG 0 SANITY -- min_trades: observed 79, required gte 400, short by 321
  gen_bv_donchian_close_break_none_swing_tp_long on EURJPY D1: REJECT at RUNG 0 SANITY -- min_trades: observed 18, required gte 400, short by 382
  gen_bv_donchian_close_break_none_swing_tp_long on EURUSD H4: REJECT at RUNG 0 SANITY -- min_trades: observed 83, required gte 400, short by 317
  gen_bv_donchian_close_break_none_swing_tp_long on EURUSD D1: REJECT at RUNG 0 SANITY -- min_trades: observed 17, required gte 400, short by 383
  gen_bv_donchian_close_break_none_swing_tp_long on GBPJPY H4: REJECT at RUNG 0 SANITY -- min_trades: observed 94, required gte 400, short by 306
  gen_bv_donchian_close_break_none_swing_tp_long on GBPJPY D1: REJECT at RUNG 0 SANITY -- min_trades: observed 16, required gte 400, short by 384
  gen_bv_donchian_close_break_none_swing_tp_long on GBPUSD H4: REJECT at RUNG 0 SANITY -- min_trades: observed 83, required gte 400, short by 317
  gen_bv_donchian_close_break_none_swing_tp_long on GBPUSD D1: REJECT at RUNG 0 SANITY -- min_trades: observed 7, required gte 400, short by 393
  gen_bv_donchian_close_break_none_swing_tp_long on NZDUSD H4: REJECT at RUNG 0 SANITY -- min_trades: observed 102, required gte 400, short by 298
  gen_bv_donchian_close_break_none_swing_tp_long on NZDUSD D1: REJECT at RUNG 0 SANITY -- min_trades: observed 20, required gte 400, short by 380
  gen_bv_donchian_close_break_none_swing_tp_long on UK100 H4: REJECT at RUNG 0 SANITY -- min_trades: observed 54, required gte 400, short by 346
  gen_bv_donchian_close_break_none_swing_tp_long on UK100 D1: REJECT at RUNG 0 SANITY -- min_trades: observed 0, required gte 400, short by 400
  gen_bv_donchian_close_break_none_swing_tp_long on US500 H4: REJECT at RUNG 0 SANITY -- min_trades: observed 83, required gte 400, short by 317
  gen_bv_donchian_close_break_none_swing_tp_long on US500 D1: REJECT at RUNG 0 SANITY -- min_trades: observed 21, required gte 400, short by 379
  gen_bv_donchian_close_break_none_swing_tp_long on USDCAD H4: REJECT at RUNG 0 SANITY -- min_trades: observed 60, required gte 400, short by 340
  gen_bv_donchian_close_break_none_swing_tp_long on USDCAD D1: REJECT at RUNG 0 SANITY -- min_trades: observed 16, required gte 400, short by 384
  gen_bv_donchian_close_break_none_swing_tp_long on USDCHF H4: REJECT at RUNG 0 SANITY -- min_trades: observed 93, required gte 400, short by 307
  gen_bv_donchian_close_break_none_swing_tp_long on USDCHF D1: REJECT at RUNG 0 SANITY -- min_trades: observed 9, required gte 400, short by 391
  gen_bv_donchian_close_break_none_swing_tp_long on USDJPY H4: REJECT at RUNG 0 SANITY -- min_trades: observed 87, required gte 400, short by 313
  gen_bv_donchian_close_break_none_swing_tp_long on USDJPY D1: REJECT at RUNG 0 SANITY -- min_trades: observed 23, required gte 400, short by 377
  gen_bv_donchian_close_break_none_swing_tp_long on XAGUSD H4: REJECT at RUNG 0 SANITY -- min_trades: observed 96, required gte 400, short by 304
  gen_bv_donchian_close_break_none_swing_tp_long on XAGUSD D1: REJECT at RUNG 0 SANITY -- min_trades: observed 18, required gte 400, short by 382
  gen_bv_donchian_close_break_none_swing_tp_long on XAUUSD H4: REJECT at RUNG 0 SANITY -- min_trades: observed 82, required gte 400, short by 318
  gen_bv_donchian_close_break_none_swing_tp_long on XAUUSD D1: REJECT at RUNG 0 SANITY -- min_trades: observed 15, required gte 400, short by 385
  gen_bv_donchian_close_break_session_time_exit on AUDJPY H4: REJECT at RUNG 0 SANITY -- min_trades: observed 149, required gte 400, short by 251
  gen_bv_donchian_close_break_session_time_exit on AUDUSD H4: REJECT at RUNG 0 SANITY -- min_trades: observed 134, required gte 400, short by 266
  gen_bv_donchian_close_break_session_time_exit on DE40 H4: REJECT at RUNG 0 SANITY -- min_trades: observed 94, required gte 400, short by 306
  gen_bv_donchian_close_break_session_time_exit on EURJPY H4: REJECT at RUNG 0 SANITY -- min_trades: observed 157, required gte 400, short by 243
  gen_bv_donchian_close_break_session_time_exit on EURUSD H4: REJECT at RUNG 0 SANITY -- min_trades: observed 147, required gte 400, short by 253
  gen_bv_donchian_close_break_session_time_exit on GBPJPY H4: REJECT at RUNG 0 SANITY -- min_trades: observed 175, required gte 400, short by 225
  gen_bv_donchian_close_break_session_time_exit on GBPUSD H4: REJECT at RUNG 0 SANITY -- min_trades: observed 155, required gte 400, short by 245
  gen_bv_donchian_close_break_session_time_exit on NZDUSD H4: REJECT at RUNG 0 SANITY -- min_trades: observed 163, required gte 400, short by 237
  gen_bv_donchian_close_break_session_time_exit on UK100 H4: REJECT at RUNG 0 SANITY -- min_trades: observed 106, required gte 400, short by 294
  gen_bv_donchian_close_break_session_time_exit on US500 H4: REJECT at RUNG 0 SANITY -- min_trades: observed 129, required gte 400, short by 271
  gen_bv_donchian_close_break_session_time_exit on USDCAD H4: REJECT at RUNG 0 SANITY -- min_trades: observed 163, required gte 400, short by 237
  gen_bv_donchian_close_break_session_time_exit on USDCHF H4: REJECT at RUNG 0 SANITY -- min_trades: observed 172, required gte 400, short by 228
  gen_bv_donchian_close_break_session_time_exit on USDJPY H4: REJECT at RUNG 0 SANITY -- min_trades: observed 145, required gte 400, short by 255
  gen_bv_donchian_close_break_session_time_exit on XAGUSD H4: REJECT at RUNG 0 SANITY -- min_trades: observed 163, required gte 400, short by 237
  gen_bv_donchian_close_break_session_time_exit on XAUUSD H4: REJECT at RUNG 0 SANITY -- min_trades: observed 145, required gte 400, short by 255
  gen_bv_donchian_fresh_cross_adx_gate_swing_tp_long on AUDJPY H4: REJECT at RUNG 0 SANITY -- min_trades: observed 43, required gte 400, short by 357
  gen_bv_donchian_fresh_cross_adx_gate_swing_tp_long on AUDJPY D1: REJECT at RUNG 0 SANITY -- min_trades: observed 4, required gte 400, short by 396
  gen_bv_donchian_fresh_cross_adx_gate_swing_tp_long on AUDUSD H4: REJECT at RUNG 0 SANITY -- min_trades: observed 39, required gte 400, short by 361
  gen_bv_donchian_fresh_cross_adx_gate_swing_tp_long on AUDUSD D1: REJECT at RUNG 0 SANITY -- min_trades: observed 9, required gte 400, short by 391
  gen_bv_donchian_fresh_cross_adx_gate_swing_tp_long on DE40 H4: REJECT at RUNG 0 SANITY -- min_trades: observed 22, required gte 400, short by 378
  gen_bv_donchian_fresh_cross_adx_gate_swing_tp_long on DE40 D1: REJECT at RUNG 0 SANITY -- min_trades: observed 2, required gte 400, short by 398
  gen_bv_donchian_fresh_cross_adx_gate_swing_tp_long on EURJPY H4: REJECT at RUNG 0 SANITY -- min_trades: observed 29, required gte 400, short by 371
  gen_bv_donchian_fresh_cross_adx_gate_swing_tp_long on EURJPY D1: REJECT at RUNG 0 SANITY -- min_trades: observed 6, required gte 400, short by 394
  gen_bv_donchian_fresh_cross_adx_gate_swing_tp_long on EURUSD H4: REJECT at RUNG 0 SANITY -- min_trades: observed 39, required gte 400, short by 361
  gen_bv_donchian_fresh_cross_adx_gate_swing_tp_long on EURUSD D1: REJECT at RUNG 0 SANITY -- min_trades: observed 7, required gte 400, short by 393
  gen_bv_donchian_fresh_cross_adx_gate_swing_tp_long on GBPJPY H4: REJECT at RUNG 0 SANITY -- min_trades: observed 38, required gte 400, short by 362
  gen_bv_donchian_fresh_cross_adx_gate_swing_tp_long on GBPJPY D1: REJECT at RUNG 0 SANITY -- min_trades: observed 2, required gte 400, short by 398
  gen_bv_donchian_fresh_cross_adx_gate_swing_tp_long on GBPUSD H4: REJECT at RUNG 0 SANITY -- min_trades: observed 40, required gte 400, short by 360
  gen_bv_donchian_fresh_cross_adx_gate_swing_tp_long on GBPUSD D1: REJECT at RUNG 0 SANITY -- min_trades: observed 4, required gte 400, short by 396
  gen_bv_donchian_fresh_cross_adx_gate_swing_tp_long on NZDUSD H4: REJECT at RUNG 0 SANITY -- min_trades: observed 46, required gte 400, short by 354
  gen_bv_donchian_fresh_cross_adx_gate_swing_tp_long on NZDUSD D1: REJECT at RUNG 0 SANITY -- min_trades: observed 7, required gte 400, short by 393
  gen_bv_donchian_fresh_cross_adx_gate_swing_tp_long on UK100 H4: REJECT at RUNG 0 SANITY -- min_trades: observed 19, required gte 400, short by 381
  gen_bv_donchian_fresh_cross_adx_gate_swing_tp_long on UK100 D1: REJECT at RUNG 0 SANITY -- min_trades: observed 0, required gte 400, short by 400
  gen_bv_donchian_fresh_cross_adx_gate_swing_tp_long on US500 H4: REJECT at RUNG 0 SANITY -- min_trades: observed 38, required gte 400, short by 362
  gen_bv_donchian_fresh_cross_adx_gate_swing_tp_long on US500 D1: REJECT at RUNG 0 SANITY -- min_trades: observed 8, required gte 400, short by 392
  gen_bv_donchian_fresh_cross_adx_gate_swing_tp_long on USDCAD H4: REJECT at RUNG 0 SANITY -- min_trades: observed 31, required gte 400, short by 369
  gen_bv_donchian_fresh_cross_adx_gate_swing_tp_long on USDCAD D1: REJECT at RUNG 0 SANITY -- min_trades: observed 6, required gte 400, short by 394
  gen_bv_donchian_fresh_cross_adx_gate_swing_tp_long on USDCHF H4: REJECT at RUNG 0 SANITY -- min_trades: observed 54, required gte 400, short by 346
  gen_bv_donchian_fresh_cross_adx_gate_swing_tp_long on USDCHF D1: REJECT at RUNG 0 SANITY -- min_trades: observed 2, required gte 400, short by 398
  gen_bv_donchian_fresh_cross_adx_gate_swing_tp_long on USDJPY H4: REJECT at RUNG 0 SANITY -- min_trades: observed 38, required gte 400, short by 362
  gen_bv_donchian_fresh_cross_adx_gate_swing_tp_long on USDJPY D1: REJECT at RUNG 0 SANITY -- min_trades: observed 7, required gte 400, short by 393
  gen_bv_donchian_fresh_cross_adx_gate_swing_tp_long on XAGUSD H4: REJECT at RUNG 0 SANITY -- min_trades: observed 43, required gte 400, short by 357
  gen_bv_donchian_fresh_cross_adx_gate_swing_tp_long on XAGUSD D1: REJECT at RUNG 0 SANITY -- min_trades: observed 8, required gte 400, short by 392
  gen_bv_donchian_fresh_cross_adx_gate_swing_tp_long on XAUUSD H4: REJECT at RUNG 0 SANITY -- min_trades: observed 42, required gte 400, short by 358
  gen_bv_donchian_fresh_cross_adx_gate_swing_tp_long on XAUUSD D1: REJECT at RUNG 0 SANITY -- min_trades: observed 3, required gte 400, short by 397
  gen_bv_donchian_fresh_cross_none_swing_tp_short on AUDJPY H4: REJECT at RUNG 0 SANITY -- min_trades: observed 83, required gte 400, short by 317
  gen_bv_donchian_fresh_cross_none_swing_tp_short on AUDJPY D1: REJECT at RUNG 0 SANITY -- min_trades: observed 15, required gte 400, short by 385
  gen_bv_donchian_fresh_cross_none_swing_tp_short on AUDUSD H4: REJECT at RUNG 0 SANITY -- min_trades: observed 79, required gte 400, short by 321
  gen_bv_donchian_fresh_cross_none_swing_tp_short on AUDUSD D1: REJECT at RUNG 0 SANITY -- min_trades: observed 14, required gte 400, short by 386
  gen_bv_donchian_fresh_cross_none_swing_tp_short on DE40 H4: REJECT at RUNG 0 SANITY -- min_trades: observed 46, required gte 400, short by 354
  gen_bv_donchian_fresh_cross_none_swing_tp_short on DE40 D1: REJECT at RUNG 0 SANITY -- min_trades: observed 8, required gte 400, short by 392
  gen_bv_donchian_fresh_cross_none_swing_tp_short on EURJPY H4: REJECT at RUNG 0 SANITY -- min_trades: observed 95, required gte 400, short by 305
  gen_bv_donchian_fresh_cross_none_swing_tp_short on EURJPY D1: REJECT at RUNG 0 SANITY -- min_trades: observed 12, required gte 400, short by 388
  gen_bv_donchian_fresh_cross_none_swing_tp_short on EURUSD H4: REJECT at RUNG 0 SANITY -- min_trades: observed 72, required gte 400, short by 328
  gen_bv_donchian_fresh_cross_none_swing_tp_short on EURUSD D1: REJECT at RUNG 0 SANITY -- min_trades: observed 17, required gte 400, short by 383
  gen_bv_donchian_fresh_cross_none_swing_tp_short on GBPJPY H4: REJECT at RUNG 0 SANITY -- min_trades: observed 87, required gte 400, short by 313
  gen_bv_donchian_fresh_cross_none_swing_tp_short on GBPJPY D1: REJECT at RUNG 0 SANITY -- min_trades: observed 16, required gte 400, short by 384
  gen_bv_donchian_fresh_cross_none_swing_tp_short on GBPUSD H4: REJECT at RUNG 0 SANITY -- min_trades: observed 83, required gte 400, short by 317
  gen_bv_donchian_fresh_cross_none_swing_tp_short on GBPUSD D1: REJECT at RUNG 0 SANITY -- min_trades: observed 13, required gte 400, short by 387
  gen_bv_donchian_fresh_cross_none_swing_tp_short on NZDUSD H4: REJECT at RUNG 0 SANITY -- min_trades: observed 79, required gte 400, short by 321
  gen_bv_donchian_fresh_cross_none_swing_tp_short on NZDUSD D1: REJECT at RUNG 0 SANITY -- min_trades: observed 10, required gte 400, short by 390
  gen_bv_donchian_fresh_cross_none_swing_tp_short on UK100 H4: REJECT at RUNG 0 SANITY -- min_trades: observed 49, required gte 400, short by 351
  gen_bv_donchian_fresh_cross_none_swing_tp_short on UK100 D1: REJECT at RUNG 0 SANITY -- min_trades: observed 0, required gte 400, short by 400
  gen_bv_donchian_fresh_cross_none_swing_tp_short on US500 H4: REJECT at RUNG 0 SANITY -- min_trades: observed 44, required gte 400, short by 356
  gen_bv_donchian_fresh_cross_none_swing_tp_short on US500 D1: REJECT at RUNG 0 SANITY -- min_trades: observed 9, required gte 400, short by 391
  gen_bv_donchian_fresh_cross_none_swing_tp_short on USDCAD H4: REJECT at RUNG 0 SANITY -- min_trades: observed 100, required gte 400, short by 300
  gen_bv_donchian_fresh_cross_none_swing_tp_short on USDCAD D1: REJECT at RUNG 0 SANITY -- min_trades: observed 12, required gte 400, short by 388
  gen_bv_donchian_fresh_cross_none_swing_tp_short on USDCHF H4: REJECT at RUNG 0 SANITY -- min_trades: observed 77, required gte 400, short by 323
  gen_bv_donchian_fresh_cross_none_swing_tp_short on USDCHF D1: REJECT at RUNG 0 SANITY -- min_trades: observed 15, required gte 400, short by 385
  gen_bv_donchian_fresh_cross_none_swing_tp_short on USDJPY H4: REJECT at RUNG 0 SANITY -- min_trades: observed 89, required gte 400, short by 311
  gen_bv_donchian_fresh_cross_none_swing_tp_short on USDJPY D1: REJECT at RUNG 0 SANITY -- min_trades: observed 13, required gte 400, short by 387
  gen_bv_donchian_fresh_cross_none_swing_tp_short on XAGUSD H4: REJECT at RUNG 0 SANITY -- min_trades: observed 83, required gte 400, short by 317
  gen_bv_donchian_fresh_cross_none_swing_tp_short on XAGUSD D1: REJECT at RUNG 0 SANITY -- min_trades: observed 12, required gte 400, short by 388
  gen_bv_donchian_fresh_cross_none_swing_tp_short on XAUUSD H4: REJECT at RUNG 0 SANITY -- min_trades: observed 73, required gte 400, short by 327
  gen_bv_donchian_fresh_cross_none_swing_tp_short on XAUUSD D1: REJECT at RUNG 0 SANITY -- min_trades: observed 14, required gte 400, short by 386
  gen_bv_donchian_fresh_cross_none_time_exit on AUDJPY H4: REJECT at RUNG 0 SANITY -- min_trades: observed 220, required gte 400, short by 180
  gen_bv_donchian_fresh_cross_none_time_exit on AUDJPY D1: REJECT at RUNG 0 SANITY -- min_trades: observed 36, required gte 400, short by 364
  gen_bv_donchian_fresh_cross_none_time_exit on AUDUSD H4: REJECT at RUNG 0 SANITY -- min_trades: observed 196, required gte 400, short by 204
  gen_bv_donchian_fresh_cross_none_time_exit on AUDUSD D1: REJECT at RUNG 0 SANITY -- min_trades: observed 39, required gte 400, short by 361
  gen_bv_donchian_fresh_cross_none_time_exit on DE40 H4: REJECT at RUNG 0 SANITY -- min_trades: observed 114, required gte 400, short by 286
  gen_bv_donchian_fresh_cross_none_time_exit on DE40 D1: REJECT at RUNG 0 SANITY -- min_trades: observed 25, required gte 400, short by 375
  gen_bv_donchian_fresh_cross_none_time_exit on EURJPY H4: REJECT at RUNG 0 SANITY -- min_trades: observed 208, required gte 400, short by 192
  gen_bv_donchian_fresh_cross_none_time_exit on EURJPY D1: REJECT at RUNG 0 SANITY -- min_trades: observed 33, required gte 400, short by 367
  gen_bv_donchian_fresh_cross_none_time_exit on EURUSD H4: REJECT at RUNG 0 SANITY -- min_trades: observed 167, required gte 400, short by 233
  gen_bv_donchian_fresh_cross_none_time_exit on EURUSD D1: REJECT at RUNG 0 SANITY -- min_trades: observed 37, required gte 400, short by 363
  gen_bv_donchian_fresh_cross_none_time_exit on GBPJPY H4: REJECT at RUNG 0 SANITY -- min_trades: observed 224, required gte 400, short by 176
  gen_bv_donchian_fresh_cross_none_time_exit on GBPJPY D1: REJECT at RUNG 0 SANITY -- min_trades: observed 35, required gte 400, short by 365
  gen_bv_donchian_fresh_cross_none_time_exit on GBPUSD H4: REJECT at RUNG 0 SANITY -- min_trades: observed 191, required gte 400, short by 209
  gen_bv_donchian_fresh_cross_none_time_exit on GBPUSD D1: REJECT at RUNG 0 SANITY -- min_trades: observed 27, required gte 400, short by 373
  gen_bv_donchian_fresh_cross_none_time_exit on NZDUSD H4: REJECT at RUNG 0 SANITY -- min_trades: observed 210, required gte 400, short by 190
  gen_bv_donchian_fresh_cross_none_time_exit on NZDUSD D1: REJECT at RUNG 0 SANITY -- min_trades: observed 36, required gte 400, short by 364
  gen_bv_donchian_fresh_cross_none_time_exit on UK100 H4: REJECT at RUNG 0 SANITY -- min_trades: observed 126, required gte 400, short by 274
  gen_bv_donchian_fresh_cross_none_time_exit on UK100 D1: REJECT at RUNG 0 SANITY -- min_trades: observed 0, required gte 400, short by 400
  gen_bv_donchian_fresh_cross_none_time_exit on US500 H4: REJECT at RUNG 0 SANITY -- min_trades: observed 147, required gte 400, short by 253
  gen_bv_donchian_fresh_cross_none_time_exit on US500 D1: REJECT at RUNG 0 SANITY -- min_trades: observed 35, required gte 400, short by 365
  gen_bv_donchian_fresh_cross_none_time_exit on USDCAD H4: REJECT at RUNG 0 SANITY -- min_trades: observed 184, required gte 400, short by 216
  gen_bv_donchian_fresh_cross_none_time_exit on USDCAD D1: REJECT at RUNG 0 SANITY -- min_trades: observed 36, required gte 400, short by 364
  gen_bv_donchian_fresh_cross_none_time_exit on USDCHF H4: REJECT at RUNG 0 SANITY -- min_trades: observed 186, required gte 400, short by 214
  gen_bv_donchian_fresh_cross_none_time_exit on USDCHF D1: REJECT at RUNG 0 SANITY -- min_trades: observed 29, required gte 400, short by 371
  gen_bv_donchian_fresh_cross_none_time_exit on USDJPY H4: REJECT at RUNG 0 SANITY -- min_trades: observed 206, required gte 400, short by 194
  gen_bv_donchian_fresh_cross_none_time_exit on USDJPY D1: REJECT at RUNG 0 SANITY -- min_trades: observed 43, required gte 400, short by 357
  gen_bv_donchian_fresh_cross_none_time_exit on XAGUSD H4: REJECT at RUNG 0 SANITY -- min_trades: observed 195, required gte 400, short by 205
  gen_bv_donchian_fresh_cross_none_time_exit on XAGUSD D1: REJECT at RUNG 0 SANITY -- min_trades: observed 35, required gte 400, short by 365
  gen_bv_donchian_fresh_cross_none_time_exit on XAUUSD H4: REJECT at RUNG 0 SANITY -- min_trades: observed 179, required gte 400, short by 221
  gen_bv_donchian_fresh_cross_none_time_exit on XAUUSD D1: REJECT at RUNG 0 SANITY -- min_trades: observed 29, required gte 400, short by 371
  gen_bv_donchian_fresh_cross_none_trail on AUDJPY H4: REJECT at RUNG 0 SANITY -- min_trades: observed 221, required gte 400, short by 179
  gen_bv_donchian_fresh_cross_none_trail on AUDJPY D1: REJECT at RUNG 0 SANITY -- min_trades: observed 35, required gte 400, short by 365
  gen_bv_donchian_fresh_cross_none_trail on AUDUSD H4: REJECT at RUNG 0 SANITY -- min_trades: observed 196, required gte 400, short by 204
  gen_bv_donchian_fresh_cross_none_trail on AUDUSD D1: REJECT at RUNG 0 SANITY -- min_trades: observed 38, required gte 400, short by 362
  gen_bv_donchian_fresh_cross_none_trail on DE40 H4: REJECT at RUNG 0 SANITY -- min_trades: observed 117, required gte 400, short by 283
  gen_bv_donchian_fresh_cross_none_trail on DE40 D1: REJECT at RUNG 0 SANITY -- min_trades: observed 26, required gte 400, short by 374
  gen_bv_donchian_fresh_cross_none_trail on EURJPY H4: REJECT at RUNG 0 SANITY -- min_trades: observed 200, required gte 400, short by 200
  gen_bv_donchian_fresh_cross_none_trail on EURJPY D1: REJECT at RUNG 0 SANITY -- min_trades: observed 34, required gte 400, short by 366
  gen_bv_donchian_fresh_cross_none_trail on EURUSD H4: REJECT at RUNG 0 SANITY -- min_trades: observed 169, required gte 400, short by 231
  gen_bv_donchian_fresh_cross_none_trail on EURUSD D1: REJECT at RUNG 0 SANITY -- min_trades: observed 37, required gte 400, short by 363
  gen_bv_donchian_fresh_cross_none_trail on GBPJPY H4: REJECT at RUNG 0 SANITY -- min_trades: observed 218, required gte 400, short by 182
  gen_bv_donchian_fresh_cross_none_trail on GBPJPY D1: REJECT at RUNG 0 SANITY -- min_trades: observed 35, required gte 400, short by 365
  gen_bv_donchian_fresh_cross_none_trail on GBPUSD H4: REJECT at RUNG 0 SANITY -- min_trades: observed 190, required gte 400, short by 210
  gen_bv_donchian_fresh_cross_none_trail on GBPUSD D1: REJECT at RUNG 0 SANITY -- min_trades: observed 27, required gte 400, short by 373
  gen_bv_donchian_fresh_cross_none_trail on NZDUSD H4: REJECT at RUNG 0 SANITY -- min_trades: observed 213, required gte 400, short by 187
  gen_bv_donchian_fresh_cross_none_trail on NZDUSD D1: REJECT at RUNG 0 SANITY -- min_trades: observed 35, required gte 400, short by 365
  gen_bv_donchian_fresh_cross_none_trail on UK100 H4: REJECT at RUNG 0 SANITY -- min_trades: observed 133, required gte 400, short by 267
  gen_bv_donchian_fresh_cross_none_trail on UK100 D1: REJECT at RUNG 0 SANITY -- min_trades: observed 10, required gte 400, short by 390
  gen_bv_donchian_fresh_cross_none_trail on US500 H4: REJECT at RUNG 0 SANITY -- min_trades: observed 141, required gte 400, short by 259
  gen_bv_donchian_fresh_cross_none_trail on US500 D1: REJECT at RUNG 0 SANITY -- min_trades: observed 38, required gte 400, short by 362
  gen_bv_donchian_fresh_cross_none_trail on USDCAD H4: REJECT at RUNG 0 SANITY -- min_trades: observed 181, required gte 400, short by 219
  gen_bv_donchian_fresh_cross_none_trail on USDCAD D1: REJECT at RUNG 0 SANITY -- min_trades: observed 35, required gte 400, short by 365
  gen_bv_donchian_fresh_cross_none_trail on USDCHF H4: REJECT at RUNG 0 SANITY -- min_trades: observed 189, required gte 400, short by 211
  gen_bv_donchian_fresh_cross_none_trail on USDCHF D1: REJECT at RUNG 0 SANITY -- min_trades: observed 29, required gte 400, short by 371
  gen_bv_donchian_fresh_cross_none_trail on USDJPY H4: REJECT at RUNG 0 SANITY -- min_trades: observed 202, required gte 400, short by 198
  gen_bv_donchian_fresh_cross_none_trail on USDJPY D1: REJECT at RUNG 0 SANITY -- min_trades: observed 41, required gte 400, short by 359
  gen_bv_donchian_fresh_cross_none_trail on XAGUSD H4: REJECT at RUNG 0 SANITY -- min_trades: observed 194, required gte 400, short by 206
  gen_bv_donchian_fresh_cross_none_trail on XAGUSD D1: REJECT at RUNG 0 SANITY -- min_trades: observed 34, required gte 400, short by 366
  gen_bv_donchian_fresh_cross_none_trail on XAUUSD H4: REJECT at RUNG 0 SANITY -- min_trades: observed 180, required gte 400, short by 220
  gen_bv_donchian_fresh_cross_none_trail on XAUUSD D1: REJECT at RUNG 0 SANITY -- min_trades: observed 30, required gte 400, short by 370
  gen_bv_donchian_fresh_cross_session_swing_tp_short on AUDJPY H4: REJECT at RUNG 0 SANITY -- min_trades: observed 50, required gte 400, short by 350
  gen_bv_donchian_fresh_cross_session_swing_tp_short on AUDUSD H4: REJECT at RUNG 0 SANITY -- min_trades: observed 45, required gte 400, short by 355
  gen_bv_donchian_fresh_cross_session_swing_tp_short on DE40 H4: REJECT at RUNG 0 SANITY -- min_trades: observed 34, required gte 400, short by 366
  gen_bv_donchian_fresh_cross_session_swing_tp_short on EURJPY H4: REJECT at RUNG 0 SANITY -- min_trades: observed 66, required gte 400, short by 334
  gen_bv_donchian_fresh_cross_session_swing_tp_short on EURUSD H4: REJECT at RUNG 0 SANITY -- min_trades: observed 56, required gte 400, short by 344
  gen_bv_donchian_fresh_cross_session_swing_tp_short on GBPJPY H4: REJECT at RUNG 0 SANITY -- min_trades: observed 65, required gte 400, short by 335
  gen_bv_donchian_fresh_cross_session_swing_tp_short on GBPUSD H4: REJECT at RUNG 0 SANITY -- min_trades: observed 65, required gte 400, short by 335
  gen_bv_donchian_fresh_cross_session_swing_tp_short on NZDUSD H4: REJECT at RUNG 0 SANITY -- min_trades: observed 60, required gte 400, short by 340
  gen_bv_donchian_fresh_cross_session_swing_tp_short on UK100 H4: REJECT at RUNG 0 SANITY -- min_trades: observed 39, required gte 400, short by 361
  gen_bv_donchian_fresh_cross_session_swing_tp_short on US500 H4: REJECT at RUNG 0 SANITY -- min_trades: observed 33, required gte 400, short by 367
  gen_bv_donchian_fresh_cross_session_swing_tp_short on USDCAD H4: REJECT at RUNG 0 SANITY -- min_trades: observed 90, required gte 400, short by 310
  gen_bv_donchian_fresh_cross_session_swing_tp_short on USDCHF H4: REJECT at RUNG 0 SANITY -- min_trades: observed 69, required gte 400, short by 331
  gen_bv_donchian_fresh_cross_session_swing_tp_short on USDJPY H4: REJECT at RUNG 0 SANITY -- min_trades: observed 53, required gte 400, short by 347
  gen_bv_donchian_fresh_cross_session_swing_tp_short on XAGUSD H4: REJECT at RUNG 0 SANITY -- min_trades: observed 65, required gte 400, short by 335
  gen_bv_donchian_fresh_cross_session_swing_tp_short on XAUUSD H4: REJECT at RUNG 0 SANITY -- min_trades: observed 60, required gte 400, short by 340
  gen_bv_donchian_fresh_cross_session_time_exit on AUDJPY H4: REJECT at RUNG 0 SANITY -- min_trades: observed 132, required gte 400, short by 268
  gen_bv_donchian_fresh_cross_session_time_exit on AUDUSD H4: REJECT at RUNG 0 SANITY -- min_trades: observed 125, required gte 400, short by 275
  gen_bv_donchian_fresh_cross_session_time_exit on DE40 H4: REJECT at RUNG 0 SANITY -- min_trades: observed 87, required gte 400, short by 313
  gen_bv_donchian_fresh_cross_session_time_exit on EURJPY H4: REJECT at RUNG 0 SANITY -- min_trades: observed 147, required gte 400, short by 253
  gen_bv_donchian_fresh_cross_session_time_exit on EURUSD H4: REJECT at RUNG 0 SANITY -- min_trades: observed 130, required gte 400, short by 270
  gen_bv_donchian_fresh_cross_session_time_exit on GBPJPY H4: REJECT at RUNG 0 SANITY -- min_trades: observed 158, required gte 400, short by 242
  gen_bv_donchian_fresh_cross_session_time_exit on GBPUSD H4: REJECT at RUNG 0 SANITY -- min_trades: observed 142, required gte 400, short by 258
  gen_bv_donchian_fresh_cross_session_time_exit on NZDUSD H4: REJECT at RUNG 0 SANITY -- min_trades: observed 146, required gte 400, short by 254
  gen_bv_donchian_fresh_cross_session_time_exit on UK100 H4: REJECT at RUNG 0 SANITY -- min_trades: observed 96, required gte 400, short by 304
  gen_bv_donchian_fresh_cross_session_time_exit on US500 H4: REJECT at RUNG 0 SANITY -- min_trades: observed 118, required gte 400, short by 282
  gen_bv_donchian_fresh_cross_session_time_exit on USDCAD H4: REJECT at RUNG 0 SANITY -- min_trades: observed 156, required gte 400, short by 244
  gen_bv_donchian_fresh_cross_session_time_exit on USDCHF H4: REJECT at RUNG 0 SANITY -- min_trades: observed 162, required gte 400, short by 238
  gen_bv_donchian_fresh_cross_session_time_exit on USDJPY H4: REJECT at RUNG 0 SANITY -- min_trades: observed 134, required gte 400, short by 266
  gen_bv_donchian_fresh_cross_session_time_exit on XAGUSD H4: REJECT at RUNG 0 SANITY -- min_trades: observed 151, required gte 400, short by 249
  gen_bv_donchian_fresh_cross_session_time_exit on XAUUSD H4: REJECT at RUNG 0 SANITY -- min_trades: observed 139, required gte 400, short by 261
  gen_bv_kc_break_adx_gate_time_exit on AUDJPY H4: REJECT at RUNG 0 SANITY -- min_trades: observed 70, required gte 400, short by 330
  gen_bv_kc_break_adx_gate_time_exit on AUDJPY D1: REJECT at RUNG 0 SANITY -- min_trades: observed 7, required gte 400, short by 393
  gen_bv_kc_break_adx_gate_time_exit on AUDUSD H4: REJECT at RUNG 0 SANITY -- min_trades: observed 57, required gte 400, short by 343
  gen_bv_kc_break_adx_gate_time_exit on AUDUSD D1: REJECT at RUNG 0 SANITY -- min_trades: observed 13, required gte 400, short by 387
  gen_bv_kc_break_adx_gate_time_exit on DE40 H4: REJECT at RUNG 0 SANITY -- min_trades: observed 35, required gte 400, short by 365
  gen_bv_kc_break_adx_gate_time_exit on DE40 D1: REJECT at RUNG 0 SANITY -- min_trades: observed 1, required gte 400, short by 399
  gen_bv_kc_break_adx_gate_time_exit on EURJPY H4: REJECT at RUNG 0 SANITY -- min_trades: observed 62, required gte 400, short by 338
  gen_bv_kc_break_adx_gate_time_exit on EURJPY D1: REJECT at RUNG 0 SANITY -- min_trades: observed 7, required gte 400, short by 393
  gen_bv_kc_break_adx_gate_time_exit on EURUSD H4: REJECT at RUNG 0 SANITY -- min_trades: observed 66, required gte 400, short by 334
  gen_bv_kc_break_adx_gate_time_exit on EURUSD D1: REJECT at RUNG 0 SANITY -- min_trades: observed 13, required gte 400, short by 387
  gen_bv_kc_break_adx_gate_time_exit on GBPJPY H4: REJECT at RUNG 0 SANITY -- min_trades: observed 73, required gte 400, short by 327
  gen_bv_kc_break_adx_gate_time_exit on GBPJPY D1: REJECT at RUNG 0 SANITY -- min_trades: observed 6, required gte 400, short by 394
  gen_bv_kc_break_adx_gate_time_exit on GBPUSD H4: REJECT at RUNG 0 SANITY -- min_trades: observed 71, required gte 400, short by 329
  gen_bv_kc_break_adx_gate_time_exit on GBPUSD D1: REJECT at RUNG 0 SANITY -- min_trades: observed 10, required gte 400, short by 390
  gen_bv_kc_break_adx_gate_time_exit on NZDUSD H4: REJECT at RUNG 0 SANITY -- min_trades: observed 77, required gte 400, short by 323
  gen_bv_kc_break_adx_gate_time_exit on NZDUSD D1: REJECT at RUNG 0 SANITY -- min_trades: observed 9, required gte 400, short by 391
  gen_bv_kc_break_adx_gate_time_exit on UK100 H4: REJECT at RUNG 0 SANITY -- min_trades: observed 35, required gte 400, short by 365
  gen_bv_kc_break_adx_gate_time_exit on UK100 D1: REJECT at RUNG 0 SANITY -- min_trades: observed 0, required gte 400, short by 400
  gen_bv_kc_break_adx_gate_time_exit on US500 H4: REJECT at RUNG 0 SANITY -- min_trades: observed 64, required gte 400, short by 336
  gen_bv_kc_break_adx_gate_time_exit on US500 D1: REJECT at RUNG 0 SANITY -- min_trades: observed 7, required gte 400, short by 393
  gen_bv_kc_break_adx_gate_time_exit on USDCAD H4: REJECT at RUNG 0 SANITY -- min_trades: observed 80, required gte 400, short by 320
  gen_bv_kc_break_adx_gate_time_exit on USDCAD D1: REJECT at RUNG 0 SANITY -- min_trades: observed 11, required gte 400, short by 389
  gen_bv_kc_break_adx_gate_time_exit on USDCHF H4: REJECT at RUNG 0 SANITY -- min_trades: observed 73, required gte 400, short by 327
  gen_bv_kc_break_adx_gate_time_exit on USDCHF D1: REJECT at RUNG 0 SANITY -- min_trades: observed 7, required gte 400, short by 393
  gen_bv_kc_break_adx_gate_time_exit on USDJPY H4: REJECT at RUNG 0 SANITY -- min_trades: observed 80, required gte 400, short by 320
  gen_bv_kc_break_adx_gate_time_exit on USDJPY D1: REJECT at RUNG 0 SANITY -- min_trades: observed 11, required gte 400, short by 389
  gen_bv_kc_break_adx_gate_time_exit on XAGUSD H4: REJECT at RUNG 0 SANITY -- min_trades: observed 78, required gte 400, short by 322
  gen_bv_kc_break_adx_gate_time_exit on XAGUSD D1: REJECT at RUNG 0 SANITY -- min_trades: observed 15, required gte 400, short by 385
  gen_bv_kc_break_adx_gate_time_exit on XAUUSD H4: REJECT at RUNG 0 SANITY -- min_trades: observed 93, required gte 400, short by 307
  gen_bv_kc_break_adx_gate_time_exit on XAUUSD D1: REJECT at RUNG 0 SANITY -- min_trades: observed 10, required gte 400, short by 390
  gen_bv_kc_break_none_swing_tp_long on AUDJPY H4: REJECT at RUNG 0 SANITY -- min_trades: observed 73, required gte 400, short by 327
  gen_bv_kc_break_none_swing_tp_long on AUDJPY D1: REJECT at RUNG 0 SANITY -- min_trades: observed 13, required gte 400, short by 387
  gen_bv_kc_break_none_swing_tp_long on AUDUSD H4: REJECT at RUNG 0 SANITY -- min_trades: observed 68, required gte 400, short by 332
  gen_bv_kc_break_none_swing_tp_long on AUDUSD D1: REJECT at RUNG 0 SANITY -- min_trades: observed 14, required gte 400, short by 386
  gen_bv_kc_break_none_swing_tp_long on DE40 H4: REJECT at RUNG 0 SANITY -- min_trades: observed 52, required gte 400, short by 348
  gen_bv_kc_break_none_swing_tp_long on DE40 D1: REJECT at RUNG 0 SANITY -- min_trades: observed 6, required gte 400, short by 394
  gen_bv_kc_break_none_swing_tp_long on EURJPY H4: REJECT at RUNG 0 SANITY -- min_trades: observed 57, required gte 400, short by 343
  gen_bv_kc_break_none_swing_tp_long on EURJPY D1: REJECT at RUNG 0 SANITY -- min_trades: observed 11, required gte 400, short by 389
  gen_bv_kc_break_none_swing_tp_long on EURUSD H4: REJECT at RUNG 0 SANITY -- min_trades: observed 72, required gte 400, short by 328
  gen_bv_kc_break_none_swing_tp_long on EURUSD D1: REJECT at RUNG 0 SANITY -- min_trades: observed 14, required gte 400, short by 386
  gen_bv_kc_break_none_swing_tp_long on GBPJPY H4: REJECT at RUNG 0 SANITY -- min_trades: observed 64, required gte 400, short by 336
  gen_bv_kc_break_none_swing_tp_long on GBPJPY D1: REJECT at RUNG 0 SANITY -- min_trades: observed 12, required gte 400, short by 388
  gen_bv_kc_break_none_swing_tp_long on GBPUSD H4: REJECT at RUNG 0 SANITY -- min_trades: observed 71, required gte 400, short by 329
  gen_bv_kc_break_none_swing_tp_long on GBPUSD D1: REJECT at RUNG 0 SANITY -- min_trades: observed 11, required gte 400, short by 389
  gen_bv_kc_break_none_swing_tp_long on NZDUSD H4: REJECT at RUNG 0 SANITY -- min_trades: observed 70, required gte 400, short by 330
  gen_bv_kc_break_none_swing_tp_long on NZDUSD D1: REJECT at RUNG 0 SANITY -- min_trades: observed 14, required gte 400, short by 386
  gen_bv_kc_break_none_swing_tp_long on UK100 H4: REJECT at RUNG 0 SANITY -- min_trades: observed 45, required gte 400, short by 355
  gen_bv_kc_break_none_swing_tp_long on UK100 D1: REJECT at RUNG 0 SANITY -- min_trades: observed 0, required gte 400, short by 400
  gen_bv_kc_break_none_swing_tp_long on US500 H4: REJECT at RUNG 0 SANITY -- min_trades: observed 75, required gte 400, short by 325
  gen_bv_kc_break_none_swing_tp_long on US500 D1: REJECT at RUNG 0 SANITY -- min_trades: observed 15, required gte 400, short by 385
  gen_bv_kc_break_none_swing_tp_long on USDCAD H4: REJECT at RUNG 0 SANITY -- min_trades: observed 53, required gte 400, short by 347
  gen_bv_kc_break_none_swing_tp_long on USDCAD D1: REJECT at RUNG 0 SANITY -- min_trades: observed 10, required gte 400, short by 390
  gen_bv_kc_break_none_swing_tp_long on USDCHF H4: REJECT at RUNG 0 SANITY -- min_trades: observed 71, required gte 400, short by 329
  gen_bv_kc_break_none_swing_tp_long on USDCHF D1: REJECT at RUNG 0 SANITY -- min_trades: observed 8, required gte 400, short by 392
  gen_bv_kc_break_none_swing_tp_long on USDJPY H4: REJECT at RUNG 0 SANITY -- min_trades: observed 66, required gte 400, short by 334
  gen_bv_kc_break_none_swing_tp_long on USDJPY D1: REJECT at RUNG 0 SANITY -- min_trades: observed 16, required gte 400, short by 384
  gen_bv_kc_break_none_swing_tp_long on XAGUSD H4: REJECT at RUNG 0 SANITY -- min_trades: observed 82, required gte 400, short by 318
  gen_bv_kc_break_none_swing_tp_long on XAGUSD D1: REJECT at RUNG 0 SANITY -- min_trades: observed 13, required gte 400, short by 387
  gen_bv_kc_break_none_swing_tp_long on XAUUSD H4: REJECT at RUNG 0 SANITY -- min_trades: observed 77, required gte 400, short by 323
  gen_bv_kc_break_none_swing_tp_long on XAUUSD D1: REJECT at RUNG 0 SANITY -- min_trades: observed 11, required gte 400, short by 389
  gen_bv_kc_break_none_tp_r on AUDJPY H4: REJECT at RUNG 0 SANITY -- min_trades: observed 155, required gte 400, short by 245
  gen_bv_kc_break_none_tp_r on AUDJPY D1: REJECT at RUNG 0 SANITY -- min_trades: observed 29, required gte 400, short by 371
  gen_bv_kc_break_none_tp_r on AUDUSD H4: REJECT at RUNG 0 SANITY -- min_trades: observed 143, required gte 400, short by 257
  gen_bv_kc_break_none_tp_r on AUDUSD D1: REJECT at RUNG 0 SANITY -- min_trades: observed 26, required gte 400, short by 374
  gen_bv_kc_break_none_tp_r on DE40 H4: REJECT at RUNG 0 SANITY -- min_trades: observed 91, required gte 400, short by 309
  gen_bv_kc_break_none_tp_r on DE40 D1: REJECT at RUNG 0 SANITY -- min_trades: observed 14, required gte 400, short by 386
  gen_bv_kc_break_none_tp_r on EURJPY H4: REJECT at RUNG 0 SANITY -- min_trades: observed 145, required gte 400, short by 255
  gen_bv_kc_break_none_tp_r on EURJPY D1: REJECT at RUNG 0 SANITY -- min_trades: observed 26, required gte 400, short by 374
  gen_bv_kc_break_none_tp_r on EURUSD H4: REJECT at RUNG 0 SANITY -- min_trades: observed 138, required gte 400, short by 262
  gen_bv_kc_break_none_tp_r on EURUSD D1: REJECT at RUNG 0 SANITY -- min_trades: observed 27, required gte 400, short by 373
  gen_bv_kc_break_none_tp_r on GBPJPY H4: REJECT at RUNG 0 SANITY -- min_trades: observed 160, required gte 400, short by 240
  gen_bv_kc_break_none_tp_r on GBPJPY D1: REJECT at RUNG 0 SANITY -- min_trades: observed 26, required gte 400, short by 374
  gen_bv_kc_break_none_tp_r on GBPUSD H4: REJECT at RUNG 0 SANITY -- min_trades: observed 148, required gte 400, short by 252
  gen_bv_kc_break_none_tp_r on GBPUSD D1: REJECT at RUNG 0 SANITY -- min_trades: observed 23, required gte 400, short by 377
  gen_bv_kc_break_none_tp_r on NZDUSD H4: REJECT at RUNG 0 SANITY -- min_trades: observed 156, required gte 400, short by 244
  gen_bv_kc_break_none_tp_r on NZDUSD D1: REJECT at RUNG 0 SANITY -- min_trades: observed 21, required gte 400, short by 379
  gen_bv_kc_break_none_tp_r on UK100 H4: REJECT at RUNG 0 SANITY -- min_trades: observed 104, required gte 400, short by 296
  gen_bv_kc_break_none_tp_r on UK100 D1: REJECT at RUNG 0 SANITY -- min_trades: observed 8, required gte 400, short by 392
  gen_bv_kc_break_none_tp_r on US500 H4: REJECT at RUNG 0 SANITY -- min_trades: observed 122, required gte 400, short by 278
  gen_bv_kc_break_none_tp_r on US500 D1: REJECT at RUNG 0 SANITY -- min_trades: observed 26, required gte 400, short by 374
  gen_bv_kc_break_none_tp_r on USDCAD H4: REJECT at RUNG 0 SANITY -- min_trades: observed 147, required gte 400, short by 253
  gen_bv_kc_break_none_tp_r on USDCAD D1: REJECT at RUNG 0 SANITY -- min_trades: observed 23, required gte 400, short by 377
  gen_bv_kc_break_none_tp_r on USDCHF H4: REJECT at RUNG 0 SANITY -- min_trades: observed 144, required gte 400, short by 256
  gen_bv_kc_break_none_tp_r on USDCHF D1: REJECT at RUNG 0 SANITY -- min_trades: observed 20, required gte 400, short by 380
  gen_bv_kc_break_none_tp_r on USDJPY H4: REJECT at RUNG 0 SANITY -- min_trades: observed 160, required gte 400, short by 240
  gen_bv_kc_break_none_tp_r on USDJPY D1: REJECT at RUNG 0 SANITY -- min_trades: observed 30, required gte 400, short by 370
  gen_bv_kc_break_none_tp_r on XAGUSD H4: REJECT at RUNG 0 SANITY -- min_trades: observed 167, required gte 400, short by 233
  gen_bv_kc_break_none_tp_r on XAGUSD D1: REJECT at RUNG 0 SANITY -- min_trades: observed 27, required gte 400, short by 373
  gen_bv_kc_break_none_tp_r on XAUUSD H4: REJECT at RUNG 0 SANITY -- min_trades: observed 155, required gte 400, short by 245
  gen_bv_kc_break_none_tp_r on XAUUSD D1: REJECT at RUNG 0 SANITY -- min_trades: observed 25, required gte 400, short by 375
  gen_bv_kc_break_rvol_gate_time_exit on AUDJPY H4: REJECT at RUNG 0 SANITY -- min_trades: observed 131, required gte 400, short by 269
  gen_bv_kc_break_rvol_gate_time_exit on AUDJPY D1: REJECT at RUNG 0 SANITY -- min_trades: observed 31, required gte 400, short by 369
  gen_bv_kc_break_rvol_gate_time_exit on AUDUSD H4: REJECT at RUNG 0 SANITY -- min_trades: observed 117, required gte 400, short by 283
  gen_bv_kc_break_rvol_gate_time_exit on AUDUSD D1: REJECT at RUNG 0 SANITY -- min_trades: observed 26, required gte 400, short by 374
  gen_bv_kc_break_rvol_gate_time_exit on DE40 H4: REJECT at RUNG 0 SANITY -- min_trades: observed 97, required gte 400, short by 303
  gen_bv_kc_break_rvol_gate_time_exit on DE40 D1: REJECT at RUNG 0 SANITY -- min_trades: observed 13, required gte 400, short by 387
  gen_bv_kc_break_rvol_gate_time_exit on EURJPY H4: REJECT at RUNG 0 SANITY -- min_trades: observed 92, required gte 400, short by 308
  gen_bv_kc_break_rvol_gate_time_exit on EURJPY D1: REJECT at RUNG 0 SANITY -- min_trades: observed 24, required gte 400, short by 376
  gen_bv_kc_break_rvol_gate_time_exit on EURUSD H4: REJECT at RUNG 0 SANITY -- min_trades: observed 68, required gte 400, short by 332
  gen_bv_kc_break_rvol_gate_time_exit on EURUSD D1: REJECT at RUNG 0 SANITY -- min_trades: observed 28, required gte 400, short by 372
  gen_bv_kc_break_rvol_gate_time_exit on GBPJPY H4: REJECT at RUNG 0 SANITY -- min_trades: observed 125, required gte 400, short by 275
  gen_bv_kc_break_rvol_gate_time_exit on GBPJPY D1: REJECT at RUNG 0 SANITY -- min_trades: observed 27, required gte 400, short by 373
  gen_bv_kc_break_rvol_gate_time_exit on GBPUSD H4: REJECT at RUNG 0 SANITY -- min_trades: observed 79, required gte 400, short by 321
  gen_bv_kc_break_rvol_gate_time_exit on GBPUSD D1: REJECT at RUNG 0 SANITY -- min_trades: observed 23, required gte 400, short by 377
  gen_bv_kc_break_rvol_gate_time_exit on NZDUSD H4: REJECT at RUNG 0 SANITY -- min_trades: observed 143, required gte 400, short by 257
  gen_bv_kc_break_rvol_gate_time_exit on NZDUSD D1: REJECT at RUNG 0 SANITY -- min_trades: observed 21, required gte 400, short by 379
  gen_bv_kc_break_rvol_gate_time_exit on UK100 H4: REJECT at RUNG 0 SANITY -- min_trades: observed 94, required gte 400, short by 306
  gen_bv_kc_break_rvol_gate_time_exit on UK100 D1: REJECT at RUNG 0 SANITY -- min_trades: observed 0, required gte 400, short by 400
  gen_bv_kc_break_rvol_gate_time_exit on US500 H4: REJECT at RUNG 0 SANITY -- min_trades: observed 101, required gte 400, short by 299
  gen_bv_kc_break_rvol_gate_time_exit on US500 D1: REJECT at RUNG 0 SANITY -- min_trades: observed 25, required gte 400, short by 375
  gen_bv_kc_break_rvol_gate_time_exit on USDCAD H4: REJECT at RUNG 0 SANITY -- min_trades: observed 72, required gte 400, short by 328
  gen_bv_kc_break_rvol_gate_time_exit on USDCAD D1: REJECT at RUNG 0 SANITY -- min_trades: observed 27, required gte 400, short by 373
  gen_bv_kc_break_rvol_gate_time_exit on USDCHF H4: REJECT at RUNG 0 SANITY -- min_trades: observed 85, required gte 400, short by 315
  gen_bv_kc_break_rvol_gate_time_exit on USDCHF D1: REJECT at RUNG 0 SANITY -- min_trades: observed 22, required gte 400, short by 378
  gen_bv_kc_break_rvol_gate_time_exit on USDJPY H4: REJECT at RUNG 0 SANITY -- min_trades: observed 89, required gte 400, short by 311
  gen_bv_kc_break_rvol_gate_time_exit on USDJPY D1: REJECT at RUNG 0 SANITY -- min_trades: observed 34, required gte 400, short by 366
  gen_bv_kc_break_rvol_gate_time_exit on XAGUSD H4: REJECT at RUNG 0 SANITY -- min_trades: observed 169, required gte 400, short by 231
  gen_bv_kc_break_rvol_gate_time_exit on XAGUSD D1: REJECT at RUNG 0 SANITY -- min_trades: observed 28, required gte 400, short by 372
  gen_bv_kc_break_rvol_gate_time_exit on XAUUSD H4: REJECT at RUNG 0 SANITY -- min_trades: observed 156, required gte 400, short by 244
  gen_bv_kc_break_rvol_gate_time_exit on XAUUSD D1: REJECT at RUNG 0 SANITY -- min_trades: observed 25, required gte 400, short by 375
  gen_bv_kc_break_rvol_gate_tp_r on AUDJPY H4: REJECT at RUNG 0 SANITY -- min_trades: observed 123, required gte 400, short by 277
  gen_bv_kc_break_rvol_gate_tp_r on AUDJPY D1: REJECT at RUNG 0 SANITY -- min_trades: observed 29, required gte 400, short by 371
  gen_bv_kc_break_rvol_gate_tp_r on AUDUSD H4: REJECT at RUNG 0 SANITY -- min_trades: observed 110, required gte 400, short by 290
  gen_bv_kc_break_rvol_gate_tp_r on AUDUSD D1: REJECT at RUNG 0 SANITY -- min_trades: observed 26, required gte 400, short by 374
  gen_bv_kc_break_rvol_gate_tp_r on DE40 H4: REJECT at RUNG 0 SANITY -- min_trades: observed 91, required gte 400, short by 309
  gen_bv_kc_break_rvol_gate_tp_r on DE40 D1: REJECT at RUNG 0 SANITY -- min_trades: observed 14, required gte 400, short by 386
  gen_bv_kc_break_rvol_gate_tp_r on EURJPY H4: REJECT at RUNG 0 SANITY -- min_trades: observed 87, required gte 400, short by 313
  gen_bv_kc_break_rvol_gate_tp_r on EURJPY D1: REJECT at RUNG 0 SANITY -- min_trades: observed 26, required gte 400, short by 374
  gen_bv_kc_break_rvol_gate_tp_r on EURUSD H4: REJECT at RUNG 0 SANITY -- min_trades: observed 69, required gte 400, short by 331
  gen_bv_kc_break_rvol_gate_tp_r on EURUSD D1: REJECT at RUNG 0 SANITY -- min_trades: observed 27, required gte 400, short by 373
  gen_bv_kc_break_rvol_gate_tp_r on GBPJPY H4: REJECT at RUNG 0 SANITY -- min_trades: observed 114, required gte 400, short by 286
  gen_bv_kc_break_rvol_gate_tp_r on GBPJPY D1: REJECT at RUNG 0 SANITY -- min_trades: observed 26, required gte 400, short by 374
  gen_bv_kc_break_rvol_gate_tp_r on GBPUSD H4: REJECT at RUNG 0 SANITY -- min_trades: observed 78, required gte 400, short by 322
  gen_bv_kc_break_rvol_gate_tp_r on GBPUSD D1: REJECT at RUNG 0 SANITY -- min_trades: observed 23, required gte 400, short by 377
  gen_bv_kc_break_rvol_gate_tp_r on NZDUSD H4: REJECT at RUNG 0 SANITY -- min_trades: observed 141, required gte 400, short by 259
  gen_bv_kc_break_rvol_gate_tp_r on NZDUSD D1: REJECT at RUNG 0 SANITY -- min_trades: observed 21, required gte 400, short by 379
  gen_bv_kc_break_rvol_gate_tp_r on UK100 H4: REJECT at RUNG 0 SANITY -- min_trades: observed 101, required gte 400, short by 299
  gen_bv_kc_break_rvol_gate_tp_r on UK100 D1: REJECT at RUNG 0 SANITY -- min_trades: observed 8, required gte 400, short by 392
  gen_bv_kc_break_rvol_gate_tp_r on US500 H4: REJECT at RUNG 0 SANITY -- min_trades: observed 99, required gte 400, short by 301
  gen_bv_kc_break_rvol_gate_tp_r on US500 D1: REJECT at RUNG 0 SANITY -- min_trades: observed 26, required gte 400, short by 374
  gen_bv_kc_break_rvol_gate_tp_r on USDCAD H4: REJECT at RUNG 0 SANITY -- min_trades: observed 71, required gte 400, short by 329
  gen_bv_kc_break_rvol_gate_tp_r on USDCAD D1: REJECT at RUNG 0 SANITY -- min_trades: observed 23, required gte 400, short by 377
  gen_bv_kc_break_rvol_gate_tp_r on USDCHF H4: REJECT at RUNG 0 SANITY -- min_trades: observed 83, required gte 400, short by 317
  gen_bv_kc_break_rvol_gate_tp_r on USDCHF D1: REJECT at RUNG 0 SANITY -- min_trades: observed 20, required gte 400, short by 380
  gen_bv_kc_break_rvol_gate_tp_r on USDJPY H4: REJECT at RUNG 0 SANITY -- min_trades: observed 83, required gte 400, short by 317
  gen_bv_kc_break_rvol_gate_tp_r on USDJPY D1: REJECT at RUNG 0 SANITY -- min_trades: observed 30, required gte 400, short by 370
  gen_bv_kc_break_rvol_gate_tp_r on XAGUSD H4: REJECT at RUNG 0 SANITY -- min_trades: observed 167, required gte 400, short by 233
  gen_bv_kc_break_rvol_gate_tp_r on XAGUSD D1: REJECT at RUNG 0 SANITY -- min_trades: observed 27, required gte 400, short by 373
  gen_bv_kc_break_rvol_gate_tp_r on XAUUSD H4: REJECT at RUNG 0 SANITY -- min_trades: observed 149, required gte 400, short by 251
  gen_bv_kc_break_rvol_gate_tp_r on XAUUSD D1: REJECT at RUNG 0 SANITY -- min_trades: observed 25, required gte 400, short by 375
  gen_bv_kc_break_session_trail on AUDJPY H4: REJECT at RUNG 0 SANITY -- min_trades: observed 100, required gte 400, short by 300
  gen_bv_kc_break_session_trail on AUDUSD H4: REJECT at RUNG 0 SANITY -- min_trades: observed 106, required gte 400, short by 294
  gen_bv_kc_break_session_trail on DE40 H4: REJECT at RUNG 0 SANITY -- min_trades: observed 72, required gte 400, short by 328
  gen_bv_kc_break_session_trail on EURJPY H4: REJECT at RUNG 0 SANITY -- min_trades: observed 101, required gte 400, short by 299
  gen_bv_kc_break_session_trail on EURUSD H4: REJECT at RUNG 0 SANITY -- min_trades: observed 111, required gte 400, short by 289
  gen_bv_kc_break_session_trail on GBPJPY H4: REJECT at RUNG 0 SANITY -- min_trades: observed 117, required gte 400, short by 283
  gen_bv_kc_break_session_trail on GBPUSD H4: REJECT at RUNG 0 SANITY -- min_trades: observed 115, required gte 400, short by 285
  gen_bv_kc_break_session_trail on NZDUSD H4: REJECT at RUNG 0 SANITY -- min_trades: observed 105, required gte 400, short by 295
  gen_bv_kc_break_session_trail on UK100 H4: REJECT at RUNG 0 SANITY -- min_trades: observed 81, required gte 400, short by 319
  gen_bv_kc_break_session_trail on US500 H4: REJECT at RUNG 0 SANITY -- min_trades: observed 96, required gte 400, short by 304
  gen_bv_kc_break_session_trail on USDCAD H4: REJECT at RUNG 0 SANITY -- min_trades: observed 137, required gte 400, short by 263
  gen_bv_kc_break_session_trail on USDCHF H4: REJECT at RUNG 0 SANITY -- min_trades: observed 122, required gte 400, short by 278
  gen_bv_kc_break_session_trail on USDJPY H4: REJECT at RUNG 0 SANITY -- min_trades: observed 113, required gte 400, short by 287
  gen_bv_kc_break_session_trail on XAGUSD H4: REJECT at RUNG 0 SANITY -- min_trades: observed 141, required gte 400, short by 259
  gen_bv_kc_break_session_trail on XAUUSD H4: REJECT at RUNG 0 SANITY -- min_trades: observed 133, required gte 400, short by 267
  gen_ic_kumo_chikou_flip_adx_gate_swing_tp_long on AUDJPY H4: REJECT at RUNG 0 SANITY -- min_trades: observed 115, required gte 400, short by 285
  gen_ic_kumo_chikou_flip_adx_gate_swing_tp_long on AUDJPY D1: REJECT at RUNG 0 SANITY -- min_trades: observed 15, required gte 400, short by 385
  gen_ic_kumo_chikou_flip_adx_gate_swing_tp_long on AUDUSD H4: REJECT at RUNG 0 SANITY -- min_trades: observed 130, required gte 400, short by 270
  gen_ic_kumo_chikou_flip_adx_gate_swing_tp_long on AUDUSD D1: REJECT at RUNG 0 SANITY -- min_trades: observed 19, required gte 400, short by 381
  gen_ic_kumo_chikou_flip_adx_gate_swing_tp_long on EURJPY H4: REJECT at RUNG 0 SANITY -- min_trades: observed 108, required gte 400, short by 292
  gen_ic_kumo_chikou_flip_adx_gate_swing_tp_long on EURJPY D1: REJECT at RUNG 0 SANITY -- min_trades: observed 25, required gte 400, short by 375
  gen_ic_kumo_chikou_flip_adx_gate_swing_tp_long on EURUSD H4: REJECT at RUNG 0 SANITY -- min_trades: observed 109, required gte 400, short by 291
  gen_ic_kumo_chikou_flip_adx_gate_swing_tp_long on EURUSD D1: REJECT at RUNG 0 SANITY -- min_trades: observed 17, required gte 400, short by 383
  gen_ic_kumo_chikou_flip_adx_gate_swing_tp_long on GBPJPY H4: REJECT at RUNG 0 SANITY -- min_trades: observed 130, required gte 400, short by 270
  gen_ic_kumo_chikou_flip_adx_gate_swing_tp_long on GBPJPY D1: REJECT at RUNG 0 SANITY -- min_trades: observed 15, required gte 400, short by 385
  gen_ic_kumo_chikou_flip_adx_gate_swing_tp_long on GBPUSD H4: REJECT at RUNG 0 SANITY -- min_trades: observed 128, required gte 400, short by 272
  gen_ic_kumo_chikou_flip_adx_gate_swing_tp_long on GBPUSD D1: REJECT at RUNG 0 SANITY -- min_trades: observed 18, required gte 400, short by 382
  gen_ic_kumo_chikou_flip_adx_gate_swing_tp_long on US500 H4: REJECT at RUNG 0 SANITY -- min_trades: observed 120, required gte 400, short by 280
  gen_ic_kumo_chikou_flip_adx_gate_swing_tp_long on US500 D1: REJECT at RUNG 0 SANITY -- min_trades: observed 25, required gte 400, short by 375
  gen_ic_kumo_chikou_flip_adx_gate_swing_tp_long on USDJPY H4: REJECT at RUNG 0 SANITY -- min_trades: observed 112, required gte 400, short by 288
  gen_ic_kumo_chikou_flip_adx_gate_swing_tp_long on USDJPY D1: REJECT at RUNG 0 SANITY -- min_trades: observed 17, required gte 400, short by 383
  gen_ic_kumo_chikou_flip_adx_gate_swing_tp_long on XAUUSD H4: REJECT at RUNG 0 SANITY -- min_trades: observed 144, required gte 400, short by 256
  gen_ic_kumo_chikou_flip_adx_gate_swing_tp_long on XAUUSD D1: REJECT at RUNG 0 SANITY -- min_trades: observed 23, required gte 400, short by 377
  gen_ic_kumo_chikou_flip_none_swing_tp_short on AUDJPY H4: REJECT at RUNG 0 SANITY -- min_trades: observed 174, required gte 400, short by 226
  gen_ic_kumo_chikou_flip_none_swing_tp_short on AUDJPY D1: REJECT at RUNG 0 SANITY -- min_trades: observed 30, required gte 400, short by 370
  gen_ic_kumo_chikou_flip_none_swing_tp_short on AUDUSD H4: REJECT at RUNG 0 SANITY -- min_trades: observed 173, required gte 400, short by 227
  gen_ic_kumo_chikou_flip_none_swing_tp_short on AUDUSD D1: REJECT at RUNG 0 SANITY -- min_trades: observed 36, required gte 400, short by 364
  gen_ic_kumo_chikou_flip_none_swing_tp_short on EURJPY H4: REJECT at RUNG 0 SANITY -- min_trades: observed 173, required gte 400, short by 227
  gen_ic_kumo_chikou_flip_none_swing_tp_short on EURJPY D1: REJECT at RUNG 0 SANITY -- min_trades: observed 30, required gte 400, short by 370
  gen_ic_kumo_chikou_flip_none_swing_tp_short on EURUSD H4: REJECT at RUNG 0 SANITY -- min_trades: observed 163, required gte 400, short by 237
  gen_ic_kumo_chikou_flip_none_swing_tp_short on EURUSD D1: REJECT at RUNG 0 SANITY -- min_trades: observed 43, required gte 400, short by 357
  gen_ic_kumo_chikou_flip_none_swing_tp_short on GBPJPY H4: REJECT at RUNG 0 SANITY -- min_trades: observed 127, required gte 400, short by 273
  gen_ic_kumo_chikou_flip_none_swing_tp_short on GBPJPY D1: REJECT at RUNG 0 SANITY -- min_trades: observed 21, required gte 400, short by 379
  gen_ic_kumo_chikou_flip_none_swing_tp_short on GBPUSD H4: REJECT at RUNG 0 SANITY -- min_trades: observed 117, required gte 400, short by 283
  gen_ic_kumo_chikou_flip_none_swing_tp_short on GBPUSD D1: REJECT at RUNG 0 SANITY -- min_trades: observed 40, required gte 400, short by 360
  gen_ic_kumo_chikou_flip_none_swing_tp_short on US500 H4: REJECT at RUNG 0 SANITY -- min_trades: observed 152, required gte 400, short by 248
  gen_ic_kumo_chikou_flip_none_swing_tp_short on US500 D1: REJECT at RUNG 0 SANITY -- min_trades: observed 26, required gte 400, short by 374
  gen_ic_kumo_chikou_flip_none_swing_tp_short on USDJPY H4: REJECT at RUNG 0 SANITY -- min_trades: observed 132, required gte 400, short by 268
  gen_ic_kumo_chikou_flip_none_swing_tp_short on USDJPY D1: REJECT at RUNG 0 SANITY -- min_trades: observed 41, required gte 400, short by 359
  gen_ic_kumo_chikou_flip_none_swing_tp_short on XAUUSD H4: REJECT at RUNG 0 SANITY -- min_trades: observed 146, required gte 400, short by 254
  gen_ic_kumo_chikou_flip_none_swing_tp_short on XAUUSD D1: REJECT at RUNG 0 SANITY -- min_trades: observed 31, required gte 400, short by 369
  gen_ic_kumo_chikou_flip_rvol_gate_swing_tp_long on AUDJPY H4: REJECT at RUNG 0 SANITY -- min_trades: observed 177, required gte 400, short by 223
  gen_ic_kumo_chikou_flip_rvol_gate_swing_tp_long on AUDJPY D1: REJECT at RUNG 0 SANITY -- min_trades: observed 36, required gte 400, short by 364
  gen_ic_kumo_chikou_flip_rvol_gate_swing_tp_long on AUDUSD H4: REJECT at RUNG 0 SANITY -- min_trades: observed 191, required gte 400, short by 209
  gen_ic_kumo_chikou_flip_rvol_gate_swing_tp_long on AUDUSD D1: REJECT at RUNG 0 SANITY -- min_trades: observed 38, required gte 400, short by 362
  gen_ic_kumo_chikou_flip_rvol_gate_swing_tp_long on EURJPY H4: REJECT at RUNG 0 SANITY -- min_trades: observed 151, required gte 400, short by 249
  gen_ic_kumo_chikou_flip_rvol_gate_swing_tp_long on EURJPY D1: REJECT at RUNG 0 SANITY -- min_trades: observed 37, required gte 400, short by 363
  gen_ic_kumo_chikou_flip_rvol_gate_swing_tp_long on EURUSD H4: REJECT at RUNG 0 SANITY -- min_trades: observed 141, required gte 400, short by 259
  gen_ic_kumo_chikou_flip_rvol_gate_swing_tp_long on EURUSD D1: REJECT at RUNG 0 SANITY -- min_trades: observed 35, required gte 400, short by 365
  gen_ic_kumo_chikou_flip_rvol_gate_swing_tp_long on GBPJPY H4: REJECT at RUNG 0 SANITY -- min_trades: observed 181, required gte 400, short by 219
  gen_ic_kumo_chikou_flip_rvol_gate_swing_tp_long on GBPJPY D1: REJECT at RUNG 0 SANITY -- min_trades: observed 30, required gte 400, short by 370
  gen_ic_kumo_chikou_flip_rvol_gate_swing_tp_long on GBPUSD H4: REJECT at RUNG 0 SANITY -- min_trades: observed 161, required gte 400, short by 239
  gen_ic_kumo_chikou_flip_rvol_gate_swing_tp_long on GBPUSD D1: REJECT at RUNG 0 SANITY -- min_trades: observed 50, required gte 400, short by 350
  gen_ic_kumo_chikou_flip_rvol_gate_swing_tp_long on US500 H4: REJECT at RUNG 0 SANITY -- min_trades: observed 170, required gte 400, short by 230
  gen_ic_kumo_chikou_flip_rvol_gate_swing_tp_long on US500 D1: REJECT at RUNG 0 SANITY -- min_trades: observed 42, required gte 400, short by 358
  gen_ic_kumo_chikou_flip_rvol_gate_swing_tp_long on USDJPY H4: REJECT at RUNG 0 SANITY -- min_trades: observed 128, required gte 400, short by 272
  gen_ic_kumo_chikou_flip_rvol_gate_swing_tp_long on USDJPY D1: REJECT at RUNG 0 SANITY -- min_trades: observed 33, required gte 400, short by 367
  gen_ic_kumo_chikou_flip_rvol_gate_swing_tp_long on XAUUSD H4: REJECT at RUNG 0 SANITY -- min_trades: observed 199, required gte 400, short by 201
  gen_ic_kumo_chikou_flip_rvol_gate_swing_tp_long on XAUUSD D1: REJECT at RUNG 0 SANITY -- min_trades: observed 26, required gte 400, short by 374
  gen_ic_kumo_chikou_flip_rvol_gate_time_exit on AUDJPY H4: REJECT at RUNG 0 SANITY -- RUNG 0 SANITY: expectancy -0.191566 at declared defaults is not positive; there is no edge to validate.
  gen_ic_kumo_chikou_flip_rvol_gate_time_exit on AUDJPY D1: REJECT at RUNG 0 SANITY -- min_trades: observed 92, required gte 400, short by 308
  gen_ic_kumo_chikou_flip_rvol_gate_time_exit on AUDUSD H4: REJECT at RUNG 0 SANITY -- RUNG 0 SANITY: expectancy -0.724451 at declared defaults is not positive; there is no edge to validate.
  gen_ic_kumo_chikou_flip_rvol_gate_time_exit on AUDUSD D1: REJECT at RUNG 0 SANITY -- min_trades: observed 92, required gte 400, short by 308
  gen_ic_kumo_chikou_flip_rvol_gate_time_exit on EURJPY H4: REJECT at RUNG 0 SANITY -- min_trades: observed 397, required gte 400, short by 3
  gen_ic_kumo_chikou_flip_rvol_gate_time_exit on EURJPY D1: REJECT at RUNG 0 SANITY -- min_trades: observed 105, required gte 400, short by 295
  gen_ic_kumo_chikou_flip_rvol_gate_time_exit on EURUSD H4: REJECT at RUNG 0 SANITY -- min_trades: observed 383, required gte 400, short by 17
  gen_ic_kumo_chikou_flip_rvol_gate_time_exit on EURUSD D1: REJECT at RUNG 0 SANITY -- min_trades: observed 100, required gte 400, short by 300
  gen_ic_kumo_chikou_flip_rvol_gate_time_exit on GBPJPY H4: REJECT at RUNG 0 SANITY -- RUNG 0 SANITY: expectancy -0.217961 at declared defaults is not positive; there is no edge to validate.
  gen_ic_kumo_chikou_flip_rvol_gate_time_exit on GBPJPY D1: REJECT at RUNG 0 SANITY -- min_trades: observed 93, required gte 400, short by 307
  gen_ic_kumo_chikou_flip_rvol_gate_time_exit on GBPUSD H4: REJECT at RUNG 0 SANITY -- min_trades: observed 398, required gte 400, short by 2
  gen_ic_kumo_chikou_flip_rvol_gate_time_exit on GBPUSD D1: REJECT at RUNG 0 SANITY -- min_trades: observed 103, required gte 400, short by 297
  gen_ic_kumo_chikou_flip_rvol_gate_time_exit on US500 H4: REJECT at RUNG 0 SANITY -- RUNG 0 SANITY: expectancy -1.16259 at declared defaults is not positive; there is no edge to validate.
  gen_ic_kumo_chikou_flip_rvol_gate_time_exit on US500 D1: REJECT at RUNG 0 SANITY -- min_trades: observed 94, required gte 400, short by 306
  gen_ic_kumo_chikou_flip_rvol_gate_time_exit on USDJPY H4: REJECT at RUNG 0 SANITY -- min_trades: observed 395, required gte 400, short by 5
  gen_ic_kumo_chikou_flip_rvol_gate_time_exit on USDJPY D1: REJECT at RUNG 0 SANITY -- min_trades: observed 105, required gte 400, short by 295
  gen_ic_kumo_chikou_flip_rvol_gate_time_exit on XAUUSD H4: REJECT at RUNG 2 WALK_FORWARD -- walk_forward_efficiency: observed 26.2, required gte 50, short by 23.8
  gen_ic_kumo_chikou_flip_rvol_gate_time_exit on XAUUSD D1: REJECT at RUNG 0 SANITY -- min_trades: observed 94, required gte 400, short by 306
  gen_ic_kumo_chikou_flip_session_time_exit on AUDJPY H4: REJECT at RUNG 0 SANITY -- min_trades: observed 393, required gte 400, short by 7
  gen_ic_kumo_chikou_flip_session_time_exit on AUDUSD H4: REJECT at RUNG 0 SANITY -- RUNG 0 SANITY: expectancy -1.21379 at declared defaults is not positive; there is no edge to validate.
  gen_ic_kumo_chikou_flip_session_time_exit on EURJPY H4: REJECT at RUNG 0 SANITY -- min_trades: observed 386, required gte 400, short by 14
  gen_ic_kumo_chikou_flip_session_time_exit on EURUSD H4: REJECT at RUNG 0 SANITY -- RUNG 0 SANITY: expectancy -0.950526 at declared defaults is not positive; there is no edge to validate.
  gen_ic_kumo_chikou_flip_session_time_exit on GBPJPY H4: REJECT at RUNG 0 SANITY -- min_trades: observed 382, required gte 400, short by 18
  gen_ic_kumo_chikou_flip_session_time_exit on GBPUSD H4: REJECT at RUNG 0 SANITY -- RUNG 0 SANITY: expectancy -1.00611 at declared defaults is not positive; there is no edge to validate.
  gen_ic_kumo_chikou_flip_session_time_exit on US500 H4: REJECT at RUNG 0 SANITY -- RUNG 0 SANITY: expectancy -1.46139 at declared defaults is not positive; there is no edge to validate.
  gen_ic_kumo_chikou_flip_session_time_exit on USDJPY H4: REJECT at RUNG 1 IN_SAMPLE_SCREEN -- RUNG 1 IN_SAMPLE_SCREEN: no parameterisation inside the domains the document declares is positive in sample on sharpe; there is
  gen_ic_kumo_chikou_flip_session_time_exit on XAUUSD H4: REJECT at RUNG 2 WALK_FORWARD -- walk_forward_efficiency: observed 15.67, required gte 50, short by 34.33
  gen_ic_kumo_kijun_cross_adx_gate_swing_tp_long on AUDJPY H4: REJECT at RUNG 0 SANITY -- min_trades: observed 99, required gte 400, short by 301
  gen_ic_kumo_kijun_cross_adx_gate_swing_tp_long on AUDJPY D1: REJECT at RUNG 0 SANITY -- min_trades: observed 20, required gte 400, short by 380
  gen_ic_kumo_kijun_cross_adx_gate_swing_tp_long on AUDUSD H4: REJECT at RUNG 0 SANITY -- min_trades: observed 112, required gte 400, short by 288
  gen_ic_kumo_kijun_cross_adx_gate_swing_tp_long on AUDUSD D1: REJECT at RUNG 0 SANITY -- min_trades: observed 17, required gte 400, short by 383
  gen_ic_kumo_kijun_cross_adx_gate_swing_tp_long on EURJPY H4: REJECT at RUNG 0 SANITY -- min_trades: observed 98, required gte 400, short by 302
  gen_ic_kumo_kijun_cross_adx_gate_swing_tp_long on EURJPY D1: REJECT at RUNG 0 SANITY -- min_trades: observed 22, required gte 400, short by 378
  gen_ic_kumo_kijun_cross_adx_gate_swing_tp_long on EURUSD H4: REJECT at RUNG 0 SANITY -- min_trades: observed 101, required gte 400, short by 299
  gen_ic_kumo_kijun_cross_adx_gate_swing_tp_long on EURUSD D1: REJECT at RUNG 0 SANITY -- min_trades: observed 17, required gte 400, short by 383
  gen_ic_kumo_kijun_cross_adx_gate_swing_tp_long on GBPJPY H4: REJECT at RUNG 0 SANITY -- min_trades: observed 102, required gte 400, short by 298
  gen_ic_kumo_kijun_cross_adx_gate_swing_tp_long on GBPJPY D1: REJECT at RUNG 0 SANITY -- min_trades: observed 18, required gte 400, short by 382
  gen_ic_kumo_kijun_cross_adx_gate_swing_tp_long on GBPUSD H4: REJECT at RUNG 0 SANITY -- min_trades: observed 121, required gte 400, short by 279
  gen_ic_kumo_kijun_cross_adx_gate_swing_tp_long on GBPUSD D1: REJECT at RUNG 0 SANITY -- min_trades: observed 17, required gte 400, short by 383
  gen_ic_kumo_kijun_cross_adx_gate_swing_tp_long on US500 H4: REJECT at RUNG 0 SANITY -- min_trades: observed 117, required gte 400, short by 283
  gen_ic_kumo_kijun_cross_adx_gate_swing_tp_long on US500 D1: REJECT at RUNG 0 SANITY -- min_trades: observed 24, required gte 400, short by 376
  gen_ic_kumo_kijun_cross_adx_gate_swing_tp_long on USDJPY H4: REJECT at RUNG 0 SANITY -- min_trades: observed 97, required gte 400, short by 303
  gen_ic_kumo_kijun_cross_adx_gate_swing_tp_long on USDJPY D1: REJECT at RUNG 0 SANITY -- min_trades: observed 14, required gte 400, short by 386
  gen_ic_kumo_kijun_cross_adx_gate_swing_tp_long on XAUUSD H4: REJECT at RUNG 0 SANITY -- min_trades: observed 130, required gte 400, short by 270
  gen_ic_kumo_kijun_cross_adx_gate_swing_tp_long on XAUUSD D1: REJECT at RUNG 0 SANITY -- min_trades: observed 11, required gte 400, short by 389
  gen_ic_kumo_kijun_cross_adx_gate_tp_r on AUDJPY H4: REJECT at RUNG 0 SANITY -- min_trades: observed 250, required gte 400, short by 150
  gen_ic_kumo_kijun_cross_adx_gate_tp_r on AUDJPY D1: REJECT at RUNG 0 SANITY -- min_trades: observed 47, required gte 400, short by 353
  gen_ic_kumo_kijun_cross_adx_gate_tp_r on AUDUSD H4: REJECT at RUNG 0 SANITY -- min_trades: observed 258, required gte 400, short by 142
  gen_ic_kumo_kijun_cross_adx_gate_tp_r on AUDUSD D1: REJECT at RUNG 0 SANITY -- min_trades: observed 46, required gte 400, short by 354
  gen_ic_kumo_kijun_cross_adx_gate_tp_r on EURJPY H4: REJECT at RUNG 0 SANITY -- min_trades: observed 266, required gte 400, short by 134
  gen_ic_kumo_kijun_cross_adx_gate_tp_r on EURJPY D1: REJECT at RUNG 0 SANITY -- min_trades: observed 55, required gte 400, short by 345
  gen_ic_kumo_kijun_cross_adx_gate_tp_r on EURUSD H4: REJECT at RUNG 0 SANITY -- min_trades: observed 279, required gte 400, short by 121
  gen_ic_kumo_kijun_cross_adx_gate_tp_r on EURUSD D1: REJECT at RUNG 0 SANITY -- min_trades: observed 50, required gte 400, short by 350
  gen_ic_kumo_kijun_cross_adx_gate_tp_r on GBPJPY H4: REJECT at RUNG 0 SANITY -- min_trades: observed 271, required gte 400, short by 129
  gen_ic_kumo_kijun_cross_adx_gate_tp_r on GBPJPY D1: REJECT at RUNG 0 SANITY -- min_trades: observed 53, required gte 400, short by 347
  gen_ic_kumo_kijun_cross_adx_gate_tp_r on GBPUSD H4: REJECT at RUNG 0 SANITY -- min_trades: observed 276, required gte 400, short by 124
  gen_ic_kumo_kijun_cross_adx_gate_tp_r on GBPUSD D1: REJECT at RUNG 0 SANITY -- min_trades: observed 32, required gte 400, short by 368
  gen_ic_kumo_kijun_cross_adx_gate_tp_r on US500 H4: REJECT at RUNG 0 SANITY -- min_trades: observed 293, required gte 400, short by 107
  gen_ic_kumo_kijun_cross_adx_gate_tp_r on US500 D1: REJECT at RUNG 0 SANITY -- min_trades: observed 49, required gte 400, short by 351
  gen_ic_kumo_kijun_cross_adx_gate_tp_r on USDJPY H4: REJECT at RUNG 0 SANITY -- min_trades: observed 275, required gte 400, short by 125
  gen_ic_kumo_kijun_cross_adx_gate_tp_r on USDJPY D1: REJECT at RUNG 0 SANITY -- min_trades: observed 52, required gte 400, short by 348
  gen_ic_kumo_kijun_cross_adx_gate_tp_r on XAUUSD H4: REJECT at RUNG 0 SANITY -- min_trades: observed 287, required gte 400, short by 113
  gen_ic_kumo_kijun_cross_adx_gate_tp_r on XAUUSD D1: REJECT at RUNG 0 SANITY -- min_trades: observed 40, required gte 400, short by 360
  gen_ic_kumo_kijun_cross_none_swing_tp_short on AUDJPY H4: REJECT at RUNG 0 SANITY -- min_trades: observed 132, required gte 400, short by 268
  gen_ic_kumo_kijun_cross_none_swing_tp_short on AUDJPY D1: REJECT at RUNG 0 SANITY -- min_trades: observed 15, required gte 400, short by 385
  gen_ic_kumo_kijun_cross_none_swing_tp_short on AUDUSD H4: REJECT at RUNG 0 SANITY -- min_trades: observed 156, required gte 400, short by 244
  gen_ic_kumo_kijun_cross_none_swing_tp_short on AUDUSD D1: REJECT at RUNG 0 SANITY -- min_trades: observed 32, required gte 400, short by 368
  gen_ic_kumo_kijun_cross_none_swing_tp_short on EURJPY H4: REJECT at RUNG 0 SANITY -- min_trades: observed 157, required gte 400, short by 243
  gen_ic_kumo_kijun_cross_none_swing_tp_short on EURJPY D1: REJECT at RUNG 0 SANITY -- min_trades: observed 29, required gte 400, short by 371
  gen_ic_kumo_kijun_cross_none_swing_tp_short on EURUSD H4: REJECT at RUNG 0 SANITY -- min_trades: observed 160, required gte 400, short by 240
  gen_ic_kumo_kijun_cross_none_swing_tp_short on EURUSD D1: REJECT at RUNG 0 SANITY -- min_trades: observed 35, required gte 400, short by 365
  gen_ic_kumo_kijun_cross_none_swing_tp_short on GBPJPY H4: REJECT at RUNG 0 SANITY -- min_trades: observed 129, required gte 400, short by 271
  gen_ic_kumo_kijun_cross_none_swing_tp_short on GBPJPY D1: REJECT at RUNG 0 SANITY -- min_trades: observed 28, required gte 400, short by 372
  gen_ic_kumo_kijun_cross_none_swing_tp_short on GBPUSD H4: REJECT at RUNG 0 SANITY -- min_trades: observed 148, required gte 400, short by 252
  gen_ic_kumo_kijun_cross_none_swing_tp_short on GBPUSD D1: REJECT at RUNG 0 SANITY -- min_trades: observed 27, required gte 400, short by 373
  gen_ic_kumo_kijun_cross_none_swing_tp_short on US500 H4: REJECT at RUNG 0 SANITY -- min_trades: observed 146, required gte 400, short by 254
  gen_ic_kumo_kijun_cross_none_swing_tp_short on US500 D1: REJECT at RUNG 0 SANITY -- min_trades: observed 26, required gte 400, short by 374
  gen_ic_kumo_kijun_cross_none_swing_tp_short on USDJPY H4: REJECT at RUNG 0 SANITY -- min_trades: observed 172, required gte 400, short by 228
  gen_ic_kumo_kijun_cross_none_swing_tp_short on USDJPY D1: REJECT at RUNG 0 SANITY -- min_trades: observed 34, required gte 400, short by 366
  gen_ic_kumo_kijun_cross_none_swing_tp_short on XAUUSD H4: REJECT at RUNG 0 SANITY -- min_trades: observed 129, required gte 400, short by 271
  gen_ic_kumo_kijun_cross_none_swing_tp_short on XAUUSD D1: REJECT at RUNG 0 SANITY -- min_trades: observed 27, required gte 400, short by 373
  gen_ic_kumo_kijun_cross_rvol_gate_trail on AUDJPY H4: REJECT at RUNG 2 WALK_FORWARD -- oos_window_hit_rate: observed 0.5, required gte 0.6, short by 0.1
  gen_ic_kumo_kijun_cross_rvol_gate_trail on AUDJPY D1: REJECT at RUNG 0 SANITY -- min_trades: observed 106, required gte 400, short by 294
  gen_ic_kumo_kijun_cross_rvol_gate_trail on AUDUSD H4: REJECT at RUNG 0 SANITY -- RUNG 0 SANITY: expectancy -0.822804 at declared defaults is not positive; there is no edge to validate.
  gen_ic_kumo_kijun_cross_rvol_gate_trail on AUDUSD D1: REJECT at RUNG 0 SANITY -- min_trades: observed 97, required gte 400, short by 303
  gen_ic_kumo_kijun_cross_rvol_gate_trail on EURJPY H4: REJECT at RUNG 2 WALK_FORWARD -- oos_window_hit_rate: observed 0.5, required gte 0.6, short by 0.1
  gen_ic_kumo_kijun_cross_rvol_gate_trail on EURJPY D1: REJECT at RUNG 0 SANITY -- min_trades: observed 98, required gte 400, short by 302
  gen_ic_kumo_kijun_cross_rvol_gate_trail on EURUSD H4: REJECT at RUNG 0 SANITY -- RUNG 0 SANITY: expectancy -1.01424 at declared defaults is not positive; there is no edge to validate.
  gen_ic_kumo_kijun_cross_rvol_gate_trail on EURUSD D1: REJECT at RUNG 0 SANITY -- min_trades: observed 102, required gte 400, short by 298
  gen_ic_kumo_kijun_cross_rvol_gate_trail on GBPJPY H4: REJECT at RUNG 4 ROBUSTNESS -- parameter_plateau: observed 1.608, required lte 1.25, short by 0.3577
  gen_ic_kumo_kijun_cross_rvol_gate_trail on GBPJPY D1: REJECT at RUNG 0 SANITY -- min_trades: observed 105, required gte 400, short by 295
  gen_ic_kumo_kijun_cross_rvol_gate_trail on GBPUSD H4: REJECT at RUNG 0 SANITY -- RUNG 0 SANITY: expectancy -1.24298 at declared defaults is not positive; there is no edge to validate.
  gen_ic_kumo_kijun_cross_rvol_gate_trail on GBPUSD D1: REJECT at RUNG 0 SANITY -- min_trades: observed 102, required gte 400, short by 298
  gen_ic_kumo_kijun_cross_rvol_gate_trail on US500 H4: REJECT at RUNG 0 SANITY -- min_trades: observed 347, required gte 400, short by 53
  gen_ic_kumo_kijun_cross_rvol_gate_trail on US500 D1: REJECT at RUNG 0 SANITY -- min_trades: observed 119, required gte 400, short by 281
  gen_ic_kumo_kijun_cross_rvol_gate_trail on USDJPY H4: REJECT at RUNG 0 SANITY -- min_trades: observed 390, required gte 400, short by 10
  gen_ic_kumo_kijun_cross_rvol_gate_trail on USDJPY D1: REJECT at RUNG 0 SANITY -- min_trades: observed 108, required gte 400, short by 292
  gen_ic_kumo_kijun_cross_rvol_gate_trail on XAUUSD H4: REJECT at RUNG 2 WALK_FORWARD -- walk_forward_efficiency: observed 41.91, required gte 50, short by 8.089
  gen_ic_kumo_kijun_cross_rvol_gate_trail on XAUUSD D1: REJECT at RUNG 0 SANITY -- min_trades: observed 90, required gte 400, short by 310
  gen_ic_kumo_kijun_cross_session_tp_r on AUDJPY H4: REJECT at RUNG 0 SANITY -- min_trades: observed 292, required gte 400, short by 108
  gen_ic_kumo_kijun_cross_session_tp_r on AUDUSD H4: REJECT at RUNG 0 SANITY -- min_trades: observed 328, required gte 400, short by 72
  gen_ic_kumo_kijun_cross_session_tp_r on EURJPY H4: REJECT at RUNG 0 SANITY -- min_trades: observed 324, required gte 400, short by 76
  gen_ic_kumo_kijun_cross_session_tp_r on EURUSD H4: REJECT at RUNG 0 SANITY -- min_trades: observed 362, required gte 400, short by 38
  gen_ic_kumo_kijun_cross_session_tp_r on GBPJPY H4: REJECT at RUNG 0 SANITY -- min_trades: observed 321, required gte 400, short by 79
  gen_ic_kumo_kijun_cross_session_tp_r on GBPUSD H4: REJECT at RUNG 0 SANITY -- min_trades: observed 353, required gte 400, short by 47
  gen_ic_kumo_kijun_cross_session_tp_r on US500 H4: REJECT at RUNG 0 SANITY -- RUNG 0 SANITY: expectancy -1.95354 at declared defaults is not positive; there is no edge to validate.
  gen_ic_kumo_kijun_cross_session_tp_r on USDJPY H4: REJECT at RUNG 0 SANITY -- min_trades: observed 331, required gte 400, short by 69
  gen_ic_kumo_kijun_cross_session_tp_r on XAUUSD H4: REJECT at RUNG 0 SANITY -- min_trades: observed 333, required gte 400, short by 67
  gen_ic_kumo_kijun_cross_session_trail on AUDJPY H4: REJECT at RUNG 0 SANITY -- min_trades: observed 338, required gte 400, short by 62
  gen_ic_kumo_kijun_cross_session_trail on AUDUSD H4: REJECT at RUNG 0 SANITY -- min_trades: observed 380, required gte 400, short by 20
  gen_ic_kumo_kijun_cross_session_trail on EURJPY H4: REJECT at RUNG 0 SANITY -- min_trades: observed 388, required gte 400, short by 12
  gen_ic_kumo_kijun_cross_session_trail on EURUSD H4: REJECT at RUNG 0 SANITY -- RUNG 0 SANITY: expectancy -0.883848 at declared defaults is not positive; there is no edge to validate.
  gen_ic_kumo_kijun_cross_session_trail on GBPJPY H4: REJECT at RUNG 0 SANITY -- min_trades: observed 387, required gte 400, short by 13
  gen_ic_kumo_kijun_cross_session_trail on GBPUSD H4: REJECT at RUNG 0 SANITY -- RUNG 0 SANITY: expectancy -0.639073 at declared defaults is not positive; there is no edge to validate.
  gen_ic_kumo_kijun_cross_session_trail on US500 H4: REJECT at RUNG 0 SANITY -- min_trades: observed 315, required gte 400, short by 85
  gen_ic_kumo_kijun_cross_session_trail on USDJPY H4: REJECT at RUNG 0 SANITY -- min_trades: observed 389, required gte 400, short by 11
  gen_ic_kumo_kijun_cross_session_trail on XAUUSD H4: REJECT at RUNG 0 SANITY -- min_trades: observed 391, required gte 400, short by 9
  gen_ic_kumo_tk_cross_adx_gate_swing_tp_short on AUDJPY H4: REJECT at RUNG 0 SANITY -- min_trades: observed 85, required gte 400, short by 315
  gen_ic_kumo_tk_cross_adx_gate_swing_tp_short on AUDJPY D1: REJECT at RUNG 0 SANITY -- min_trades: observed 18, required gte 400, short by 382
  gen_ic_kumo_tk_cross_adx_gate_swing_tp_short on AUDUSD H4: REJECT at RUNG 0 SANITY -- min_trades: observed 84, required gte 400, short by 316
  gen_ic_kumo_tk_cross_adx_gate_swing_tp_short on AUDUSD D1: REJECT at RUNG 0 SANITY -- min_trades: observed 15, required gte 400, short by 385
  gen_ic_kumo_tk_cross_adx_gate_swing_tp_short on EURJPY H4: REJECT at RUNG 0 SANITY -- min_trades: observed 85, required gte 400, short by 315
  gen_ic_kumo_tk_cross_adx_gate_swing_tp_short on EURJPY D1: REJECT at RUNG 0 SANITY -- min_trades: observed 18, required gte 400, short by 382
  gen_ic_kumo_tk_cross_adx_gate_swing_tp_short on EURUSD H4: REJECT at RUNG 0 SANITY -- min_trades: observed 82, required gte 400, short by 318
  gen_ic_kumo_tk_cross_adx_gate_swing_tp_short on EURUSD D1: REJECT at RUNG 0 SANITY -- min_trades: observed 17, required gte 400, short by 383
  gen_ic_kumo_tk_cross_adx_gate_swing_tp_short on GBPJPY H4: REJECT at RUNG 0 SANITY -- min_trades: observed 64, required gte 400, short by 336
  gen_ic_kumo_tk_cross_adx_gate_swing_tp_short on GBPJPY D1: REJECT at RUNG 0 SANITY -- min_trades: observed 13, required gte 400, short by 387
  gen_ic_kumo_tk_cross_adx_gate_swing_tp_short on GBPUSD H4: REJECT at RUNG 0 SANITY -- min_trades: observed 66, required gte 400, short by 334
  gen_ic_kumo_tk_cross_adx_gate_swing_tp_short on GBPUSD D1: REJECT at RUNG 0 SANITY -- min_trades: observed 7, required gte 400, short by 393
  gen_ic_kumo_tk_cross_adx_gate_swing_tp_short on US500 H4: REJECT at RUNG 0 SANITY -- min_trades: observed 90, required gte 400, short by 310
  gen_ic_kumo_tk_cross_adx_gate_swing_tp_short on US500 D1: REJECT at RUNG 0 SANITY -- min_trades: observed 15, required gte 400, short by 385
  gen_ic_kumo_tk_cross_adx_gate_swing_tp_short on USDJPY H4: REJECT at RUNG 0 SANITY -- min_trades: observed 97, required gte 400, short by 303
  gen_ic_kumo_tk_cross_adx_gate_swing_tp_short on USDJPY D1: REJECT at RUNG 0 SANITY -- min_trades: observed 14, required gte 400, short by 386
  gen_ic_kumo_tk_cross_adx_gate_swing_tp_short on XAUUSD H4: REJECT at RUNG 0 SANITY -- min_trades: observed 68, required gte 400, short by 332
  gen_ic_kumo_tk_cross_adx_gate_swing_tp_short on XAUUSD D1: REJECT at RUNG 0 SANITY -- min_trades: observed 13, required gte 400, short by 387
  gen_ic_kumo_tk_cross_none_swing_tp_long on AUDJPY H4: REJECT at RUNG 0 SANITY -- min_trades: observed 130, required gte 400, short by 270
  gen_ic_kumo_tk_cross_none_swing_tp_long on AUDJPY D1: REJECT at RUNG 0 SANITY -- min_trades: observed 21, required gte 400, short by 379
  gen_ic_kumo_tk_cross_none_swing_tp_long on AUDUSD H4: REJECT at RUNG 0 SANITY -- min_trades: observed 144, required gte 400, short by 256
  gen_ic_kumo_tk_cross_none_swing_tp_long on AUDUSD D1: REJECT at RUNG 0 SANITY -- min_trades: observed 30, required gte 400, short by 370
  gen_ic_kumo_tk_cross_none_swing_tp_long on EURJPY H4: REJECT at RUNG 0 SANITY -- min_trades: observed 144, required gte 400, short by 256
  gen_ic_kumo_tk_cross_none_swing_tp_long on EURJPY D1: REJECT at RUNG 0 SANITY -- min_trades: observed 28, required gte 400, short by 372
  gen_ic_kumo_tk_cross_none_swing_tp_long on EURUSD H4: REJECT at RUNG 0 SANITY -- min_trades: observed 122, required gte 400, short by 278
  gen_ic_kumo_tk_cross_none_swing_tp_long on EURUSD D1: REJECT at RUNG 0 SANITY -- min_trades: observed 30, required gte 400, short by 370
  gen_ic_kumo_tk_cross_none_swing_tp_long on GBPJPY H4: REJECT at RUNG 0 SANITY -- min_trades: observed 130, required gte 400, short by 270
  gen_ic_kumo_tk_cross_none_swing_tp_long on GBPJPY D1: REJECT at RUNG 0 SANITY -- min_trades: observed 25, required gte 400, short by 375
  gen_ic_kumo_tk_cross_none_swing_tp_long on GBPUSD H4: REJECT at RUNG 0 SANITY -- min_trades: observed 132, required gte 400, short by 268
  gen_ic_kumo_tk_cross_none_swing_tp_long on GBPUSD D1: REJECT at RUNG 0 SANITY -- min_trades: observed 31, required gte 400, short by 369
  gen_ic_kumo_tk_cross_none_swing_tp_long on US500 H4: REJECT at RUNG 0 SANITY -- min_trades: observed 130, required gte 400, short by 270
  gen_ic_kumo_tk_cross_none_swing_tp_long on US500 D1: REJECT at RUNG 0 SANITY -- min_trades: observed 27, required gte 400, short by 373
  gen_ic_kumo_tk_cross_none_swing_tp_long on USDJPY H4: REJECT at RUNG 0 SANITY -- min_trades: observed 150, required gte 400, short by 250
  gen_ic_kumo_tk_cross_none_swing_tp_long on USDJPY D1: REJECT at RUNG 0 SANITY -- min_trades: observed 15, required gte 400, short by 385
  gen_ic_kumo_tk_cross_none_swing_tp_long on XAUUSD H4: REJECT at RUNG 0 SANITY -- min_trades: observed 134, required gte 400, short by 266
  gen_ic_kumo_tk_cross_none_swing_tp_long on XAUUSD D1: REJECT at RUNG 0 SANITY -- min_trades: observed 26, required gte 400, short by 374
  gen_ic_kumo_tk_cross_none_time_exit on AUDJPY H4: REJECT at RUNG 0 SANITY -- RUNG 0 SANITY: expectancy -0.688301 at declared defaults is not positive; there is no edge to validate.
  gen_ic_kumo_tk_cross_none_time_exit on AUDJPY D1: REJECT at RUNG 0 SANITY -- min_trades: observed 97, required gte 400, short by 303
  gen_ic_kumo_tk_cross_none_time_exit on AUDUSD H4: REJECT at RUNG 0 SANITY -- RUNG 0 SANITY: expectancy -0.54303 at declared defaults is not positive; there is no edge to validate.
  gen_ic_kumo_tk_cross_none_time_exit on AUDUSD D1: REJECT at RUNG 0 SANITY -- min_trades: observed 73, required gte 400, short by 327
  gen_ic_kumo_tk_cross_none_time_exit on EURJPY H4: REJECT at RUNG 0 SANITY -- RUNG 0 SANITY: expectancy -0.625539 at declared defaults is not positive; there is no edge to validate.
  gen_ic_kumo_tk_cross_none_time_exit on EURJPY D1: REJECT at RUNG 0 SANITY -- min_trades: observed 92, required gte 400, short by 308
  gen_ic_kumo_tk_cross_none_time_exit on EURUSD H4: REJECT at RUNG 0 SANITY -- RUNG 0 SANITY: expectancy -0.0162641 at declared defaults is not positive; there is no edge to validate.
  gen_ic_kumo_tk_cross_none_time_exit on EURUSD D1: REJECT at RUNG 0 SANITY -- min_trades: observed 86, required gte 400, short by 314
  gen_ic_kumo_tk_cross_none_time_exit on GBPJPY H4: REJECT at RUNG 0 SANITY -- RUNG 0 SANITY: expectancy -0.179049 at declared defaults is not positive; there is no edge to validate.
  gen_ic_kumo_tk_cross_none_time_exit on GBPJPY D1: REJECT at RUNG 0 SANITY -- min_trades: observed 86, required gte 400, short by 314
  gen_ic_kumo_tk_cross_none_time_exit on GBPUSD H4: REJECT at RUNG 0 SANITY -- RUNG 0 SANITY: expectancy -0.481303 at declared defaults is not positive; there is no edge to validate.
  gen_ic_kumo_tk_cross_none_time_exit on GBPUSD D1: REJECT at RUNG 0 SANITY -- min_trades: observed 87, required gte 400, short by 313
  gen_ic_kumo_tk_cross_none_time_exit on US500 H4: REJECT at RUNG 0 SANITY -- RUNG 0 SANITY: expectancy -1.35766 at declared defaults is not positive; there is no edge to validate.
  gen_ic_kumo_tk_cross_none_time_exit on US500 D1: REJECT at RUNG 0 SANITY -- min_trades: observed 92, required gte 400, short by 308
  gen_ic_kumo_tk_cross_none_time_exit on USDJPY H4: REJECT at RUNG 0 SANITY -- RUNG 0 SANITY: expectancy -0.180071 at declared defaults is not positive; there is no edge to validate.
  gen_ic_kumo_tk_cross_none_time_exit on USDJPY D1: REJECT at RUNG 0 SANITY -- min_trades: observed 84, required gte 400, short by 316
  gen_ic_kumo_tk_cross_none_time_exit on XAUUSD H4: REJECT at RUNG 2 WALK_FORWARD -- walk_forward_efficiency: observed 48.58, required gte 50, short by 1.417
  gen_ic_kumo_tk_cross_none_time_exit on XAUUSD D1: REJECT at RUNG 0 SANITY -- min_trades: observed 75, required gte 400, short by 325
  gen_ic_kumo_tk_cross_none_tp_r on AUDJPY H4: REJECT at RUNG 0 SANITY -- min_trades: observed 387, required gte 400, short by 13
  gen_ic_kumo_tk_cross_none_tp_r on AUDJPY D1: REJECT at RUNG 0 SANITY -- min_trades: observed 88, required gte 400, short by 312
  gen_ic_kumo_tk_cross_none_tp_r on AUDUSD H4: REJECT at RUNG 0 SANITY -- RUNG 0 SANITY: expectancy -1.28103 at declared defaults is not positive; there is no edge to validate.
  gen_ic_kumo_tk_cross_none_tp_r on AUDUSD D1: REJECT at RUNG 0 SANITY -- min_trades: observed 69, required gte 400, short by 331
  gen_ic_kumo_tk_cross_none_tp_r on EURJPY H4: REJECT at RUNG 0 SANITY -- RUNG 0 SANITY: expectancy -0.72327 at declared defaults is not positive; there is no edge to validate.
  gen_ic_kumo_tk_cross_none_tp_r on EURJPY D1: REJECT at RUNG 0 SANITY -- min_trades: observed 82, required gte 400, short by 318
  gen_ic_kumo_tk_cross_none_tp_r on EURUSD H4: REJECT at RUNG 0 SANITY -- RUNG 0 SANITY: expectancy -0.820095 at declared defaults is not positive; there is no edge to validate.
  gen_ic_kumo_tk_cross_none_tp_r on EURUSD D1: REJECT at RUNG 0 SANITY -- min_trades: observed 87, required gte 400, short by 313
  gen_ic_kumo_tk_cross_none_tp_r on GBPJPY H4: REJECT at RUNG 0 SANITY -- min_trades: observed 384, required gte 400, short by 16
  gen_ic_kumo_tk_cross_none_tp_r on GBPJPY D1: REJECT at RUNG 0 SANITY -- min_trades: observed 80, required gte 400, short by 320
  gen_ic_kumo_tk_cross_none_tp_r on GBPUSD H4: REJECT at RUNG 0 SANITY -- RUNG 0 SANITY: expectancy -1.12116 at declared defaults is not positive; there is no edge to validate.
  gen_ic_kumo_tk_cross_none_tp_r on GBPUSD D1: REJECT at RUNG 0 SANITY -- min_trades: observed 75, required gte 400, short by 325
  gen_ic_kumo_tk_cross_none_tp_r on US500 H4: REJECT at RUNG 0 SANITY -- RUNG 0 SANITY: expectancy -1.67446 at declared defaults is not positive; there is no edge to validate.
  gen_ic_kumo_tk_cross_none_tp_r on US500 D1: REJECT at RUNG 0 SANITY -- min_trades: observed 74, required gte 400, short by 326
  gen_ic_kumo_tk_cross_none_tp_r on USDJPY H4: REJECT at RUNG 0 SANITY -- RUNG 0 SANITY: expectancy -1.02796 at declared defaults is not positive; there is no edge to validate.
  gen_ic_kumo_tk_cross_none_tp_r on USDJPY D1: REJECT at RUNG 0 SANITY -- min_trades: observed 75, required gte 400, short by 325
  gen_ic_kumo_tk_cross_none_tp_r on XAUUSD H4: REJECT at RUNG 2 WALK_FORWARD -- walk_forward_efficiency: observed 21.12, required gte 50, short by 28.88
  gen_ic_kumo_tk_cross_none_tp_r on XAUUSD D1: REJECT at RUNG 0 SANITY -- min_trades: observed 73, required gte 400, short by 327
  gen_ic_kumo_tk_cross_none_trail on AUDJPY H4: REJECT at RUNG 0 SANITY -- RUNG 0 SANITY: expectancy -0.198889 at declared defaults is not positive; there is no edge to validate.
  gen_ic_kumo_tk_cross_none_trail on AUDJPY D1: REJECT at RUNG 0 SANITY -- min_trades: observed 102, required gte 400, short by 298
  gen_ic_kumo_tk_cross_none_trail on AUDUSD H4: REJECT at RUNG 0 SANITY -- RUNG 0 SANITY: expectancy -0.753977 at declared defaults is not positive; there is no edge to validate.
  gen_ic_kumo_tk_cross_none_trail on AUDUSD D1: REJECT at RUNG 0 SANITY -- min_trades: observed 77, required gte 400, short by 323
  gen_ic_kumo_tk_cross_none_trail on EURJPY H4: REJECT at RUNG 0 SANITY -- RUNG 0 SANITY: expectancy -0.0910434 at declared defaults is not positive; there is no edge to validate.
  gen_ic_kumo_tk_cross_none_trail on EURJPY D1: REJECT at RUNG 0 SANITY -- min_trades: observed 96, required gte 400, short by 304
  gen_ic_kumo_tk_cross_none_trail on EURUSD H4: REJECT at RUNG 0 SANITY -- RUNG 0 SANITY: expectancy -0.345513 at declared defaults is not positive; there is no edge to validate.
  gen_ic_kumo_tk_cross_none_trail on EURUSD D1: REJECT at RUNG 0 SANITY -- min_trades: observed 93, required gte 400, short by 307
  gen_ic_kumo_tk_cross_none_trail on GBPJPY H4: REJECT at RUNG 2 WALK_FORWARD -- walk_forward_efficiency: observed 39.64, required gte 50, short by 10.36
  gen_ic_kumo_tk_cross_none_trail on GBPJPY D1: REJECT at RUNG 0 SANITY -- min_trades: observed 89, required gte 400, short by 311
  gen_ic_kumo_tk_cross_none_trail on GBPUSD H4: REJECT at RUNG 0 SANITY -- RUNG 0 SANITY: expectancy -1.03337 at declared defaults is not positive; there is no edge to validate.
  gen_ic_kumo_tk_cross_none_trail on GBPUSD D1: REJECT at RUNG 0 SANITY -- min_trades: observed 91, required gte 400, short by 309
  gen_ic_kumo_tk_cross_none_trail on US500 H4: REJECT at RUNG 0 SANITY -- min_trades: observed 335, required gte 400, short by 65
  gen_ic_kumo_tk_cross_none_trail on US500 D1: REJECT at RUNG 0 SANITY -- min_trades: observed 94, required gte 400, short by 306
  gen_ic_kumo_tk_cross_none_trail on USDJPY H4: REJECT at RUNG 0 SANITY -- RUNG 0 SANITY: expectancy -0.285146 at declared defaults is not positive; there is no edge to validate.
  gen_ic_kumo_tk_cross_none_trail on USDJPY D1: REJECT at RUNG 0 SANITY -- min_trades: observed 88, required gte 400, short by 312
  gen_ic_kumo_tk_cross_none_trail on XAUUSD H4: REJECT at RUNG 2 WALK_FORWARD -- walk_forward_efficiency: observed 33.92, required gte 50, short by 16.08
  gen_ic_kumo_tk_cross_none_trail on XAUUSD D1: REJECT at RUNG 0 SANITY -- min_trades: observed 78, required gte 400, short by 322
  gen_ic_kumo_tk_cross_rvol_gate_swing_tp_long on AUDJPY H4: REJECT at RUNG 0 SANITY -- min_trades: observed 123, required gte 400, short by 277
  gen_ic_kumo_tk_cross_rvol_gate_swing_tp_long on AUDJPY D1: REJECT at RUNG 0 SANITY -- min_trades: observed 21, required gte 400, short by 379
  gen_ic_kumo_tk_cross_rvol_gate_swing_tp_long on AUDUSD H4: REJECT at RUNG 0 SANITY -- min_trades: observed 136, required gte 400, short by 264
  gen_ic_kumo_tk_cross_rvol_gate_swing_tp_long on AUDUSD D1: REJECT at RUNG 0 SANITY -- min_trades: observed 30, required gte 400, short by 370
  gen_ic_kumo_tk_cross_rvol_gate_swing_tp_long on EURJPY H4: REJECT at RUNG 0 SANITY -- min_trades: observed 118, required gte 400, short by 282
  gen_ic_kumo_tk_cross_rvol_gate_swing_tp_long on EURJPY D1: REJECT at RUNG 0 SANITY -- min_trades: observed 28, required gte 400, short by 372
  gen_ic_kumo_tk_cross_rvol_gate_swing_tp_long on EURUSD H4: REJECT at RUNG 0 SANITY -- min_trades: observed 96, required gte 400, short by 304
  gen_ic_kumo_tk_cross_rvol_gate_swing_tp_long on EURUSD D1: REJECT at RUNG 0 SANITY -- min_trades: observed 30, required gte 400, short by 370
  gen_ic_kumo_tk_cross_rvol_gate_swing_tp_long on GBPJPY H4: REJECT at RUNG 0 SANITY -- min_trades: observed 119, required gte 400, short by 281
  gen_ic_kumo_tk_cross_rvol_gate_swing_tp_long on GBPJPY D1: REJECT at RUNG 0 SANITY -- min_trades: observed 25, required gte 400, short by 375
  gen_ic_kumo_tk_cross_rvol_gate_swing_tp_long on GBPUSD H4: REJECT at RUNG 0 SANITY -- min_trades: observed 113, required gte 400, short by 287
  gen_ic_kumo_tk_cross_rvol_gate_swing_tp_long on GBPUSD D1: REJECT at RUNG 0 SANITY -- min_trades: observed 31, required gte 400, short by 369
  gen_ic_kumo_tk_cross_rvol_gate_swing_tp_long on US500 H4: REJECT at RUNG 0 SANITY -- min_trades: observed 130, required gte 400, short by 270
  gen_ic_kumo_tk_cross_rvol_gate_swing_tp_long on US500 D1: REJECT at RUNG 0 SANITY -- min_trades: observed 27, required gte 400, short by 373
  gen_ic_kumo_tk_cross_rvol_gate_swing_tp_long on USDJPY H4: REJECT at RUNG 0 SANITY -- min_trades: observed 116, required gte 400, short by 284
  gen_ic_kumo_tk_cross_rvol_gate_swing_tp_long on USDJPY D1: REJECT at RUNG 0 SANITY -- min_trades: observed 15, required gte 400, short by 385
  gen_ic_kumo_tk_cross_rvol_gate_swing_tp_long on XAUUSD H4: REJECT at RUNG 0 SANITY -- min_trades: observed 132, required gte 400, short by 268
  gen_ic_kumo_tk_cross_rvol_gate_swing_tp_long on XAUUSD D1: REJECT at RUNG 0 SANITY -- min_trades: observed 26, required gte 400, short by 374
  gen_ic_kumo_tk_cross_rvol_gate_trail on AUDJPY H4: REJECT at RUNG 0 SANITY -- RUNG 0 SANITY: expectancy -0.284234 at declared defaults is not positive; there is no edge to validate.
  gen_ic_kumo_tk_cross_rvol_gate_trail on AUDJPY D1: REJECT at RUNG 0 SANITY -- min_trades: observed 102, required gte 400, short by 298
  gen_ic_kumo_tk_cross_rvol_gate_trail on AUDUSD H4: REJECT at RUNG 0 SANITY -- RUNG 0 SANITY: expectancy -0.178028 at declared defaults is not positive; there is no edge to validate.
  gen_ic_kumo_tk_cross_rvol_gate_trail on AUDUSD D1: REJECT at RUNG 0 SANITY -- min_trades: observed 77, required gte 400, short by 323
  gen_ic_kumo_tk_cross_rvol_gate_trail on EURJPY H4: REJECT at RUNG 0 SANITY -- min_trades: observed 398, required gte 400, short by 2
  gen_ic_kumo_tk_cross_rvol_gate_trail on EURJPY D1: REJECT at RUNG 0 SANITY -- min_trades: observed 96, required gte 400, short by 304
  gen_ic_kumo_tk_cross_rvol_gate_trail on EURUSD H4: REJECT at RUNG 0 SANITY -- min_trades: observed 379, required gte 400, short by 21
  gen_ic_kumo_tk_cross_rvol_gate_trail on EURUSD D1: REJECT at RUNG 0 SANITY -- min_trades: observed 93, required gte 400, short by 307
  gen_ic_kumo_tk_cross_rvol_gate_trail on GBPJPY H4: REJECT at RUNG 2 WALK_FORWARD -- walk_forward_efficiency: observed -9.046, required gte 50, short by 59.05
  gen_ic_kumo_tk_cross_rvol_gate_trail on GBPJPY D1: REJECT at RUNG 0 SANITY -- min_trades: observed 89, required gte 400, short by 311
  gen_ic_kumo_tk_cross_rvol_gate_trail on GBPUSD H4: REJECT at RUNG 0 SANITY -- min_trades: observed 382, required gte 400, short by 18
  gen_ic_kumo_tk_cross_rvol_gate_trail on GBPUSD D1: REJECT at RUNG 0 SANITY -- min_trades: observed 91, required gte 400, short by 309
  gen_ic_kumo_tk_cross_rvol_gate_trail on US500 H4: REJECT at RUNG 0 SANITY -- min_trades: observed 330, required gte 400, short by 70
  gen_ic_kumo_tk_cross_rvol_gate_trail on US500 D1: REJECT at RUNG 0 SANITY -- min_trades: observed 94, required gte 400, short by 306
  gen_ic_kumo_tk_cross_rvol_gate_trail on USDJPY H4: REJECT at RUNG 0 SANITY -- min_trades: observed 371, required gte 400, short by 29
  gen_ic_kumo_tk_cross_rvol_gate_trail on USDJPY D1: REJECT at RUNG 0 SANITY -- min_trades: observed 88, required gte 400, short by 312
  gen_ic_kumo_tk_cross_rvol_gate_trail on XAUUSD H4: REJECT at RUNG 2 WALK_FORWARD -- walk_forward_efficiency: observed 31.59, required gte 50, short by 18.41
  gen_ic_kumo_tk_cross_rvol_gate_trail on XAUUSD D1: REJECT at RUNG 0 SANITY -- min_trades: observed 78, required gte 400, short by 322
  gen_ic_kumo_tk_cross_session_swing_tp_long on AUDJPY H4: REJECT at RUNG 0 SANITY -- min_trades: observed 98, required gte 400, short by 302
  gen_ic_kumo_tk_cross_session_swing_tp_long on AUDUSD H4: REJECT at RUNG 0 SANITY -- min_trades: observed 111, required gte 400, short by 289
  gen_ic_kumo_tk_cross_session_swing_tp_long on EURJPY H4: REJECT at RUNG 0 SANITY -- min_trades: observed 115, required gte 400, short by 285
  gen_ic_kumo_tk_cross_session_swing_tp_long on EURUSD H4: REJECT at RUNG 0 SANITY -- min_trades: observed 103, required gte 400, short by 297
  gen_ic_kumo_tk_cross_session_swing_tp_long on GBPJPY H4: REJECT at RUNG 0 SANITY -- min_trades: observed 108, required gte 400, short by 292
  gen_ic_kumo_tk_cross_session_swing_tp_long on GBPUSD H4: REJECT at RUNG 0 SANITY -- min_trades: observed 103, required gte 400, short by 297
  gen_ic_kumo_tk_cross_session_swing_tp_long on US500 H4: REJECT at RUNG 0 SANITY -- min_trades: observed 102, required gte 400, short by 298
  gen_ic_kumo_tk_cross_session_swing_tp_long on USDJPY H4: REJECT at RUNG 0 SANITY -- min_trades: observed 119, required gte 400, short by 281
  gen_ic_kumo_tk_cross_session_swing_tp_long on XAUUSD H4: REJECT at RUNG 0 SANITY -- min_trades: observed 97, required gte 400, short by 303
  gen_ic_kumo_tk_cross_session_tp_r on AUDJPY H4: REJECT at RUNG 0 SANITY -- min_trades: observed 266, required gte 400, short by 134
  gen_ic_kumo_tk_cross_session_tp_r on AUDUSD H4: REJECT at RUNG 0 SANITY -- min_trades: observed 296, required gte 400, short by 104
  gen_ic_kumo_tk_cross_session_tp_r on EURJPY H4: REJECT at RUNG 0 SANITY -- min_trades: observed 299, required gte 400, short by 101
  gen_ic_kumo_tk_cross_session_tp_r on EURUSD H4: REJECT at RUNG 0 SANITY -- min_trades: observed 310, required gte 400, short by 90
  gen_ic_kumo_tk_cross_session_tp_r on GBPJPY H4: REJECT at RUNG 0 SANITY -- min_trades: observed 287, required gte 400, short by 113
  gen_ic_kumo_tk_cross_session_tp_r on GBPUSD H4: REJECT at RUNG 0 SANITY -- min_trades: observed 298, required gte 400, short by 102
  gen_ic_kumo_tk_cross_session_tp_r on US500 H4: REJECT at RUNG 0 SANITY -- min_trades: observed 274, required gte 400, short by 126
  gen_ic_kumo_tk_cross_session_tp_r on USDJPY H4: REJECT at RUNG 0 SANITY -- min_trades: observed 297, required gte 400, short by 103
  gen_ic_kumo_tk_cross_session_tp_r on XAUUSD H4: REJECT at RUNG 0 SANITY -- min_trades: observed 263, required gte 400, short by 137
  gen_mo_macd_cci_adx_gate_swing_tp_long on AUDJPY H4: REJECT at RUNG 0 SANITY -- min_trades: observed 118, required gte 400, short by 282
  gen_mo_macd_cci_adx_gate_swing_tp_long on AUDJPY D1: REJECT at RUNG 0 SANITY -- min_trades: observed 26, required gte 400, short by 374
  gen_mo_macd_cci_adx_gate_swing_tp_long on AUDUSD H4: REJECT at RUNG 0 SANITY -- min_trades: observed 167, required gte 400, short by 233
  gen_mo_macd_cci_adx_gate_swing_tp_long on AUDUSD D1: REJECT at RUNG 0 SANITY -- min_trades: observed 32, required gte 400, short by 368
  gen_mo_macd_cci_adx_gate_swing_tp_long on EURGBP H4: REJECT at RUNG 0 SANITY -- min_trades: observed 186, required gte 400, short by 214
  gen_mo_macd_cci_adx_gate_swing_tp_long on EURGBP D1: REJECT at RUNG 0 SANITY -- min_trades: observed 31, required gte 400, short by 369
  gen_mo_macd_cci_adx_gate_swing_tp_long on EURJPY H4: REJECT at RUNG 0 SANITY -- min_trades: observed 151, required gte 400, short by 249
  gen_mo_macd_cci_adx_gate_swing_tp_long on EURJPY D1: REJECT at RUNG 0 SANITY -- min_trades: observed 32, required gte 400, short by 368
  gen_mo_macd_cci_adx_gate_swing_tp_long on EURUSD H4: REJECT at RUNG 0 SANITY -- min_trades: observed 196, required gte 400, short by 204
  gen_mo_macd_cci_adx_gate_swing_tp_long on EURUSD D1: REJECT at RUNG 0 SANITY -- min_trades: observed 28, required gte 400, short by 372
  gen_mo_macd_cci_adx_gate_swing_tp_long on GBPJPY H4: REJECT at RUNG 0 SANITY -- min_trades: observed 147, required gte 400, short by 253
  gen_mo_macd_cci_adx_gate_swing_tp_long on GBPJPY D1: REJECT at RUNG 0 SANITY -- min_trades: observed 31, required gte 400, short by 369
  gen_mo_macd_cci_adx_gate_swing_tp_long on GBPUSD H4: REJECT at RUNG 0 SANITY -- min_trades: observed 203, required gte 400, short by 197
  gen_mo_macd_cci_adx_gate_swing_tp_long on GBPUSD D1: REJECT at RUNG 0 SANITY -- min_trades: observed 34, required gte 400, short by 366
  gen_mo_macd_cci_adx_gate_swing_tp_long on NZDUSD H4: REJECT at RUNG 0 SANITY -- min_trades: observed 191, required gte 400, short by 209
  gen_mo_macd_cci_adx_gate_swing_tp_long on NZDUSD D1: REJECT at RUNG 0 SANITY -- min_trades: observed 38, required gte 400, short by 362
  gen_mo_macd_cci_adx_gate_swing_tp_long on USDCAD H4: REJECT at RUNG 0 SANITY -- min_trades: observed 195, required gte 400, short by 205
  gen_mo_macd_cci_adx_gate_swing_tp_long on USDCAD D1: REJECT at RUNG 0 SANITY -- min_trades: observed 32, required gte 400, short by 368
  gen_mo_macd_cci_adx_gate_swing_tp_long on USDCHF H4: REJECT at RUNG 0 SANITY -- min_trades: observed 89, required gte 400, short by 311
  gen_mo_macd_cci_adx_gate_swing_tp_long on USDCHF D1: REJECT at RUNG 0 SANITY -- min_trades: observed 30, required gte 400, short by 370
  gen_mo_macd_cci_adx_gate_swing_tp_long on USDJPY H4: REJECT at RUNG 0 SANITY -- min_trades: observed 141, required gte 400, short by 259
  gen_mo_macd_cci_adx_gate_swing_tp_long on USDJPY D1: REJECT at RUNG 0 SANITY -- min_trades: observed 15, required gte 400, short by 385
  gen_mo_macd_cci_adx_gate_swing_tp_long on XAUUSD H4: REJECT at RUNG 0 SANITY -- min_trades: observed 218, required gte 400, short by 182
  gen_mo_macd_cci_adx_gate_swing_tp_long on XAUUSD D1: REJECT at RUNG 0 SANITY -- min_trades: observed 30, required gte 400, short by 370
  gen_mo_macd_cci_adx_gate_time_exit on AUDJPY H4: REJECT at RUNG 2 WALK_FORWARD -- walk_forward_efficiency: observed 22.45, required gte 50, short by 27.55
  gen_mo_macd_cci_adx_gate_time_exit on AUDJPY D1: REJECT at RUNG 0 SANITY -- min_trades: observed 123, required gte 400, short by 277
  gen_mo_macd_cci_adx_gate_time_exit on AUDUSD H4: REJECT at RUNG 0 SANITY -- RUNG 0 SANITY: expectancy -0.732543 at declared defaults is not positive; there is no edge to validate.
  gen_mo_macd_cci_adx_gate_time_exit on AUDUSD D1: REJECT at RUNG 0 SANITY -- min_trades: observed 118, required gte 400, short by 282
  gen_mo_macd_cci_adx_gate_time_exit on EURGBP H4: REJECT at RUNG 0 SANITY -- RUNG 0 SANITY: expectancy -1.15304 at declared defaults is not positive; there is no edge to validate.
  gen_mo_macd_cci_adx_gate_time_exit on EURGBP D1: REJECT at RUNG 0 SANITY -- min_trades: observed 114, required gte 400, short by 286
  gen_mo_macd_cci_adx_gate_time_exit on EURJPY H4: REJECT at RUNG 1 IN_SAMPLE_SCREEN -- RUNG 1 IN_SAMPLE_SCREEN: no parameterisation inside the domains the document declares is positive in sample on sharpe; there is nothin
  gen_mo_macd_cci_adx_gate_time_exit on EURJPY D1: REJECT at RUNG 0 SANITY -- min_trades: observed 122, required gte 400, short by 278
  gen_mo_macd_cci_adx_gate_time_exit on EURUSD H4: REJECT at RUNG 0 SANITY -- RUNG 0 SANITY: expectancy -0.441931 at declared defaults is not positive; there is no edge to validate.
  gen_mo_macd_cci_adx_gate_time_exit on EURUSD D1: REJECT at RUNG 0 SANITY -- min_trades: observed 117, required gte 400, short by 283
  gen_mo_macd_cci_adx_gate_time_exit on GBPJPY H4: REJECT at RUNG 1 IN_SAMPLE_SCREEN -- RUNG 1 IN_SAMPLE_SCREEN: no parameterisation inside the domains the document declares is positive in sample on sharpe; there is nothin
  gen_mo_macd_cci_adx_gate_time_exit on GBPJPY D1: REJECT at RUNG 0 SANITY -- min_trades: observed 127, required gte 400, short by 273
  gen_mo_macd_cci_adx_gate_time_exit on GBPUSD H4: REJECT at RUNG 0 SANITY -- RUNG 0 SANITY: expectancy -0.779575 at declared defaults is not positive; there is no edge to validate.
  gen_mo_macd_cci_adx_gate_time_exit on GBPUSD D1: REJECT at RUNG 0 SANITY -- min_trades: observed 97, required gte 400, short by 303
  gen_mo_macd_cci_adx_gate_time_exit on NZDUSD H4: REJECT at RUNG 0 SANITY -- RUNG 0 SANITY: expectancy -0.654594 at declared defaults is not positive; there is no edge to validate.
  gen_mo_macd_cci_adx_gate_time_exit on NZDUSD D1: REJECT at RUNG 0 SANITY -- min_trades: observed 113, required gte 400, short by 287
  gen_mo_macd_cci_adx_gate_time_exit on USDCAD H4: REJECT at RUNG 0 SANITY -- RUNG 0 SANITY: expectancy -0.988296 at declared defaults is not positive; there is no edge to validate.
  gen_mo_macd_cci_adx_gate_time_exit on USDCAD D1: REJECT at RUNG 0 SANITY -- min_trades: observed 108, required gte 400, short by 292
  gen_mo_macd_cci_adx_gate_time_exit on USDCHF H4: REJECT at RUNG 0 SANITY -- RUNG 0 SANITY: expectancy -0.832862 at declared defaults is not positive; there is no edge to validate.
  gen_mo_macd_cci_adx_gate_time_exit on USDCHF D1: REJECT at RUNG 0 SANITY -- min_trades: observed 126, required gte 400, short by 274
  gen_mo_macd_cci_adx_gate_time_exit on USDJPY H4: REJECT at RUNG 0 SANITY -- RUNG 0 SANITY: expectancy -0.118083 at declared defaults is not positive; there is no edge to validate.
  gen_mo_macd_cci_adx_gate_time_exit on USDJPY D1: REJECT at RUNG 0 SANITY -- min_trades: observed 116, required gte 400, short by 284
  gen_mo_macd_cci_adx_gate_time_exit on XAUUSD H4: REJECT at RUNG 2 WALK_FORWARD -- walk_forward_efficiency: observed -421.7, required gte 50, short by 471.7
  gen_mo_macd_cci_adx_gate_time_exit on XAUUSD D1: REJECT at RUNG 0 SANITY -- min_trades: observed 112, required gte 400, short by 288
  gen_mo_macd_cci_adx_gate_trail on AUDJPY H4: REJECT at RUNG 2 WALK_FORWARD -- walk_forward_efficiency: observed -11.32, required gte 50, short by 61.32
  gen_mo_macd_cci_adx_gate_trail on AUDJPY D1: REJECT at RUNG 0 SANITY -- min_trades: observed 130, required gte 400, short by 270
  gen_mo_macd_cci_adx_gate_trail on AUDUSD H4: REJECT at RUNG 0 SANITY -- RUNG 0 SANITY: expectancy -0.844286 at declared defaults is not positive; there is no edge to validate.
  gen_mo_macd_cci_adx_gate_trail on AUDUSD D1: REJECT at RUNG 0 SANITY -- min_trades: observed 130, required gte 400, short by 270
  gen_mo_macd_cci_adx_gate_trail on EURGBP H4: REJECT at RUNG 0 SANITY -- RUNG 0 SANITY: expectancy -1.43209 at declared defaults is not positive; there is no edge to validate.
  gen_mo_macd_cci_adx_gate_trail on EURGBP D1: REJECT at RUNG 0 SANITY -- min_trades: observed 133, required gte 400, short by 267
  gen_mo_macd_cci_adx_gate_trail on EURJPY H4: REJECT at RUNG 2 WALK_FORWARD -- walk_forward_efficiency: observed 43.71, required gte 50, short by 6.29
  gen_mo_macd_cci_adx_gate_trail on EURJPY D1: REJECT at RUNG 0 SANITY -- min_trades: observed 138, required gte 400, short by 262
  gen_mo_macd_cci_adx_gate_trail on EURUSD H4: REJECT at RUNG 0 SANITY -- RUNG 0 SANITY: expectancy -0.765746 at declared defaults is not positive; there is no edge to validate.
  gen_mo_macd_cci_adx_gate_trail on EURUSD D1: REJECT at RUNG 0 SANITY -- min_trades: observed 123, required gte 400, short by 277
  gen_mo_macd_cci_adx_gate_trail on GBPJPY H4: REJECT at RUNG 2 WALK_FORWARD -- walk_forward_efficiency: observed -84.57, required gte 50, short by 134.6
  gen_mo_macd_cci_adx_gate_trail on GBPJPY D1: REJECT at RUNG 0 SANITY -- min_trades: observed 145, required gte 400, short by 255
  gen_mo_macd_cci_adx_gate_trail on GBPUSD H4: REJECT at RUNG 0 SANITY -- RUNG 0 SANITY: expectancy -0.74645 at declared defaults is not positive; there is no edge to validate.
  gen_mo_macd_cci_adx_gate_trail on GBPUSD D1: REJECT at RUNG 0 SANITY -- min_trades: observed 110, required gte 400, short by 290
  gen_mo_macd_cci_adx_gate_trail on NZDUSD H4: REJECT at RUNG 0 SANITY -- RUNG 0 SANITY: expectancy -0.826778 at declared defaults is not positive; there is no edge to validate.
  gen_mo_macd_cci_adx_gate_trail on NZDUSD D1: REJECT at RUNG 0 SANITY -- min_trades: observed 119, required gte 400, short by 281
  gen_mo_macd_cci_adx_gate_trail on USDCAD H4: REJECT at RUNG 0 SANITY -- RUNG 0 SANITY: expectancy -0.895453 at declared defaults is not positive; there is no edge to validate.
  gen_mo_macd_cci_adx_gate_trail on USDCAD D1: REJECT at RUNG 0 SANITY -- min_trades: observed 128, required gte 400, short by 272
  gen_mo_macd_cci_adx_gate_trail on USDCHF H4: REJECT at RUNG 0 SANITY -- RUNG 0 SANITY: expectancy -1.80546 at declared defaults is not positive; there is no edge to validate.
  gen_mo_macd_cci_adx_gate_trail on USDCHF D1: REJECT at RUNG 0 SANITY -- min_trades: observed 127, required gte 400, short by 273
  gen_mo_macd_cci_adx_gate_trail on USDJPY H4: REJECT at RUNG 0 SANITY -- RUNG 0 SANITY: expectancy -0.531489 at declared defaults is not positive; there is no edge to validate.
  gen_mo_macd_cci_adx_gate_trail on USDJPY D1: REJECT at RUNG 0 SANITY -- min_trades: observed 127, required gte 400, short by 273
  gen_mo_macd_cci_adx_gate_trail on XAUUSD H4: REJECT at RUNG 4 ROBUSTNESS -- parameter_plateau: observed 1.737, required lte 1.25, short by 0.4869
  gen_mo_macd_cci_adx_gate_trail on XAUUSD D1: REJECT at RUNG 0 SANITY -- min_trades: observed 130, required gte 400, short by 270
  gen_mo_macd_cci_none_time_exit on AUDJPY H4: REJECT at RUNG 0 SANITY -- RUNG 0 SANITY: expectancy -0.0430631 at declared defaults is not positive; there is no edge to validate.
  gen_mo_macd_cci_none_time_exit on AUDJPY D1: REJECT at RUNG 0 SANITY -- min_trades: observed 195, required gte 400, short by 205
  gen_mo_macd_cci_none_time_exit on AUDUSD H4: REJECT at RUNG 0 SANITY -- RUNG 0 SANITY: expectancy -0.70113 at declared defaults is not positive; there is no edge to validate.
  gen_mo_macd_cci_none_time_exit on AUDUSD D1: REJECT at RUNG 0 SANITY -- min_trades: observed 200, required gte 400, short by 200
  gen_mo_macd_cci_none_time_exit on EURGBP H4: REJECT at RUNG 0 SANITY -- RUNG 0 SANITY: expectancy -0.960443 at declared defaults is not positive; there is no edge to validate.
  gen_mo_macd_cci_none_time_exit on EURGBP D1: REJECT at RUNG 0 SANITY -- min_trades: observed 200, required gte 400, short by 200
  gen_mo_macd_cci_none_time_exit on EURJPY H4: REJECT at RUNG 0 SANITY -- RUNG 0 SANITY: expectancy -0.207737 at declared defaults is not positive; there is no edge to validate.
  gen_mo_macd_cci_none_time_exit on EURJPY D1: REJECT at RUNG 0 SANITY -- min_trades: observed 191, required gte 400, short by 209
  gen_mo_macd_cci_none_time_exit on EURUSD H4: REJECT at RUNG 0 SANITY -- RUNG 0 SANITY: expectancy -0.466493 at declared defaults is not positive; there is no edge to validate.
  gen_mo_macd_cci_none_time_exit on EURUSD D1: REJECT at RUNG 0 SANITY -- min_trades: observed 197, required gte 400, short by 203
  gen_mo_macd_cci_none_time_exit on GBPJPY H4: REJECT at RUNG 2 WALK_FORWARD -- walk_forward_efficiency: observed 23.72, required gte 50, short by 26.28
  gen_mo_macd_cci_none_time_exit on GBPJPY D1: REJECT at RUNG 0 SANITY -- min_trades: observed 201, required gte 400, short by 199
  gen_mo_macd_cci_none_time_exit on GBPUSD H4: REJECT at RUNG 0 SANITY -- RUNG 0 SANITY: expectancy -0.44709 at declared defaults is not positive; there is no edge to validate.
  gen_mo_macd_cci_none_time_exit on GBPUSD D1: REJECT at RUNG 0 SANITY -- min_trades: observed 203, required gte 400, short by 197
  gen_mo_macd_cci_none_time_exit on NZDUSD H4: REJECT at RUNG 0 SANITY -- RUNG 0 SANITY: expectancy -0.365196 at declared defaults is not positive; there is no edge to validate.
  gen_mo_macd_cci_none_time_exit on NZDUSD D1: REJECT at RUNG 0 SANITY -- min_trades: observed 192, required gte 400, short by 208
  gen_mo_macd_cci_none_time_exit on USDCAD H4: REJECT at RUNG 0 SANITY -- RUNG 0 SANITY: expectancy -0.80526 at declared defaults is not positive; there is no edge to validate.
  gen_mo_macd_cci_none_time_exit on USDCAD D1: REJECT at RUNG 0 SANITY -- min_trades: observed 192, required gte 400, short by 208
  gen_mo_macd_cci_none_time_exit on USDCHF H4: REJECT at RUNG 0 SANITY -- RUNG 0 SANITY: expectancy -0.520128 at declared defaults is not positive; there is no edge to validate.
  gen_mo_macd_cci_none_time_exit on USDCHF D1: REJECT at RUNG 0 SANITY -- min_trades: observed 205, required gte 400, short by 195
  gen_mo_macd_cci_none_time_exit on USDJPY H4: REJECT at RUNG 1 IN_SAMPLE_SCREEN -- RUNG 1 IN_SAMPLE_SCREEN: no parameterisation inside the domains the document declares is positive in sample on sharpe; there is nothing fo
  gen_mo_macd_cci_none_time_exit on USDJPY D1: REJECT at RUNG 0 SANITY -- min_trades: observed 195, required gte 400, short by 205
  gen_mo_macd_cci_none_time_exit on XAUUSD H4: REJECT at RUNG 0 SANITY -- RUNG 0 SANITY: expectancy -0.154585 at declared defaults is not positive; there is no edge to validate.
  gen_mo_macd_cci_none_time_exit on XAUUSD D1: REJECT at RUNG 0 SANITY -- min_trades: observed 188, required gte 400, short by 212
  gen_mo_macd_cci_session_swing_tp_long on AUDJPY H4: REJECT at RUNG 0 SANITY -- min_trades: observed 144, required gte 400, short by 256
  gen_mo_macd_cci_session_swing_tp_long on AUDUSD H4: REJECT at RUNG 0 SANITY -- min_trades: observed 181, required gte 400, short by 219
  gen_mo_macd_cci_session_swing_tp_long on EURGBP H4: REJECT at RUNG 0 SANITY -- min_trades: observed 213, required gte 400, short by 187
  gen_mo_macd_cci_session_swing_tp_long on EURJPY H4: REJECT at RUNG 0 SANITY -- min_trades: observed 173, required gte 400, short by 227
  gen_mo_macd_cci_session_swing_tp_long on EURUSD H4: REJECT at RUNG 0 SANITY -- min_trades: observed 222, required gte 400, short by 178
  gen_mo_macd_cci_session_swing_tp_long on GBPJPY H4: REJECT at RUNG 0 SANITY -- min_trades: observed 150, required gte 400, short by 250
  gen_mo_macd_cci_session_swing_tp_long on GBPUSD H4: REJECT at RUNG 0 SANITY -- min_trades: observed 234, required gte 400, short by 166
  gen_mo_macd_cci_session_swing_tp_long on NZDUSD H4: REJECT at RUNG 0 SANITY -- min_trades: observed 204, required gte 400, short by 196
  gen_mo_macd_cci_session_swing_tp_long on USDCAD H4: REJECT at RUNG 0 SANITY -- min_trades: observed 226, required gte 400, short by 174
  gen_mo_macd_cci_session_swing_tp_long on USDCHF H4: REJECT at RUNG 0 SANITY -- min_trades: observed 95, required gte 400, short by 305
  gen_mo_macd_cci_session_swing_tp_long on USDJPY H4: REJECT at RUNG 0 SANITY -- min_trades: observed 173, required gte 400, short by 227
  gen_mo_macd_cci_session_swing_tp_long on XAUUSD H4: REJECT at RUNG 0 SANITY -- min_trades: observed 208, required gte 400, short by 192
  gen_mo_macd_cci_session_time_exit on AUDJPY H4: REJECT at RUNG 0 SANITY -- RUNG 0 SANITY: expectancy -0.197423 at declared defaults is not positive; there is no edge to validate.
  gen_mo_macd_cci_session_time_exit on AUDUSD H4: REJECT at RUNG 0 SANITY -- RUNG 0 SANITY: expectancy -0.56305 at declared defaults is not positive; there is no edge to validate.
  gen_mo_macd_cci_session_time_exit on EURGBP H4: REJECT at RUNG 0 SANITY -- RUNG 0 SANITY: expectancy -0.820735 at declared defaults is not positive; there is no edge to validate.
  gen_mo_macd_cci_session_time_exit on EURJPY H4: REJECT at RUNG 0 SANITY -- RUNG 0 SANITY: expectancy -0.335804 at declared defaults is not positive; there is no edge to validate.
  gen_mo_macd_cci_session_time_exit on EURUSD H4: REJECT at RUNG 0 SANITY -- RUNG 0 SANITY: expectancy -0.0302254 at declared defaults is not positive; there is no edge to validate.
  gen_mo_macd_cci_session_time_exit on GBPJPY H4: REJECT at RUNG 2 WALK_FORWARD -- walk_forward_efficiency: observed -61.04, required gte 50, short by 111
  gen_mo_macd_cci_session_time_exit on GBPUSD H4: REJECT at RUNG 0 SANITY -- RUNG 0 SANITY: expectancy -0.542972 at declared defaults is not positive; there is no edge to validate.
  gen_mo_macd_cci_session_time_exit on NZDUSD H4: REJECT at RUNG 0 SANITY -- RUNG 0 SANITY: expectancy -0.414588 at declared defaults is not positive; there is no edge to validate.
  gen_mo_macd_cci_session_time_exit on USDCAD H4: REJECT at RUNG 0 SANITY -- RUNG 0 SANITY: expectancy -0.612781 at declared defaults is not positive; there is no edge to validate.
  gen_mo_macd_cci_session_time_exit on USDCHF H4: REJECT at RUNG 0 SANITY -- RUNG 0 SANITY: expectancy -0.842522 at declared defaults is not positive; there is no edge to validate.
  gen_mo_macd_cci_session_time_exit on USDJPY H4: REJECT at RUNG 0 SANITY -- RUNG 0 SANITY: expectancy -0.0522028 at declared defaults is not positive; there is no edge to validate.
  gen_mo_macd_cci_session_time_exit on XAUUSD H4: REJECT at RUNG 0 SANITY -- RUNG 0 SANITY: expectancy -0.496291 at declared defaults is not positive; there is no edge to validate.
  gen_mo_macd_stoch_none_swing_tp_long on AUDJPY H4: REJECT at RUNG 0 SANITY -- min_trades: observed 34, required gte 400, short by 366
  gen_mo_macd_stoch_none_swing_tp_long on AUDJPY D1: REJECT at RUNG 0 SANITY -- min_trades: observed 8, required gte 400, short by 392
  gen_mo_macd_stoch_none_swing_tp_long on AUDUSD H4: REJECT at RUNG 0 SANITY -- min_trades: observed 93, required gte 400, short by 307
  gen_mo_macd_stoch_none_swing_tp_long on AUDUSD D1: REJECT at RUNG 0 SANITY -- min_trades: observed 15, required gte 400, short by 385
  gen_mo_macd_stoch_none_swing_tp_long on EURGBP H4: REJECT at RUNG 0 SANITY -- min_trades: observed 113, required gte 400, short by 287
  gen_mo_macd_stoch_none_swing_tp_long on EURGBP D1: REJECT at RUNG 0 SANITY -- min_trades: observed 21, required gte 400, short by 379
  gen_mo_macd_stoch_none_swing_tp_long on EURJPY H4: REJECT at RUNG 0 SANITY -- min_trades: observed 59, required gte 400, short by 341
  gen_mo_macd_stoch_none_swing_tp_long on EURJPY D1: REJECT at RUNG 0 SANITY -- min_trades: observed 17, required gte 400, short by 383
  gen_mo_macd_stoch_none_swing_tp_long on EURUSD H4: REJECT at RUNG 0 SANITY -- min_trades: observed 101, required gte 400, short by 299
  gen_mo_macd_stoch_none_swing_tp_long on EURUSD D1: REJECT at RUNG 0 SANITY -- min_trades: observed 23, required gte 400, short by 377
  gen_mo_macd_stoch_none_swing_tp_long on GBPJPY H4: REJECT at RUNG 0 SANITY -- min_trades: observed 59, required gte 400, short by 341
  gen_mo_macd_stoch_none_swing_tp_long on GBPJPY D1: REJECT at RUNG 0 SANITY -- min_trades: observed 8, required gte 400, short by 392
  gen_mo_macd_stoch_none_swing_tp_long on GBPUSD H4: REJECT at RUNG 0 SANITY -- min_trades: observed 108, required gte 400, short by 292
  gen_mo_macd_stoch_none_swing_tp_long on GBPUSD D1: REJECT at RUNG 0 SANITY -- min_trades: observed 17, required gte 400, short by 383
  gen_mo_macd_stoch_none_swing_tp_long on NZDUSD H4: REJECT at RUNG 0 SANITY -- min_trades: observed 99, required gte 400, short by 301
  gen_mo_macd_stoch_none_swing_tp_long on NZDUSD D1: REJECT at RUNG 0 SANITY -- min_trades: observed 15, required gte 400, short by 385
  gen_mo_macd_stoch_none_swing_tp_long on USDCAD H4: REJECT at RUNG 0 SANITY -- min_trades: observed 130, required gte 400, short by 270
  gen_mo_macd_stoch_none_swing_tp_long on USDCAD D1: REJECT at RUNG 0 SANITY -- min_trades: observed 18, required gte 400, short by 382
  gen_mo_macd_stoch_none_swing_tp_long on USDCHF H4: REJECT at RUNG 0 SANITY -- min_trades: observed 88, required gte 400, short by 312
  gen_mo_macd_stoch_none_swing_tp_long on USDCHF D1: REJECT at RUNG 0 SANITY -- min_trades: observed 16, required gte 400, short by 384
  gen_mo_macd_stoch_none_swing_tp_long on USDJPY H4: REJECT at RUNG 0 SANITY -- min_trades: observed 68, required gte 400, short by 332
  gen_mo_macd_stoch_none_swing_tp_long on USDJPY D1: REJECT at RUNG 0 SANITY -- min_trades: observed 8, required gte 400, short by 392
  gen_mo_macd_stoch_none_swing_tp_long on XAUUSD H4: REJECT at RUNG 0 SANITY -- min_trades: observed 56, required gte 400, short by 344
  gen_mo_macd_stoch_none_swing_tp_long on XAUUSD D1: REJECT at RUNG 0 SANITY -- min_trades: observed 7, required gte 400, short by 393
  gen_mo_macd_stoch_none_time_exit on AUDJPY H4: REJECT at RUNG 0 SANITY -- min_trades: observed 141, required gte 400, short by 259
  gen_mo_macd_stoch_none_time_exit on AUDJPY D1: REJECT at RUNG 0 SANITY -- min_trades: observed 23, required gte 400, short by 377
  gen_mo_macd_stoch_none_time_exit on AUDUSD H4: REJECT at RUNG 0 SANITY -- min_trades: observed 193, required gte 400, short by 207
  gen_mo_macd_stoch_none_time_exit on AUDUSD D1: REJECT at RUNG 0 SANITY -- min_trades: observed 31, required gte 400, short by 369
  gen_mo_macd_stoch_none_time_exit on EURGBP H4: REJECT at RUNG 0 SANITY -- min_trades: observed 171, required gte 400, short by 229
  gen_mo_macd_stoch_none_time_exit on EURGBP D1: REJECT at RUNG 0 SANITY -- min_trades: observed 28, required gte 400, short by 372
  gen_mo_macd_stoch_none_time_exit on EURJPY H4: REJECT at RUNG 0 SANITY -- min_trades: observed 161, required gte 400, short by 239
  gen_mo_macd_stoch_none_time_exit on EURJPY D1: REJECT at RUNG 0 SANITY -- min_trades: observed 36, required gte 400, short by 364
  gen_mo_macd_stoch_none_time_exit on EURUSD H4: REJECT at RUNG 0 SANITY -- min_trades: observed 166, required gte 400, short by 234
  gen_mo_macd_stoch_none_time_exit on EURUSD D1: REJECT at RUNG 0 SANITY -- min_trades: observed 32, required gte 400, short by 368
  gen_mo_macd_stoch_none_time_exit on GBPJPY H4: REJECT at RUNG 0 SANITY -- min_trades: observed 171, required gte 400, short by 229
  gen_mo_macd_stoch_none_time_exit on GBPJPY D1: REJECT at RUNG 0 SANITY -- min_trades: observed 22, required gte 400, short by 378
  gen_mo_macd_stoch_none_time_exit on GBPUSD H4: REJECT at RUNG 0 SANITY -- min_trades: observed 183, required gte 400, short by 217
  gen_mo_macd_stoch_none_time_exit on GBPUSD D1: REJECT at RUNG 0 SANITY -- min_trades: observed 24, required gte 400, short by 376
  gen_mo_macd_stoch_none_time_exit on NZDUSD H4: REJECT at RUNG 0 SANITY -- min_trades: observed 174, required gte 400, short by 226
  gen_mo_macd_stoch_none_time_exit on NZDUSD D1: REJECT at RUNG 0 SANITY -- min_trades: observed 22, required gte 400, short by 378
  gen_mo_macd_stoch_none_time_exit on USDCAD H4: REJECT at RUNG 0 SANITY -- min_trades: observed 187, required gte 400, short by 213
  gen_mo_macd_stoch_none_time_exit on USDCAD D1: REJECT at RUNG 0 SANITY -- min_trades: observed 27, required gte 400, short by 373
  gen_mo_macd_stoch_none_time_exit on USDCHF H4: REJECT at RUNG 0 SANITY -- min_trades: observed 170, required gte 400, short by 230
  gen_mo_macd_stoch_none_time_exit on USDCHF D1: REJECT at RUNG 0 SANITY -- min_trades: observed 24, required gte 400, short by 376
  gen_mo_macd_stoch_none_time_exit on USDJPY H4: REJECT at RUNG 0 SANITY -- min_trades: observed 167, required gte 400, short by 233
  gen_mo_macd_stoch_none_time_exit on USDJPY D1: REJECT at RUNG 0 SANITY -- min_trades: observed 25, required gte 400, short by 375
  gen_mo_macd_stoch_none_time_exit on XAUUSD H4: REJECT at RUNG 0 SANITY -- min_trades: observed 142, required gte 400, short by 258
  gen_mo_macd_stoch_none_time_exit on XAUUSD D1: REJECT at RUNG 0 SANITY -- min_trades: observed 30, required gte 400, short by 370
  gen_mo_macd_stoch_none_tp_r on AUDJPY H4: REJECT at RUNG 0 SANITY -- min_trades: observed 152, required gte 400, short by 248
  gen_mo_macd_stoch_none_tp_r on AUDJPY D1: REJECT at RUNG 0 SANITY -- min_trades: observed 24, required gte 400, short by 376
  gen_mo_macd_stoch_none_tp_r on AUDUSD H4: REJECT at RUNG 0 SANITY -- min_trades: observed 205, required gte 400, short by 195
  gen_mo_macd_stoch_none_tp_r on AUDUSD D1: REJECT at RUNG 0 SANITY -- min_trades: observed 30, required gte 400, short by 370
  gen_mo_macd_stoch_none_tp_r on EURGBP H4: REJECT at RUNG 0 SANITY -- min_trades: observed 176, required gte 400, short by 224
  gen_mo_macd_stoch_none_tp_r on EURGBP D1: REJECT at RUNG 0 SANITY -- min_trades: observed 29, required gte 400, short by 371
  gen_mo_macd_stoch_none_tp_r on EURJPY H4: REJECT at RUNG 0 SANITY -- min_trades: observed 166, required gte 400, short by 234
  gen_mo_macd_stoch_none_tp_r on EURJPY D1: REJECT at RUNG 0 SANITY -- min_trades: observed 36, required gte 400, short by 364
  gen_mo_macd_stoch_none_tp_r on EURUSD H4: REJECT at RUNG 0 SANITY -- min_trades: observed 178, required gte 400, short by 222
  gen_mo_macd_stoch_none_tp_r on EURUSD D1: REJECT at RUNG 0 SANITY -- min_trades: observed 36, required gte 400, short by 364
  gen_mo_macd_stoch_none_tp_r on GBPJPY H4: REJECT at RUNG 0 SANITY -- min_trades: observed 173, required gte 400, short by 227
  gen_mo_macd_stoch_none_tp_r on GBPJPY D1: REJECT at RUNG 0 SANITY -- min_trades: observed 26, required gte 400, short by 374
  gen_mo_macd_stoch_none_tp_r on GBPUSD H4: REJECT at RUNG 0 SANITY -- min_trades: observed 192, required gte 400, short by 208
  gen_mo_macd_stoch_none_tp_r on GBPUSD D1: REJECT at RUNG 0 SANITY -- min_trades: observed 26, required gte 400, short by 374
  gen_mo_macd_stoch_none_tp_r on NZDUSD H4: REJECT at RUNG 0 SANITY -- min_trades: observed 183, required gte 400, short by 217
  gen_mo_macd_stoch_none_tp_r on NZDUSD D1: REJECT at RUNG 0 SANITY -- min_trades: observed 24, required gte 400, short by 376
  gen_mo_macd_stoch_none_tp_r on USDCAD H4: REJECT at RUNG 0 SANITY -- min_trades: observed 199, required gte 400, short by 201
  gen_mo_macd_stoch_none_tp_r on USDCAD D1: REJECT at RUNG 0 SANITY -- min_trades: observed 29, required gte 400, short by 371
  gen_mo_macd_stoch_none_tp_r on USDCHF H4: REJECT at RUNG 0 SANITY -- min_trades: observed 179, required gte 400, short by 221
  gen_mo_macd_stoch_none_tp_r on USDCHF D1: REJECT at RUNG 0 SANITY -- min_trades: observed 24, required gte 400, short by 376
  gen_mo_macd_stoch_none_tp_r on USDJPY H4: REJECT at RUNG 0 SANITY -- min_trades: observed 173, required gte 400, short by 227
  gen_mo_macd_stoch_none_tp_r on USDJPY D1: REJECT at RUNG 0 SANITY -- min_trades: observed 27, required gte 400, short by 373
  gen_mo_macd_stoch_none_tp_r on XAUUSD H4: REJECT at RUNG 0 SANITY -- min_trades: observed 149, required gte 400, short by 251
  gen_mo_macd_stoch_none_tp_r on XAUUSD D1: REJECT at RUNG 0 SANITY -- min_trades: observed 31, required gte 400, short by 369
  gen_mo_macd_stoch_none_trail on AUDJPY H4: REJECT at RUNG 0 SANITY -- min_trades: observed 149, required gte 400, short by 251
  gen_mo_macd_stoch_none_trail on AUDJPY D1: REJECT at RUNG 0 SANITY -- min_trades: observed 27, required gte 400, short by 373
  gen_mo_macd_stoch_none_trail on AUDUSD H4: REJECT at RUNG 0 SANITY -- min_trades: observed 205, required gte 400, short by 195
  gen_mo_macd_stoch_none_trail on AUDUSD D1: REJECT at RUNG 0 SANITY -- min_trades: observed 32, required gte 400, short by 368
  gen_mo_macd_stoch_none_trail on EURGBP H4: REJECT at RUNG 0 SANITY -- min_trades: observed 178, required gte 400, short by 222
  gen_mo_macd_stoch_none_trail on EURGBP D1: REJECT at RUNG 0 SANITY -- min_trades: observed 30, required gte 400, short by 370
  gen_mo_macd_stoch_none_trail on EURJPY H4: REJECT at RUNG 0 SANITY -- min_trades: observed 165, required gte 400, short by 235
  gen_mo_macd_stoch_none_trail on EURJPY D1: REJECT at RUNG 0 SANITY -- min_trades: observed 40, required gte 400, short by 360
  gen_mo_macd_stoch_none_trail on EURUSD H4: REJECT at RUNG 0 SANITY -- min_trades: observed 179, required gte 400, short by 221
  gen_mo_macd_stoch_none_trail on EURUSD D1: REJECT at RUNG 0 SANITY -- min_trades: observed 36, required gte 400, short by 364
  gen_mo_macd_stoch_none_trail on GBPJPY H4: REJECT at RUNG 0 SANITY -- min_trades: observed 176, required gte 400, short by 224
  gen_mo_macd_stoch_none_trail on GBPJPY D1: REJECT at RUNG 0 SANITY -- min_trades: observed 26, required gte 400, short by 374
  gen_mo_macd_stoch_none_trail on GBPUSD H4: REJECT at RUNG 0 SANITY -- min_trades: observed 190, required gte 400, short by 210
  gen_mo_macd_stoch_none_trail on GBPUSD D1: REJECT at RUNG 0 SANITY -- min_trades: observed 25, required gte 400, short by 375
  gen_mo_macd_stoch_none_trail on NZDUSD H4: REJECT at RUNG 0 SANITY -- min_trades: observed 173, required gte 400, short by 227
  gen_mo_macd_stoch_none_trail on NZDUSD D1: REJECT at RUNG 0 SANITY -- min_trades: observed 24, required gte 400, short by 376
  gen_mo_macd_stoch_none_trail on USDCAD H4: REJECT at RUNG 0 SANITY -- min_trades: observed 199, required gte 400, short by 201
  gen_mo_macd_stoch_none_trail on USDCAD D1: REJECT at RUNG 0 SANITY -- min_trades: observed 30, required gte 400, short by 370
  gen_mo_macd_stoch_none_trail on USDCHF H4: REJECT at RUNG 0 SANITY -- min_trades: observed 180, required gte 400, short by 220
  gen_mo_macd_stoch_none_trail on USDCHF D1: REJECT at RUNG 0 SANITY -- min_trades: observed 21, required gte 400, short by 379
  gen_mo_macd_stoch_none_trail on USDJPY H4: REJECT at RUNG 0 SANITY -- min_trades: observed 172, required gte 400, short by 228
  gen_mo_macd_stoch_none_trail on USDJPY D1: REJECT at RUNG 0 SANITY -- min_trades: observed 29, required gte 400, short by 371
  gen_mo_macd_stoch_none_trail on XAUUSD H4: REJECT at RUNG 0 SANITY -- min_trades: observed 151, required gte 400, short by 249
  gen_mo_macd_stoch_none_trail on XAUUSD D1: REJECT at RUNG 0 SANITY -- min_trades: observed 30, required gte 400, short by 370
  gen_mo_macd_stoch_rvol_gate_time_exit on AUDJPY H4: REJECT at RUNG 0 SANITY -- min_trades: observed 133, required gte 400, short by 267
  gen_mo_macd_stoch_rvol_gate_time_exit on AUDJPY D1: REJECT at RUNG 0 SANITY -- min_trades: observed 23, required gte 400, short by 377
  gen_mo_macd_stoch_rvol_gate_time_exit on AUDUSD H4: REJECT at RUNG 0 SANITY -- min_trades: observed 171, required gte 400, short by 229
  gen_mo_macd_stoch_rvol_gate_time_exit on AUDUSD D1: REJECT at RUNG 0 SANITY -- min_trades: observed 31, required gte 400, short by 369
  gen_mo_macd_stoch_rvol_gate_time_exit on EURGBP H4: REJECT at RUNG 0 SANITY -- min_trades: observed 97, required gte 400, short by 303
  gen_mo_macd_stoch_rvol_gate_time_exit on EURGBP D1: REJECT at RUNG 0 SANITY -- min_trades: observed 28, required gte 400, short by 372
  gen_mo_macd_stoch_rvol_gate_time_exit on EURJPY H4: REJECT at RUNG 0 SANITY -- min_trades: observed 127, required gte 400, short by 273
  gen_mo_macd_stoch_rvol_gate_time_exit on EURJPY D1: REJECT at RUNG 0 SANITY -- min_trades: observed 36, required gte 400, short by 364
  gen_mo_macd_stoch_rvol_gate_time_exit on EURUSD H4: REJECT at RUNG 0 SANITY -- min_trades: observed 110, required gte 400, short by 290
  gen_mo_macd_stoch_rvol_gate_time_exit on EURUSD D1: REJECT at RUNG 0 SANITY -- min_trades: observed 32, required gte 400, short by 368
  gen_mo_macd_stoch_rvol_gate_time_exit on GBPJPY H4: REJECT at RUNG 0 SANITY -- min_trades: observed 144, required gte 400, short by 256
  gen_mo_macd_stoch_rvol_gate_time_exit on GBPJPY D1: REJECT at RUNG 0 SANITY -- min_trades: observed 22, required gte 400, short by 378
  gen_mo_macd_stoch_rvol_gate_time_exit on GBPUSD H4: REJECT at RUNG 0 SANITY -- min_trades: observed 130, required gte 400, short by 270
  gen_mo_macd_stoch_rvol_gate_time_exit on GBPUSD D1: REJECT at RUNG 0 SANITY -- min_trades: observed 24, required gte 400, short by 376
  gen_mo_macd_stoch_rvol_gate_time_exit on NZDUSD H4: REJECT at RUNG 0 SANITY -- min_trades: observed 157, required gte 400, short by 243
  gen_mo_macd_stoch_rvol_gate_time_exit on NZDUSD D1: REJECT at RUNG 0 SANITY -- min_trades: observed 22, required gte 400, short by 378
  gen_mo_macd_stoch_rvol_gate_time_exit on USDCAD H4: REJECT at RUNG 0 SANITY -- min_trades: observed 115, required gte 400, short by 285
  gen_mo_macd_stoch_rvol_gate_time_exit on USDCAD D1: REJECT at RUNG 0 SANITY -- min_trades: observed 27, required gte 400, short by 373
  gen_mo_macd_stoch_rvol_gate_time_exit on USDCHF H4: REJECT at RUNG 0 SANITY -- min_trades: observed 121, required gte 400, short by 279
  gen_mo_macd_stoch_rvol_gate_time_exit on USDCHF D1: REJECT at RUNG 0 SANITY -- min_trades: observed 24, required gte 400, short by 376
  gen_mo_macd_stoch_rvol_gate_time_exit on USDJPY H4: REJECT at RUNG 0 SANITY -- min_trades: observed 115, required gte 400, short by 285
  gen_mo_macd_stoch_rvol_gate_time_exit on USDJPY D1: REJECT at RUNG 0 SANITY -- min_trades: observed 25, required gte 400, short by 375
  gen_mo_macd_stoch_rvol_gate_time_exit on XAUUSD H4: REJECT at RUNG 0 SANITY -- min_trades: observed 140, required gte 400, short by 260
  gen_mo_macd_stoch_rvol_gate_time_exit on XAUUSD D1: REJECT at RUNG 0 SANITY -- min_trades: observed 30, required gte 400, short by 370
  gen_mo_rsi_stoch_adx_gate_swing_tp_long on AUDJPY H4: REJECT at RUNG 0 SANITY -- min_trades: observed 50, required gte 400, short by 350
  gen_mo_rsi_stoch_adx_gate_swing_tp_long on AUDJPY D1: REJECT at RUNG 0 SANITY -- min_trades: observed 12, required gte 400, short by 388
  gen_mo_rsi_stoch_adx_gate_swing_tp_long on AUDUSD H4: REJECT at RUNG 0 SANITY -- min_trades: observed 41, required gte 400, short by 359
  gen_mo_rsi_stoch_adx_gate_swing_tp_long on AUDUSD D1: REJECT at RUNG 0 SANITY -- min_trades: observed 7, required gte 400, short by 393
  gen_mo_rsi_stoch_adx_gate_swing_tp_long on EURGBP H4: REJECT at RUNG 0 SANITY -- min_trades: observed 65, required gte 400, short by 335
  gen_mo_rsi_stoch_adx_gate_swing_tp_long on EURGBP D1: REJECT at RUNG 0 SANITY -- min_trades: observed 13, required gte 400, short by 387
  gen_mo_rsi_stoch_adx_gate_swing_tp_long on EURJPY H4: REJECT at RUNG 0 SANITY -- min_trades: observed 52, required gte 400, short by 348
  gen_mo_rsi_stoch_adx_gate_swing_tp_long on EURJPY D1: REJECT at RUNG 0 SANITY -- min_trades: observed 16, required gte 400, short by 384
  gen_mo_rsi_stoch_adx_gate_swing_tp_long on EURUSD H4: REJECT at RUNG 0 SANITY -- min_trades: observed 66, required gte 400, short by 334
  gen_mo_rsi_stoch_adx_gate_swing_tp_long on EURUSD D1: REJECT at RUNG 0 SANITY -- min_trades: observed 11, required gte 400, short by 389
  gen_mo_rsi_stoch_adx_gate_swing_tp_long on GBPJPY H4: REJECT at RUNG 0 SANITY -- min_trades: observed 48, required gte 400, short by 352
  gen_mo_rsi_stoch_adx_gate_swing_tp_long on GBPJPY D1: REJECT at RUNG 0 SANITY -- min_trades: observed 6, required gte 400, short by 394
  gen_mo_rsi_stoch_adx_gate_swing_tp_long on GBPUSD H4: REJECT at RUNG 0 SANITY -- min_trades: observed 64, required gte 400, short by 336
  gen_mo_rsi_stoch_adx_gate_swing_tp_long on GBPUSD D1: REJECT at RUNG 0 SANITY -- min_trades: observed 8, required gte 400, short by 392
  gen_mo_rsi_stoch_adx_gate_swing_tp_long on NZDUSD H4: REJECT at RUNG 0 SANITY -- min_trades: observed 44, required gte 400, short by 356
  gen_mo_rsi_stoch_adx_gate_swing_tp_long on NZDUSD D1: REJECT at RUNG 0 SANITY -- min_trades: observed 11, required gte 400, short by 389
  gen_mo_rsi_stoch_adx_gate_swing_tp_long on USDCAD H4: REJECT at RUNG 0 SANITY -- min_trades: observed 82, required gte 400, short by 318
  gen_mo_rsi_stoch_adx_gate_swing_tp_long on USDCAD D1: REJECT at RUNG 0 SANITY -- min_trades: observed 10, required gte 400, short by 390
  gen_mo_rsi_stoch_adx_gate_swing_tp_long on USDCHF H4: REJECT at RUNG 0 SANITY -- min_trades: observed 26, required gte 400, short by 374
  gen_mo_rsi_stoch_adx_gate_swing_tp_long on USDCHF D1: REJECT at RUNG 0 SANITY -- min_trades: observed 8, required gte 400, short by 392
  gen_mo_rsi_stoch_adx_gate_swing_tp_long on USDJPY H4: REJECT at RUNG 0 SANITY -- min_trades: observed 56, required gte 400, short by 344
  gen_mo_rsi_stoch_adx_gate_swing_tp_long on USDJPY D1: REJECT at RUNG 0 SANITY -- min_trades: observed 16, required gte 400, short by 384
  gen_mo_rsi_stoch_adx_gate_swing_tp_long on XAUUSD H4: REJECT at RUNG 0 SANITY -- min_trades: observed 46, required gte 400, short by 354
  gen_mo_rsi_stoch_adx_gate_swing_tp_long on XAUUSD D1: REJECT at RUNG 0 SANITY -- min_trades: observed 13, required gte 400, short by 387
  gen_mo_rsi_stoch_rvol_gate_swing_tp_long on AUDJPY H4: REJECT at RUNG 0 SANITY -- min_trades: observed 76, required gte 400, short by 324
  gen_mo_rsi_stoch_rvol_gate_swing_tp_long on AUDJPY D1: REJECT at RUNG 0 SANITY -- min_trades: observed 16, required gte 400, short by 384
  gen_mo_rsi_stoch_rvol_gate_swing_tp_long on AUDUSD H4: REJECT at RUNG 0 SANITY -- min_trades: observed 71, required gte 400, short by 329
  gen_mo_rsi_stoch_rvol_gate_swing_tp_long on AUDUSD D1: REJECT at RUNG 0 SANITY -- min_trades: observed 14, required gte 400, short by 386
  gen_mo_rsi_stoch_rvol_gate_swing_tp_long on EURGBP H4: REJECT at RUNG 0 SANITY -- min_trades: observed 61, required gte 400, short by 339
  gen_mo_rsi_stoch_rvol_gate_swing_tp_long on EURGBP D1: REJECT at RUNG 0 SANITY -- min_trades: observed 29, required gte 400, short by 371
  gen_mo_rsi_stoch_rvol_gate_swing_tp_long on EURJPY H4: REJECT at RUNG 0 SANITY -- min_trades: observed 64, required gte 400, short by 336
  gen_mo_rsi_stoch_rvol_gate_swing_tp_long on EURJPY D1: REJECT at RUNG 0 SANITY -- min_trades: observed 24, required gte 400, short by 376
  gen_mo_rsi_stoch_rvol_gate_swing_tp_long on EURUSD H4: REJECT at RUNG 0 SANITY -- min_trades: observed 72, required gte 400, short by 328
  gen_mo_rsi_stoch_rvol_gate_swing_tp_long on EURUSD D1: REJECT at RUNG 0 SANITY -- min_trades: observed 18, required gte 400, short by 382
  gen_mo_rsi_stoch_rvol_gate_swing_tp_long on GBPJPY H4: REJECT at RUNG 0 SANITY -- min_trades: observed 74, required gte 400, short by 326
  gen_mo_rsi_stoch_rvol_gate_swing_tp_long on GBPJPY D1: REJECT at RUNG 0 SANITY -- min_trades: observed 15, required gte 400, short by 385
  gen_mo_rsi_stoch_rvol_gate_swing_tp_long on GBPUSD H4: REJECT at RUNG 0 SANITY -- min_trades: observed 70, required gte 400, short by 330
  gen_mo_rsi_stoch_rvol_gate_swing_tp_long on GBPUSD D1: REJECT at RUNG 0 SANITY -- min_trades: observed 23, required gte 400, short by 377
  gen_mo_rsi_stoch_rvol_gate_swing_tp_long on NZDUSD H4: REJECT at RUNG 0 SANITY -- min_trades: observed 83, required gte 400, short by 317
  gen_mo_rsi_stoch_rvol_gate_swing_tp_long on NZDUSD D1: REJECT at RUNG 0 SANITY -- min_trades: observed 21, required gte 400, short by 379
  gen_mo_rsi_stoch_rvol_gate_swing_tp_long on USDCAD H4: REJECT at RUNG 0 SANITY -- min_trades: observed 91, required gte 400, short by 309
  gen_mo_rsi_stoch_rvol_gate_swing_tp_long on USDCAD D1: REJECT at RUNG 0 SANITY -- min_trades: observed 20, required gte 400, short by 380
  gen_mo_rsi_stoch_rvol_gate_swing_tp_long on USDCHF H4: REJECT at RUNG 0 SANITY -- min_trades: observed 39, required gte 400, short by 361
  gen_mo_rsi_stoch_rvol_gate_swing_tp_long on USDCHF D1: REJECT at RUNG 0 SANITY -- min_trades: observed 17, required gte 400, short by 383
  gen_mo_rsi_stoch_rvol_gate_swing_tp_long on USDJPY H4: REJECT at RUNG 0 SANITY -- min_trades: observed 68, required gte 400, short by 332
  gen_mo_rsi_stoch_rvol_gate_swing_tp_long on USDJPY D1: REJECT at RUNG 0 SANITY -- min_trades: observed 23, required gte 400, short by 377
  gen_mo_rsi_stoch_rvol_gate_swing_tp_long on XAUUSD H4: REJECT at RUNG 0 SANITY -- min_trades: observed 75, required gte 400, short by 325
  gen_mo_rsi_stoch_rvol_gate_swing_tp_long on XAUUSD D1: REJECT at RUNG 0 SANITY -- min_trades: observed 18, required gte 400, short by 382
  gen_mo_rsi_stoch_rvol_gate_swing_tp_short on AUDJPY H4: REJECT at RUNG 0 SANITY -- min_trades: observed 87, required gte 400, short by 313
  gen_mo_rsi_stoch_rvol_gate_swing_tp_short on AUDJPY D1: REJECT at RUNG 0 SANITY -- min_trades: observed 23, required gte 400, short by 377
  gen_mo_rsi_stoch_rvol_gate_swing_tp_short on AUDUSD H4: REJECT at RUNG 0 SANITY -- min_trades: observed 102, required gte 400, short by 298
  gen_mo_rsi_stoch_rvol_gate_swing_tp_short on AUDUSD D1: REJECT at RUNG 0 SANITY -- min_trades: observed 29, required gte 400, short by 371
  gen_mo_rsi_stoch_rvol_gate_swing_tp_short on EURGBP H4: REJECT at RUNG 0 SANITY -- min_trades: observed 68, required gte 400, short by 332
  gen_mo_rsi_stoch_rvol_gate_swing_tp_short on EURGBP D1: REJECT at RUNG 0 SANITY -- min_trades: observed 16, required gte 400, short by 384
  gen_mo_rsi_stoch_rvol_gate_swing_tp_short on EURJPY H4: REJECT at RUNG 0 SANITY -- min_trades: observed 98, required gte 400, short by 302
  gen_mo_rsi_stoch_rvol_gate_swing_tp_short on EURJPY D1: REJECT at RUNG 0 SANITY -- min_trades: observed 25, required gte 400, short by 375
  gen_mo_rsi_stoch_rvol_gate_swing_tp_short on EURUSD H4: REJECT at RUNG 0 SANITY -- min_trades: observed 71, required gte 400, short by 329
  gen_mo_rsi_stoch_rvol_gate_swing_tp_short on EURUSD D1: REJECT at RUNG 0 SANITY -- min_trades: observed 16, required gte 400, short by 384
  gen_mo_rsi_stoch_rvol_gate_swing_tp_short on GBPJPY H4: REJECT at RUNG 0 SANITY -- min_trades: observed 53, required gte 400, short by 347
  gen_mo_rsi_stoch_rvol_gate_swing_tp_short on GBPJPY D1: REJECT at RUNG 0 SANITY -- min_trades: observed 13, required gte 400, short by 387
  gen_mo_rsi_stoch_rvol_gate_swing_tp_short on GBPUSD H4: REJECT at RUNG 0 SANITY -- min_trades: observed 45, required gte 400, short by 355
  gen_mo_rsi_stoch_rvol_gate_swing_tp_short on GBPUSD D1: REJECT at RUNG 0 SANITY -- min_trades: observed 21, required gte 400, short by 379
  gen_mo_rsi_stoch_rvol_gate_swing_tp_short on NZDUSD H4: REJECT at RUNG 0 SANITY -- min_trades: observed 80, required gte 400, short by 320
  gen_mo_rsi_stoch_rvol_gate_swing_tp_short on NZDUSD D1: REJECT at RUNG 0 SANITY -- min_trades: observed 20, required gte 400, short by 380
  gen_mo_rsi_stoch_rvol_gate_swing_tp_short on USDCAD H4: REJECT at RUNG 0 SANITY -- min_trades: observed 67, required gte 400, short by 333
  gen_mo_rsi_stoch_rvol_gate_swing_tp_short on USDCAD D1: REJECT at RUNG 0 SANITY -- min_trades: observed 13, required gte 400, short by 387
  gen_mo_rsi_stoch_rvol_gate_swing_tp_short on USDCHF H4: REJECT at RUNG 0 SANITY -- min_trades: observed 65, required gte 400, short by 335
  gen_mo_rsi_stoch_rvol_gate_swing_tp_short on USDCHF D1: REJECT at RUNG 0 SANITY -- min_trades: observed 19, required gte 400, short by 381
  gen_mo_rsi_stoch_rvol_gate_swing_tp_short on USDJPY H4: REJECT at RUNG 0 SANITY -- min_trades: observed 86, required gte 400, short by 314
  gen_mo_rsi_stoch_rvol_gate_swing_tp_short on USDJPY D1: REJECT at RUNG 0 SANITY -- min_trades: observed 16, required gte 400, short by 384
  gen_mo_rsi_stoch_rvol_gate_swing_tp_short on XAUUSD H4: REJECT at RUNG 0 SANITY -- min_trades: observed 92, required gte 400, short by 308
  gen_mo_rsi_stoch_rvol_gate_swing_tp_short on XAUUSD D1: REJECT at RUNG 0 SANITY -- min_trades: observed 26, required gte 400, short by 374
  gen_mo_rsi_stoch_rvol_gate_tp_r on AUDJPY H4: REJECT at RUNG 0 SANITY -- min_trades: observed 208, required gte 400, short by 192
  gen_mo_rsi_stoch_rvol_gate_tp_r on AUDJPY D1: REJECT at RUNG 0 SANITY -- min_trades: observed 47, required gte 400, short by 353
  gen_mo_rsi_stoch_rvol_gate_tp_r on AUDUSD H4: REJECT at RUNG 0 SANITY -- min_trades: observed 192, required gte 400, short by 208
  gen_mo_rsi_stoch_rvol_gate_tp_r on AUDUSD D1: REJECT at RUNG 0 SANITY -- min_trades: observed 45, required gte 400, short by 355
  gen_mo_rsi_stoch_rvol_gate_tp_r on EURGBP H4: REJECT at RUNG 0 SANITY -- min_trades: observed 133, required gte 400, short by 267
  gen_mo_rsi_stoch_rvol_gate_tp_r on EURGBP D1: REJECT at RUNG 0 SANITY -- min_trades: observed 46, required gte 400, short by 354
  gen_mo_rsi_stoch_rvol_gate_tp_r on EURJPY H4: REJECT at RUNG 0 SANITY -- min_trades: observed 189, required gte 400, short by 211
  gen_mo_rsi_stoch_rvol_gate_tp_r on EURJPY D1: REJECT at RUNG 0 SANITY -- min_trades: observed 54, required gte 400, short by 346
  gen_mo_rsi_stoch_rvol_gate_tp_r on EURUSD H4: REJECT at RUNG 0 SANITY -- min_trades: observed 174, required gte 400, short by 226
  gen_mo_rsi_stoch_rvol_gate_tp_r on EURUSD D1: REJECT at RUNG 0 SANITY -- min_trades: observed 43, required gte 400, short by 357
  gen_mo_rsi_stoch_rvol_gate_tp_r on GBPJPY H4: REJECT at RUNG 0 SANITY -- min_trades: observed 186, required gte 400, short by 214
  gen_mo_rsi_stoch_rvol_gate_tp_r on GBPJPY D1: REJECT at RUNG 0 SANITY -- min_trades: observed 41, required gte 400, short by 359
  gen_mo_rsi_stoch_rvol_gate_tp_r on GBPUSD H4: REJECT at RUNG 0 SANITY -- min_trades: observed 160, required gte 400, short by 240
  gen_mo_rsi_stoch_rvol_gate_tp_r on GBPUSD D1: REJECT at RUNG 0 SANITY -- min_trades: observed 49, required gte 400, short by 351
  gen_mo_rsi_stoch_rvol_gate_tp_r on NZDUSD H4: REJECT at RUNG 0 SANITY -- min_trades: observed 197, required gte 400, short by 203
  gen_mo_rsi_stoch_rvol_gate_tp_r on NZDUSD D1: REJECT at RUNG 0 SANITY -- min_trades: observed 39, required gte 400, short by 361
  gen_mo_rsi_stoch_rvol_gate_tp_r on USDCAD H4: REJECT at RUNG 0 SANITY -- min_trades: observed 158, required gte 400, short by 242
  gen_mo_rsi_stoch_rvol_gate_tp_r on USDCAD D1: REJECT at RUNG 0 SANITY -- min_trades: observed 40, required gte 400, short by 360
  gen_mo_rsi_stoch_rvol_gate_tp_r on USDCHF H4: REJECT at RUNG 0 SANITY -- min_trades: observed 179, required gte 400, short by 221
  gen_mo_rsi_stoch_rvol_gate_tp_r on USDCHF D1: REJECT at RUNG 0 SANITY -- min_trades: observed 40, required gte 400, short by 360
  gen_mo_rsi_stoch_rvol_gate_tp_r on USDJPY H4: REJECT at RUNG 0 SANITY -- min_trades: observed 161, required gte 400, short by 239
  gen_mo_rsi_stoch_rvol_gate_tp_r on USDJPY D1: REJECT at RUNG 0 SANITY -- min_trades: observed 39, required gte 400, short by 361
  gen_mo_rsi_stoch_rvol_gate_tp_r on XAUUSD H4: REJECT at RUNG 0 SANITY -- min_trades: observed 192, required gte 400, short by 208
  gen_mo_rsi_stoch_rvol_gate_tp_r on XAUUSD D1: REJECT at RUNG 0 SANITY -- min_trades: observed 46, required gte 400, short by 354
  gen_mo_rsi_stoch_session_swing_tp_long on AUDJPY H4: REJECT at RUNG 0 SANITY -- min_trades: observed 50, required gte 400, short by 350
  gen_mo_rsi_stoch_session_swing_tp_long on AUDUSD H4: REJECT at RUNG 0 SANITY -- min_trades: observed 53, required gte 400, short by 347
  gen_mo_rsi_stoch_session_swing_tp_long on EURGBP H4: REJECT at RUNG 0 SANITY -- min_trades: observed 64, required gte 400, short by 336
  gen_mo_rsi_stoch_session_swing_tp_long on EURJPY H4: REJECT at RUNG 0 SANITY -- min_trades: observed 50, required gte 400, short by 350
  gen_mo_rsi_stoch_session_swing_tp_long on EURUSD H4: REJECT at RUNG 0 SANITY -- min_trades: observed 72, required gte 400, short by 328
  gen_mo_rsi_stoch_session_swing_tp_long on GBPJPY H4: REJECT at RUNG 0 SANITY -- min_trades: observed 60, required gte 400, short by 340
  gen_mo_rsi_stoch_session_swing_tp_long on GBPUSD H4: REJECT at RUNG 0 SANITY -- min_trades: observed 73, required gte 400, short by 327
  gen_mo_rsi_stoch_session_swing_tp_long on NZDUSD H4: REJECT at RUNG 0 SANITY -- min_trades: observed 53, required gte 400, short by 347
  gen_mo_rsi_stoch_session_swing_tp_long on USDCAD H4: REJECT at RUNG 0 SANITY -- min_trades: observed 96, required gte 400, short by 304
  gen_mo_rsi_stoch_session_swing_tp_long on USDCHF H4: REJECT at RUNG 0 SANITY -- min_trades: observed 77, required gte 400, short by 323
  gen_mo_rsi_stoch_session_swing_tp_long on USDJPY H4: REJECT at RUNG 0 SANITY -- min_trades: observed 72, required gte 400, short by 328
  gen_mo_rsi_stoch_session_swing_tp_long on XAUUSD H4: REJECT at RUNG 0 SANITY -- min_trades: observed 64, required gte 400, short by 336
  gen_mo_rsi_stoch_session_trail on AUDJPY H4: REJECT at RUNG 0 SANITY -- min_trades: observed 141, required gte 400, short by 259
  gen_mo_rsi_stoch_session_trail on AUDUSD H4: REJECT at RUNG 0 SANITY -- min_trades: observed 139, required gte 400, short by 261
  gen_mo_rsi_stoch_session_trail on EURGBP H4: REJECT at RUNG 0 SANITY -- min_trades: observed 156, required gte 400, short by 244
  gen_mo_rsi_stoch_session_trail on EURJPY H4: REJECT at RUNG 0 SANITY -- min_trades: observed 137, required gte 400, short by 263
  gen_mo_rsi_stoch_session_trail on EURUSD H4: REJECT at RUNG 0 SANITY -- min_trades: observed 167, required gte 400, short by 233
  gen_mo_rsi_stoch_session_trail on GBPJPY H4: REJECT at RUNG 0 SANITY -- min_trades: observed 143, required gte 400, short by 257
  gen_mo_rsi_stoch_session_trail on GBPUSD H4: REJECT at RUNG 0 SANITY -- min_trades: observed 158, required gte 400, short by 242
  gen_mo_rsi_stoch_session_trail on NZDUSD H4: REJECT at RUNG 0 SANITY -- min_trades: observed 133, required gte 400, short by 267
  gen_mo_rsi_stoch_session_trail on USDCAD H4: REJECT at RUNG 0 SANITY -- min_trades: observed 171, required gte 400, short by 229
  gen_mo_rsi_stoch_session_trail on USDCHF H4: REJECT at RUNG 0 SANITY -- min_trades: observed 159, required gte 400, short by 241
  gen_mo_rsi_stoch_session_trail on USDJPY H4: REJECT at RUNG 0 SANITY -- min_trades: observed 155, required gte 400, short by 245
  gen_mo_rsi_stoch_session_trail on XAUUSD H4: REJECT at RUNG 0 SANITY -- min_trades: observed 158, required gte 400, short by 242
  gen_mr_bb_reentry_none_swing_tp_long on AUDUSD H4: REJECT at RUNG 0 SANITY -- min_trades: observed 360, required gte 400, short by 40
  gen_mr_bb_reentry_none_swing_tp_long on AUDUSD D1: REJECT at RUNG 0 SANITY -- min_trades: observed 81, required gte 400, short by 319
  gen_mr_bb_reentry_none_swing_tp_long on EURGBP H4: REJECT at RUNG 0 SANITY -- min_trades: observed 300, required gte 400, short by 100
  gen_mr_bb_reentry_none_swing_tp_long on EURGBP D1: REJECT at RUNG 0 SANITY -- min_trades: observed 87, required gte 400, short by 313
  gen_mr_bb_reentry_none_swing_tp_long on EURUSD H4: REJECT at RUNG 0 SANITY -- min_trades: observed 290, required gte 400, short by 110
  gen_mr_bb_reentry_none_swing_tp_long on EURUSD D1: REJECT at RUNG 0 SANITY -- min_trades: observed 89, required gte 400, short by 311
  gen_mr_bb_reentry_none_swing_tp_long on GBPUSD H4: REJECT at RUNG 0 SANITY -- min_trades: observed 353, required gte 400, short by 47
  gen_mr_bb_reentry_none_swing_tp_long on GBPUSD D1: REJECT at RUNG 0 SANITY -- min_trades: observed 81, required gte 400, short by 319
  gen_mr_bb_reentry_none_swing_tp_long on NZDUSD H4: REJECT at RUNG 0 SANITY -- min_trades: observed 301, required gte 400, short by 99
  gen_mr_bb_reentry_none_swing_tp_long on NZDUSD D1: REJECT at RUNG 0 SANITY -- min_trades: observed 76, required gte 400, short by 324
  gen_mr_bb_reentry_none_swing_tp_long on USDCAD H4: REJECT at RUNG 0 SANITY -- min_trades: observed 345, required gte 400, short by 55
  gen_mr_bb_reentry_none_swing_tp_long on USDCAD D1: REJECT at RUNG 0 SANITY -- min_trades: observed 83, required gte 400, short by 317
  gen_mr_bb_reentry_none_swing_tp_long on USDCHF H4: REJECT at RUNG 0 SANITY -- min_trades: observed 304, required gte 400, short by 96
  gen_mr_bb_reentry_none_swing_tp_long on USDCHF D1: REJECT at RUNG 0 SANITY -- min_trades: observed 99, required gte 400, short by 301
  gen_mr_bb_reentry_none_swing_tp_long on USDJPY H4: REJECT at RUNG 0 SANITY -- min_trades: observed 319, required gte 400, short by 81
  gen_mr_bb_reentry_none_swing_tp_long on USDJPY D1: REJECT at RUNG 0 SANITY -- min_trades: observed 64, required gte 400, short by 336
  gen_mr_bb_reentry_none_swing_tp_short on AUDUSD H4: REJECT at RUNG 0 SANITY -- RUNG 0 SANITY: expectancy -1.83832 at declared defaults is not positive; there is no edge to validate.
  gen_mr_bb_reentry_none_swing_tp_short on AUDUSD D1: REJECT at RUNG 0 SANITY -- min_trades: observed 102, required gte 400, short by 298
  gen_mr_bb_reentry_none_swing_tp_short on EURGBP H4: REJECT at RUNG 0 SANITY -- min_trades: observed 286, required gte 400, short by 114
  gen_mr_bb_reentry_none_swing_tp_short on EURGBP D1: REJECT at RUNG 0 SANITY -- min_trades: observed 66, required gte 400, short by 334
  gen_mr_bb_reentry_none_swing_tp_short on EURUSD H4: REJECT at RUNG 0 SANITY -- min_trades: observed 368, required gte 400, short by 32
  gen_mr_bb_reentry_none_swing_tp_short on EURUSD D1: REJECT at RUNG 0 SANITY -- min_trades: observed 84, required gte 400, short by 316
  gen_mr_bb_reentry_none_swing_tp_short on GBPUSD H4: REJECT at RUNG 0 SANITY -- min_trades: observed 291, required gte 400, short by 109
  gen_mr_bb_reentry_none_swing_tp_short on GBPUSD D1: REJECT at RUNG 0 SANITY -- min_trades: observed 90, required gte 400, short by 310
  gen_mr_bb_reentry_none_swing_tp_short on NZDUSD H4: REJECT at RUNG 0 SANITY -- min_trades: observed 362, required gte 400, short by 38
  gen_mr_bb_reentry_none_swing_tp_short on NZDUSD D1: REJECT at RUNG 0 SANITY -- min_trades: observed 83, required gte 400, short by 317
  gen_mr_bb_reentry_none_swing_tp_short on USDCAD H4: REJECT at RUNG 0 SANITY -- min_trades: observed 252, required gte 400, short by 148
  gen_mr_bb_reentry_none_swing_tp_short on USDCAD D1: REJECT at RUNG 0 SANITY -- min_trades: observed 77, required gte 400, short by 323
  gen_mr_bb_reentry_none_swing_tp_short on USDCHF H4: REJECT at RUNG 0 SANITY -- min_trades: observed 349, required gte 400, short by 51
  gen_mr_bb_reentry_none_swing_tp_short on USDCHF D1: REJECT at RUNG 0 SANITY -- min_trades: observed 87, required gte 400, short by 313
  gen_mr_bb_reentry_none_swing_tp_short on USDJPY H4: REJECT at RUNG 0 SANITY -- min_trades: observed 360, required gte 400, short by 40
  gen_mr_bb_reentry_none_swing_tp_short on USDJPY D1: REJECT at RUNG 0 SANITY -- min_trades: observed 95, required gte 400, short by 305
  gen_mr_bb_reentry_none_time_exit on AUDUSD H4: REJECT at RUNG 0 SANITY -- RUNG 0 SANITY: expectancy -0.568946 at declared defaults is not positive; there is no edge to validate.
  gen_mr_bb_reentry_none_time_exit on AUDUSD D1: REJECT at RUNG 0 SANITY -- min_trades: observed 118, required gte 400, short by 282
  gen_mr_bb_reentry_none_time_exit on EURGBP H4: REJECT at RUNG 0 SANITY -- RUNG 0 SANITY: expectancy -0.373386 at declared defaults is not positive; there is no edge to validate.
  gen_mr_bb_reentry_none_time_exit on EURGBP D1: REJECT at RUNG 0 SANITY -- min_trades: observed 112, required gte 400, short by 288
  gen_mr_bb_reentry_none_time_exit on EURUSD H4: REJECT at RUNG 0 SANITY -- RUNG 0 SANITY: expectancy -1.01118 at declared defaults is not positive; there is no edge to validate.
  gen_mr_bb_reentry_none_time_exit on EURUSD D1: REJECT at RUNG 0 SANITY -- min_trades: observed 119, required gte 400, short by 281
  gen_mr_bb_reentry_none_time_exit on GBPUSD H4: REJECT at RUNG 0 SANITY -- RUNG 0 SANITY: expectancy -0.611023 at declared defaults is not positive; there is no edge to validate.
  gen_mr_bb_reentry_none_time_exit on GBPUSD D1: REJECT at RUNG 0 SANITY -- min_trades: observed 118, required gte 400, short by 282
  gen_mr_bb_reentry_none_time_exit on NZDUSD H4: REJECT at RUNG 0 SANITY -- RUNG 0 SANITY: expectancy -1.13797 at declared defaults is not positive; there is no edge to validate.
  gen_mr_bb_reentry_none_time_exit on NZDUSD D1: REJECT at RUNG 0 SANITY -- min_trades: observed 104, required gte 400, short by 296
  gen_mr_bb_reentry_none_time_exit on USDCAD H4: REJECT at RUNG 0 SANITY -- RUNG 0 SANITY: expectancy -0.749035 at declared defaults is not positive; there is no edge to validate.
  gen_mr_bb_reentry_none_time_exit on USDCAD D1: REJECT at RUNG 0 SANITY -- min_trades: observed 106, required gte 400, short by 294
  gen_mr_bb_reentry_none_time_exit on USDCHF H4: REJECT at RUNG 0 SANITY -- RUNG 0 SANITY: expectancy -0.587342 at declared defaults is not positive; there is no edge to validate.
  gen_mr_bb_reentry_none_time_exit on USDCHF D1: REJECT at RUNG 0 SANITY -- min_trades: observed 115, required gte 400, short by 285
  gen_mr_bb_reentry_none_time_exit on USDJPY H4: REJECT at RUNG 0 SANITY -- RUNG 0 SANITY: expectancy -1.14543 at declared defaults is not positive; there is no edge to validate.
  gen_mr_bb_reentry_none_time_exit on USDJPY D1: REJECT at RUNG 0 SANITY -- min_trades: observed 100, required gte 400, short by 300
  gen_mr_bb_reentry_rvol_gate_swing_tp_long on AUDUSD H4: REJECT at RUNG 0 SANITY -- min_trades: observed 347, required gte 400, short by 53
  gen_mr_bb_reentry_rvol_gate_swing_tp_long on AUDUSD D1: REJECT at RUNG 0 SANITY -- min_trades: observed 81, required gte 400, short by 319
  gen_mr_bb_reentry_rvol_gate_swing_tp_long on EURGBP H4: REJECT at RUNG 0 SANITY -- min_trades: observed 212, required gte 400, short by 188
  gen_mr_bb_reentry_rvol_gate_swing_tp_long on EURGBP D1: REJECT at RUNG 0 SANITY -- min_trades: observed 87, required gte 400, short by 313
  gen_mr_bb_reentry_rvol_gate_swing_tp_long on EURUSD H4: REJECT at RUNG 0 SANITY -- min_trades: observed 230, required gte 400, short by 170
  gen_mr_bb_reentry_rvol_gate_swing_tp_long on EURUSD D1: REJECT at RUNG 0 SANITY -- min_trades: observed 89, required gte 400, short by 311
  gen_mr_bb_reentry_rvol_gate_swing_tp_long on GBPUSD H4: REJECT at RUNG 0 SANITY -- min_trades: observed 250, required gte 400, short by 150
  gen_mr_bb_reentry_rvol_gate_swing_tp_long on GBPUSD D1: REJECT at RUNG 0 SANITY -- min_trades: observed 80, required gte 400, short by 320
  gen_mr_bb_reentry_rvol_gate_swing_tp_long on NZDUSD H4: REJECT at RUNG 0 SANITY -- min_trades: observed 285, required gte 400, short by 115
  gen_mr_bb_reentry_rvol_gate_swing_tp_long on NZDUSD D1: REJECT at RUNG 0 SANITY -- min_trades: observed 76, required gte 400, short by 324
  gen_mr_bb_reentry_rvol_gate_swing_tp_long on USDCAD H4: REJECT at RUNG 0 SANITY -- min_trades: observed 220, required gte 400, short by 180
  gen_mr_bb_reentry_rvol_gate_swing_tp_long on USDCAD D1: REJECT at RUNG 0 SANITY -- min_trades: observed 83, required gte 400, short by 317
  gen_mr_bb_reentry_rvol_gate_swing_tp_long on USDCHF H4: REJECT at RUNG 0 SANITY -- min_trades: observed 215, required gte 400, short by 185
  gen_mr_bb_reentry_rvol_gate_swing_tp_long on USDCHF D1: REJECT at RUNG 0 SANITY -- min_trades: observed 99, required gte 400, short by 301
  gen_mr_bb_reentry_rvol_gate_swing_tp_long on USDJPY H4: REJECT at RUNG 0 SANITY -- min_trades: observed 243, required gte 400, short by 157
  gen_mr_bb_reentry_rvol_gate_swing_tp_long on USDJPY D1: REJECT at RUNG 0 SANITY -- min_trades: observed 64, required gte 400, short by 336
  gen_mr_bb_reentry_session_swing_tp_long on AUDUSD H4: REJECT at RUNG 0 SANITY -- min_trades: observed 252, required gte 400, short by 148
  gen_mr_bb_reentry_session_swing_tp_long on EURGBP H4: REJECT at RUNG 0 SANITY -- min_trades: observed 253, required gte 400, short by 147
  gen_mr_bb_reentry_session_swing_tp_long on EURUSD H4: REJECT at RUNG 0 SANITY -- min_trades: observed 244, required gte 400, short by 156
  gen_mr_bb_reentry_session_swing_tp_long on GBPUSD H4: REJECT at RUNG 0 SANITY -- min_trades: observed 282, required gte 400, short by 118
  gen_mr_bb_reentry_session_swing_tp_long on NZDUSD H4: REJECT at RUNG 0 SANITY -- min_trades: observed 239, required gte 400, short by 161
  gen_mr_bb_reentry_session_swing_tp_long on USDCAD H4: REJECT at RUNG 0 SANITY -- min_trades: observed 245, required gte 400, short by 155
  gen_mr_bb_reentry_session_swing_tp_long on USDCHF H4: REJECT at RUNG 0 SANITY -- min_trades: observed 221, required gte 400, short by 179
  gen_mr_bb_reentry_session_swing_tp_long on USDJPY H4: REJECT at RUNG 0 SANITY -- min_trades: observed 223, required gte 400, short by 177
  gen_mr_bb_reentry_session_swing_tp_short on AUDUSD H4: REJECT at RUNG 0 SANITY -- min_trades: observed 302, required gte 400, short by 98
  gen_mr_bb_reentry_session_swing_tp_short on EURGBP H4: REJECT at RUNG 0 SANITY -- min_trades: observed 266, required gte 400, short by 134
  gen_mr_bb_reentry_session_swing_tp_short on EURUSD H4: REJECT at RUNG 0 SANITY -- min_trades: observed 262, required gte 400, short by 138
  gen_mr_bb_reentry_session_swing_tp_short on GBPUSD H4: REJECT at RUNG 0 SANITY -- min_trades: observed 281, required gte 400, short by 119
  gen_mr_bb_reentry_session_swing_tp_short on NZDUSD H4: REJECT at RUNG 0 SANITY -- min_trades: observed 305, required gte 400, short by 95
  gen_mr_bb_reentry_session_swing_tp_short on USDCAD H4: REJECT at RUNG 0 SANITY -- min_trades: observed 237, required gte 400, short by 163
  gen_mr_bb_reentry_session_swing_tp_short on USDCHF H4: REJECT at RUNG 0 SANITY -- min_trades: observed 266, required gte 400, short by 134
  gen_mr_bb_reentry_session_swing_tp_short on USDJPY H4: REJECT at RUNG 0 SANITY -- min_trades: observed 266, required gte 400, short by 134
  gen_mr_bb_reentry_session_time_exit on AUDUSD H4: REJECT at RUNG 0 SANITY -- RUNG 0 SANITY: expectancy -0.800669 at declared defaults is not positive; there is no edge to validate.
  gen_mr_bb_reentry_session_time_exit on EURGBP H4: REJECT at RUNG 0 SANITY -- min_trades: observed 395, required gte 400, short by 5
  gen_mr_bb_reentry_session_time_exit on EURUSD H4: REJECT at RUNG 0 SANITY -- min_trades: observed 396, required gte 400, short by 4
  gen_mr_bb_reentry_session_time_exit on GBPUSD H4: REJECT at RUNG 0 SANITY -- RUNG 0 SANITY: expectancy -0.565269 at declared defaults is not positive; there is no edge to validate.
  gen_mr_bb_reentry_session_time_exit on NZDUSD H4: REJECT at RUNG 0 SANITY -- RUNG 0 SANITY: expectancy -0.808249 at declared defaults is not positive; there is no edge to validate.
  gen_mr_bb_reentry_session_time_exit on USDCAD H4: REJECT at RUNG 0 SANITY -- min_trades: observed 346, required gte 400, short by 54
  gen_mr_bb_reentry_session_time_exit on USDCHF H4: REJECT at RUNG 0 SANITY -- min_trades: observed 377, required gte 400, short by 23
  gen_mr_bb_reentry_session_time_exit on USDJPY H4: REJECT at RUNG 0 SANITY -- RUNG 0 SANITY: expectancy -0.850467 at declared defaults is not positive; there is no edge to validate.
  gen_mr_kc_reentry_none_swing_tp_long on AUDUSD H4: REJECT at RUNG 0 SANITY -- min_trades: observed 158, required gte 400, short by 242
  gen_mr_kc_reentry_none_swing_tp_long on AUDUSD D1: REJECT at RUNG 0 SANITY -- min_trades: observed 39, required gte 400, short by 361
  gen_mr_kc_reentry_none_swing_tp_long on EURGBP H4: REJECT at RUNG 0 SANITY -- min_trades: observed 157, required gte 400, short by 243
  gen_mr_kc_reentry_none_swing_tp_long on EURGBP D1: REJECT at RUNG 0 SANITY -- min_trades: observed 40, required gte 400, short by 360
  gen_mr_kc_reentry_none_swing_tp_long on EURUSD H4: REJECT at RUNG 0 SANITY -- min_trades: observed 134, required gte 400, short by 266
  gen_mr_kc_reentry_none_swing_tp_long on EURUSD D1: REJECT at RUNG 0 SANITY -- min_trades: observed 39, required gte 400, short by 361
  gen_mr_kc_reentry_none_swing_tp_long on GBPUSD H4: REJECT at RUNG 0 SANITY -- min_trades: observed 142, required gte 400, short by 258
  gen_mr_kc_reentry_none_swing_tp_long on GBPUSD D1: REJECT at RUNG 0 SANITY -- min_trades: observed 38, required gte 400, short by 362
  gen_mr_kc_reentry_none_swing_tp_long on NZDUSD H4: REJECT at RUNG 0 SANITY -- min_trades: observed 136, required gte 400, short by 264
  gen_mr_kc_reentry_none_swing_tp_long on NZDUSD D1: REJECT at RUNG 0 SANITY -- min_trades: observed 26, required gte 400, short by 374
  gen_mr_kc_reentry_none_swing_tp_long on USDCAD H4: REJECT at RUNG 0 SANITY -- min_trades: observed 157, required gte 400, short by 243
  gen_mr_kc_reentry_none_swing_tp_long on USDCAD D1: REJECT at RUNG 0 SANITY -- min_trades: observed 32, required gte 400, short by 368
  gen_mr_kc_reentry_none_swing_tp_long on USDCHF H4: REJECT at RUNG 0 SANITY -- min_trades: observed 121, required gte 400, short by 279
  gen_mr_kc_reentry_none_swing_tp_long on USDCHF D1: REJECT at RUNG 0 SANITY -- min_trades: observed 49, required gte 400, short by 351
  gen_mr_kc_reentry_none_swing_tp_long on USDJPY H4: REJECT at RUNG 0 SANITY -- min_trades: observed 148, required gte 400, short by 252
  gen_mr_kc_reentry_none_swing_tp_long on USDJPY D1: REJECT at RUNG 0 SANITY -- min_trades: observed 26, required gte 400, short by 374
  gen_mr_kc_reentry_none_time_exit on AUDUSD H4: REJECT at RUNG 0 SANITY -- min_trades: observed 276, required gte 400, short by 124
  gen_mr_kc_reentry_none_time_exit on AUDUSD D1: REJECT at RUNG 0 SANITY -- min_trades: observed 63, required gte 400, short by 337
  gen_mr_kc_reentry_none_time_exit on EURGBP H4: REJECT at RUNG 0 SANITY -- min_trades: observed 228, required gte 400, short by 172
  gen_mr_kc_reentry_none_time_exit on EURGBP D1: REJECT at RUNG 0 SANITY -- min_trades: observed 59, required gte 400, short by 341
  gen_mr_kc_reentry_none_time_exit on EURUSD H4: REJECT at RUNG 0 SANITY -- min_trades: observed 216, required gte 400, short by 184
  gen_mr_kc_reentry_none_time_exit on EURUSD D1: REJECT at RUNG 0 SANITY -- min_trades: observed 60, required gte 400, short by 340
  gen_mr_kc_reentry_none_time_exit on GBPUSD H4: REJECT at RUNG 0 SANITY -- min_trades: observed 238, required gte 400, short by 162
  gen_mr_kc_reentry_none_time_exit on GBPUSD D1: REJECT at RUNG 0 SANITY -- min_trades: observed 71, required gte 400, short by 329
  gen_mr_kc_reentry_none_time_exit on NZDUSD H4: REJECT at RUNG 0 SANITY -- min_trades: observed 248, required gte 400, short by 152
  gen_mr_kc_reentry_none_time_exit on NZDUSD D1: REJECT at RUNG 0 SANITY -- min_trades: observed 49, required gte 400, short by 351
  gen_mr_kc_reentry_none_time_exit on USDCAD H4: REJECT at RUNG 0 SANITY -- min_trades: observed 231, required gte 400, short by 169
  gen_mr_kc_reentry_none_time_exit on USDCAD D1: REJECT at RUNG 0 SANITY -- min_trades: observed 45, required gte 400, short by 355
  gen_mr_kc_reentry_none_time_exit on USDCHF H4: REJECT at RUNG 0 SANITY -- min_trades: observed 222, required gte 400, short by 178
  gen_mr_kc_reentry_none_time_exit on USDCHF D1: REJECT at RUNG 0 SANITY -- min_trades: observed 57, required gte 400, short by 343
  gen_mr_kc_reentry_none_time_exit on USDJPY H4: REJECT at RUNG 0 SANITY -- min_trades: observed 255, required gte 400, short by 145
  gen_mr_kc_reentry_none_time_exit on USDJPY D1: REJECT at RUNG 0 SANITY -- min_trades: observed 55, required gte 400, short by 345
  gen_mr_kc_reentry_none_trail on AUDUSD H4: REJECT at RUNG 0 SANITY -- min_trades: observed 288, required gte 400, short by 112
  gen_mr_kc_reentry_none_trail on AUDUSD D1: REJECT at RUNG 0 SANITY -- min_trades: observed 71, required gte 400, short by 329
  gen_mr_kc_reentry_none_trail on EURGBP H4: REJECT at RUNG 0 SANITY -- min_trades: observed 233, required gte 400, short by 167
  gen_mr_kc_reentry_none_trail on EURGBP D1: REJECT at RUNG 0 SANITY -- min_trades: observed 60, required gte 400, short by 340
  gen_mr_kc_reentry_none_trail on EURUSD H4: REJECT at RUNG 0 SANITY -- min_trades: observed 225, required gte 400, short by 175
  gen_mr_kc_reentry_none_trail on EURUSD D1: REJECT at RUNG 0 SANITY -- min_trades: observed 62, required gte 400, short by 338
  gen_mr_kc_reentry_none_trail on GBPUSD H4: REJECT at RUNG 0 SANITY -- min_trades: observed 247, required gte 400, short by 153
  gen_mr_kc_reentry_none_trail on GBPUSD D1: REJECT at RUNG 0 SANITY -- min_trades: observed 76, required gte 400, short by 324
  gen_mr_kc_reentry_none_trail on NZDUSD H4: REJECT at RUNG 0 SANITY -- min_trades: observed 253, required gte 400, short by 147
  gen_mr_kc_reentry_none_trail on NZDUSD D1: REJECT at RUNG 0 SANITY -- min_trades: observed 46, required gte 400, short by 354
  gen_mr_kc_reentry_none_trail on USDCAD H4: REJECT at RUNG 0 SANITY -- min_trades: observed 242, required gte 400, short by 158
  gen_mr_kc_reentry_none_trail on USDCAD D1: REJECT at RUNG 0 SANITY -- min_trades: observed 47, required gte 400, short by 353
  gen_mr_kc_reentry_none_trail on USDCHF H4: REJECT at RUNG 0 SANITY -- min_trades: observed 223, required gte 400, short by 177
  gen_mr_kc_reentry_none_trail on USDCHF D1: REJECT at RUNG 0 SANITY -- min_trades: observed 65, required gte 400, short by 335
  gen_mr_kc_reentry_none_trail on USDJPY H4: REJECT at RUNG 0 SANITY -- min_trades: observed 258, required gte 400, short by 142
  gen_mr_kc_reentry_none_trail on USDJPY D1: REJECT at RUNG 0 SANITY -- min_trades: observed 55, required gte 400, short by 345
  gen_mr_kc_reentry_session_swing_tp_long on AUDUSD H4: REJECT at RUNG 0 SANITY -- min_trades: observed 107, required gte 400, short by 293
  gen_mr_kc_reentry_session_swing_tp_long on EURGBP H4: REJECT at RUNG 0 SANITY -- min_trades: observed 121, required gte 400, short by 279
  gen_mr_kc_reentry_session_swing_tp_long on EURUSD H4: REJECT at RUNG 0 SANITY -- min_trades: observed 90, required gte 400, short by 310
  gen_mr_kc_reentry_session_swing_tp_long on GBPUSD H4: REJECT at RUNG 0 SANITY -- min_trades: observed 114, required gte 400, short by 286
  gen_mr_kc_reentry_session_swing_tp_long on NZDUSD H4: REJECT at RUNG 0 SANITY -- min_trades: observed 96, required gte 400, short by 304
  gen_mr_kc_reentry_session_swing_tp_long on USDCAD H4: REJECT at RUNG 0 SANITY -- min_trades: observed 115, required gte 400, short by 285
  gen_mr_kc_reentry_session_swing_tp_long on USDCHF H4: REJECT at RUNG 0 SANITY -- min_trades: observed 93, required gte 400, short by 307
  gen_mr_kc_reentry_session_swing_tp_long on USDJPY H4: REJECT at RUNG 0 SANITY -- min_trades: observed 104, required gte 400, short by 296
  gen_mr_kc_reentry_session_swing_tp_short on AUDUSD H4: REJECT at RUNG 0 SANITY -- min_trades: observed 125, required gte 400, short by 275
  gen_mr_kc_reentry_session_swing_tp_short on EURGBP H4: REJECT at RUNG 0 SANITY -- min_trades: observed 92, required gte 400, short by 308
  gen_mr_kc_reentry_session_swing_tp_short on EURUSD H4: REJECT at RUNG 0 SANITY -- min_trades: observed 94, required gte 400, short by 306
  gen_mr_kc_reentry_session_swing_tp_short on GBPUSD H4: REJECT at RUNG 0 SANITY -- min_trades: observed 118, required gte 400, short by 282
  gen_mr_kc_reentry_session_swing_tp_short on NZDUSD H4: REJECT at RUNG 0 SANITY -- min_trades: observed 121, required gte 400, short by 279
  gen_mr_kc_reentry_session_swing_tp_short on USDCAD H4: REJECT at RUNG 0 SANITY -- min_trades: observed 92, required gte 400, short by 308
  gen_mr_kc_reentry_session_swing_tp_short on USDCHF H4: REJECT at RUNG 0 SANITY -- min_trades: observed 101, required gte 400, short by 299
  gen_mr_kc_reentry_session_swing_tp_short on USDJPY H4: REJECT at RUNG 0 SANITY -- min_trades: observed 122, required gte 400, short by 278
  gen_mr_kc_reentry_session_time_exit on AUDUSD H4: REJECT at RUNG 0 SANITY -- min_trades: observed 196, required gte 400, short by 204
  gen_mr_kc_reentry_session_time_exit on EURGBP H4: REJECT at RUNG 0 SANITY -- min_trades: observed 189, required gte 400, short by 211
  gen_mr_kc_reentry_session_time_exit on EURUSD H4: REJECT at RUNG 0 SANITY -- min_trades: observed 160, required gte 400, short by 240
  gen_mr_kc_reentry_session_time_exit on GBPUSD H4: REJECT at RUNG 0 SANITY -- min_trades: observed 195, required gte 400, short by 205
  gen_mr_kc_reentry_session_time_exit on NZDUSD H4: REJECT at RUNG 0 SANITY -- min_trades: observed 189, required gte 400, short by 211
  gen_mr_kc_reentry_session_time_exit on USDCAD H4: REJECT at RUNG 0 SANITY -- min_trades: observed 176, required gte 400, short by 224
  gen_mr_kc_reentry_session_time_exit on USDCHF H4: REJECT at RUNG 0 SANITY -- min_trades: observed 175, required gte 400, short by 225
  gen_mr_kc_reentry_session_time_exit on USDJPY H4: REJECT at RUNG 0 SANITY -- min_trades: observed 196, required gte 400, short by 204
  gen_sb_range_close_break_adx_gate_swing_tp_short on DE40 H4: REJECT at RUNG 0 SANITY -- min_trades: observed 120, required gte 400, short by 280
  gen_sb_range_close_break_adx_gate_swing_tp_short on EURGBP H4: REJECT at RUNG 0 SANITY -- min_trades: observed 110, required gte 400, short by 290
  gen_sb_range_close_break_adx_gate_swing_tp_short on EURJPY H4: REJECT at RUNG 0 SANITY -- min_trades: observed 131, required gte 400, short by 269
  gen_sb_range_close_break_adx_gate_swing_tp_short on EURUSD H4: REJECT at RUNG 0 SANITY -- min_trades: observed 125, required gte 400, short by 275
  gen_sb_range_close_break_adx_gate_swing_tp_short on GBPJPY H4: REJECT at RUNG 0 SANITY -- min_trades: observed 44, required gte 400, short by 356
  gen_sb_range_close_break_adx_gate_swing_tp_short on GBPUSD H4: REJECT at RUNG 0 SANITY -- min_trades: observed 65, required gte 400, short by 335
  gen_sb_range_close_break_adx_gate_swing_tp_short on UK100 H4: REJECT at RUNG 0 SANITY -- min_trades: observed 63, required gte 400, short by 337
  gen_sb_range_close_break_adx_gate_swing_tp_short on USDCHF H4: REJECT at RUNG 0 SANITY -- min_trades: observed 83, required gte 400, short by 317
  gen_sb_range_close_break_adx_gate_time_exit on DE40 H4: REJECT at RUNG 0 SANITY -- min_trades: observed 296, required gte 400, short by 104
  gen_sb_range_close_break_adx_gate_time_exit on EURGBP H4: REJECT at RUNG 0 SANITY -- RUNG 0 SANITY: expectancy -0.233846 at declared defaults is not positive; there is no edge to validate.
  gen_sb_range_close_break_adx_gate_time_exit on EURJPY H4: REJECT at RUNG 0 SANITY -- min_trades: observed 392, required gte 400, short by 8
  gen_sb_range_close_break_adx_gate_time_exit on EURUSD H4: REJECT at RUNG 0 SANITY -- min_trades: observed 387, required gte 400, short by 13
  gen_sb_range_close_break_adx_gate_time_exit on GBPJPY H4: REJECT at RUNG 2 WALK_FORWARD -- walk_forward_efficiency: observed -22.3, required gte 50, short by 72.3
  gen_sb_range_close_break_adx_gate_time_exit on GBPUSD H4: REJECT at RUNG 0 SANITY -- RUNG 0 SANITY: expectancy -0.6655 at declared defaults is not positive; there is no edge to validate.
  gen_sb_range_close_break_adx_gate_time_exit on UK100 H4: REJECT at RUNG 0 SANITY -- min_trades: observed 215, required gte 400, short by 185
  gen_sb_range_close_break_adx_gate_time_exit on USDCHF H4: REJECT at RUNG 0 SANITY -- min_trades: observed 369, required gte 400, short by 31
  gen_sb_range_close_break_none_swing_tp_long on DE40 H4: REJECT at RUNG 0 SANITY -- min_trades: observed 131, required gte 400, short by 269
  gen_sb_range_close_break_none_swing_tp_long on EURGBP H4: REJECT at RUNG 0 SANITY -- min_trades: observed 108, required gte 400, short by 292
  gen_sb_range_close_break_none_swing_tp_long on EURJPY H4: REJECT at RUNG 0 SANITY -- min_trades: observed 123, required gte 400, short by 277
  gen_sb_range_close_break_none_swing_tp_long on EURUSD H4: REJECT at RUNG 0 SANITY -- min_trades: observed 141, required gte 400, short by 259
  gen_sb_range_close_break_none_swing_tp_long on GBPJPY H4: REJECT at RUNG 0 SANITY -- min_trades: observed 128, required gte 400, short by 272
  gen_sb_range_close_break_none_swing_tp_long on GBPUSD H4: REJECT at RUNG 0 SANITY -- min_trades: observed 149, required gte 400, short by 251
  gen_sb_range_close_break_none_swing_tp_long on UK100 H4: REJECT at RUNG 0 SANITY -- min_trades: observed 103, required gte 400, short by 297
  gen_sb_range_close_break_none_swing_tp_long on USDCHF H4: REJECT at RUNG 0 SANITY -- min_trades: observed 91, required gte 400, short by 309
  gen_sb_range_close_break_none_swing_tp_short on DE40 H4: REJECT at RUNG 0 SANITY -- min_trades: observed 156, required gte 400, short by 244
  gen_sb_range_close_break_none_swing_tp_short on EURGBP H4: REJECT at RUNG 0 SANITY -- min_trades: observed 119, required gte 400, short by 281
  gen_sb_range_close_break_none_swing_tp_short on EURJPY H4: REJECT at RUNG 0 SANITY -- min_trades: observed 164, required gte 400, short by 236
  gen_sb_range_close_break_none_swing_tp_short on EURUSD H4: REJECT at RUNG 0 SANITY -- min_trades: observed 139, required gte 400, short by 261
  gen_sb_range_close_break_none_swing_tp_short on GBPJPY H4: REJECT at RUNG 0 SANITY -- min_trades: observed 46, required gte 400, short by 354
  gen_sb_range_close_break_none_swing_tp_short on GBPUSD H4: REJECT at RUNG 0 SANITY -- min_trades: observed 79, required gte 400, short by 321
  gen_sb_range_close_break_none_swing_tp_short on UK100 H4: REJECT at RUNG 0 SANITY -- min_trades: observed 112, required gte 400, short by 288
  gen_sb_range_close_break_none_swing_tp_short on USDCHF H4: REJECT at RUNG 0 SANITY -- min_trades: observed 99, required gte 400, short by 301
  gen_sb_range_close_break_none_trail on DE40 H4: REJECT at RUNG 0 SANITY -- RUNG 0 SANITY: expectancy -0.949689 at declared defaults is not positive; there is no edge to validate.
  gen_sb_range_close_break_none_trail on EURGBP H4: REJECT at RUNG 0 SANITY -- RUNG 0 SANITY: expectancy -1.07498 at declared defaults is not positive; there is no edge to validate.
  gen_sb_range_close_break_none_trail on EURJPY H4: REJECT at RUNG 0 SANITY -- RUNG 0 SANITY: expectancy -0.0496529 at declared defaults is not positive; there is no edge to validate.
  gen_sb_range_close_break_none_trail on EURUSD H4: REJECT at RUNG 0 SANITY -- RUNG 0 SANITY: expectancy -0.658943 at declared defaults is not positive; there is no edge to validate.
  gen_sb_range_close_break_none_trail on GBPJPY H4: REJECT at RUNG 2 WALK_FORWARD -- walk_forward_efficiency: observed -16.39, required gte 50, short by 66.39
  gen_sb_range_close_break_none_trail on GBPUSD H4: REJECT at RUNG 0 SANITY -- RUNG 0 SANITY: expectancy -1.03336 at declared defaults is not positive; there is no edge to validate.
  gen_sb_range_close_break_none_trail on UK100 H4: REJECT at RUNG 0 SANITY -- min_trades: observed 397, required gte 400, short by 3
  gen_sb_range_close_break_none_trail on USDCHF H4: REJECT at RUNG 0 SANITY -- RUNG 0 SANITY: expectancy -1.321 at declared defaults is not positive; there is no edge to validate.
  gen_sb_range_close_break_rvol_gate_swing_tp_short on DE40 H4: REJECT at RUNG 0 SANITY -- min_trades: observed 156, required gte 400, short by 244
  gen_sb_range_close_break_rvol_gate_swing_tp_short on EURGBP H4: REJECT at RUNG 0 SANITY -- min_trades: observed 94, required gte 400, short by 306
  gen_sb_range_close_break_rvol_gate_swing_tp_short on EURJPY H4: REJECT at RUNG 0 SANITY -- min_trades: observed 135, required gte 400, short by 265
  gen_sb_range_close_break_rvol_gate_swing_tp_short on EURUSD H4: REJECT at RUNG 0 SANITY -- min_trades: observed 116, required gte 400, short by 284
  gen_sb_range_close_break_rvol_gate_swing_tp_short on GBPJPY H4: REJECT at RUNG 0 SANITY -- min_trades: observed 43, required gte 400, short by 357
  gen_sb_range_close_break_rvol_gate_swing_tp_short on GBPUSD H4: REJECT at RUNG 0 SANITY -- min_trades: observed 70, required gte 400, short by 330
  gen_sb_range_close_break_rvol_gate_swing_tp_short on UK100 H4: REJECT at RUNG 0 SANITY -- min_trades: observed 112, required gte 400, short by 288
  gen_sb_range_close_break_rvol_gate_swing_tp_short on USDCHF H4: REJECT at RUNG 0 SANITY -- min_trades: observed 86, required gte 400, short by 314
  gen_sb_range_close_break_session_swing_tp_long on DE40 H4: REJECT at RUNG 0 SANITY -- min_trades: observed 101, required gte 400, short by 299
  gen_sb_range_close_break_session_swing_tp_long on EURGBP H4: REJECT at RUNG 0 SANITY -- min_trades: observed 131, required gte 400, short by 269
  gen_sb_range_close_break_session_swing_tp_long on EURJPY H4: REJECT at RUNG 0 SANITY -- min_trades: observed 111, required gte 400, short by 289
  gen_sb_range_close_break_session_swing_tp_long on EURUSD H4: REJECT at RUNG 0 SANITY -- min_trades: observed 116, required gte 400, short by 284
  gen_sb_range_close_break_session_swing_tp_long on GBPJPY H4: REJECT at RUNG 0 SANITY -- min_trades: observed 111, required gte 400, short by 289
  gen_sb_range_close_break_session_swing_tp_long on GBPUSD H4: REJECT at RUNG 0 SANITY -- min_trades: observed 126, required gte 400, short by 274
  gen_sb_range_close_break_session_swing_tp_long on UK100 H4: REJECT at RUNG 0 SANITY -- min_trades: observed 68, required gte 400, short by 332
  gen_sb_range_close_break_session_swing_tp_long on USDCHF H4: REJECT at RUNG 0 SANITY -- min_trades: observed 78, required gte 400, short by 322
  gen_sb_range_close_break_session_time_exit on DE40 H4: REJECT at RUNG 0 SANITY -- min_trades: observed 300, required gte 400, short by 100
  gen_sb_range_close_break_session_time_exit on EURGBP H4: REJECT at RUNG 0 SANITY -- RUNG 0 SANITY: expectancy -0.747967 at declared defaults is not positive; there is no edge to validate.
  gen_sb_range_close_break_session_time_exit on EURJPY H4: REJECT at RUNG 0 SANITY -- min_trades: observed 358, required gte 400, short by 42
  gen_sb_range_close_break_session_time_exit on EURUSD H4: REJECT at RUNG 0 SANITY -- min_trades: observed 363, required gte 400, short by 37
  gen_sb_range_close_break_session_time_exit on GBPJPY H4: REJECT at RUNG 0 SANITY -- min_trades: observed 394, required gte 400, short by 6
  gen_sb_range_close_break_session_time_exit on GBPUSD H4: REJECT at RUNG 0 SANITY -- RUNG 0 SANITY: expectancy -1.07759 at declared defaults is not positive; there is no edge to validate.
  gen_sb_range_close_break_session_time_exit on UK100 H4: REJECT at RUNG 0 SANITY -- min_trades: observed 243, required gte 400, short by 157
  gen_sb_range_close_break_session_time_exit on USDCHF H4: REJECT at RUNG 0 SANITY -- min_trades: observed 352, required gte 400, short by 48
  gen_sb_range_fresh_cross_adx_gate_swing_tp_short on DE40 H4: REJECT at RUNG 0 SANITY -- min_trades: observed 96, required gte 400, short by 304
  gen_sb_range_fresh_cross_adx_gate_swing_tp_short on EURGBP H4: REJECT at RUNG 0 SANITY -- min_trades: observed 112, required gte 400, short by 288
  gen_sb_range_fresh_cross_adx_gate_swing_tp_short on EURJPY H4: REJECT at RUNG 0 SANITY -- min_trades: observed 107, required gte 400, short by 293
  gen_sb_range_fresh_cross_adx_gate_swing_tp_short on EURUSD H4: REJECT at RUNG 0 SANITY -- min_trades: observed 115, required gte 400, short by 285
  gen_sb_range_fresh_cross_adx_gate_swing_tp_short on GBPJPY H4: REJECT at RUNG 0 SANITY -- min_trades: observed 39, required gte 400, short by 361
  gen_sb_range_fresh_cross_adx_gate_swing_tp_short on GBPUSD H4: REJECT at RUNG 0 SANITY -- min_trades: observed 85, required gte 400, short by 315
  gen_sb_range_fresh_cross_adx_gate_swing_tp_short on UK100 H4: REJECT at RUNG 0 SANITY -- min_trades: observed 49, required gte 400, short by 351
  gen_sb_range_fresh_cross_adx_gate_swing_tp_short on USDCHF H4: REJECT at RUNG 0 SANITY -- min_trades: observed 71, required gte 400, short by 329
  gen_sb_range_fresh_cross_adx_gate_time_exit on DE40 H4: REJECT at RUNG 0 SANITY -- min_trades: observed 214, required gte 400, short by 186
  gen_sb_range_fresh_cross_adx_gate_time_exit on EURGBP H4: REJECT at RUNG 0 SANITY -- min_trades: observed 391, required gte 400, short by 9
  gen_sb_range_fresh_cross_adx_gate_time_exit on EURJPY H4: REJECT at RUNG 0 SANITY -- min_trades: observed 288, required gte 400, short by 112
  gen_sb_range_fresh_cross_adx_gate_time_exit on EURUSD H4: REJECT at RUNG 0 SANITY -- min_trades: observed 313, required gte 400, short by 87
  gen_sb_range_fresh_cross_adx_gate_time_exit on GBPJPY H4: REJECT at RUNG 0 SANITY -- min_trades: observed 303, required gte 400, short by 97
  gen_sb_range_fresh_cross_adx_gate_time_exit on GBPUSD H4: REJECT at RUNG 0 SANITY -- min_trades: observed 362, required gte 400, short by 38
  gen_sb_range_fresh_cross_adx_gate_time_exit on UK100 H4: REJECT at RUNG 0 SANITY -- min_trades: observed 163, required gte 400, short by 237
  gen_sb_range_fresh_cross_adx_gate_time_exit on USDCHF H4: REJECT at RUNG 0 SANITY -- min_trades: observed 281, required gte 400, short by 119
  gen_sb_range_fresh_cross_none_swing_tp_long on DE40 H4: REJECT at RUNG 0 SANITY -- min_trades: observed 115, required gte 400, short by 285
  gen_sb_range_fresh_cross_none_swing_tp_long on EURGBP H4: REJECT at RUNG 0 SANITY -- min_trades: observed 156, required gte 400, short by 244
  gen_sb_range_fresh_cross_none_swing_tp_long on EURJPY H4: REJECT at RUNG 0 SANITY -- min_trades: observed 105, required gte 400, short by 295
  gen_sb_range_fresh_cross_none_swing_tp_long on EURUSD H4: REJECT at RUNG 0 SANITY -- min_trades: observed 133, required gte 400, short by 267
  gen_sb_range_fresh_cross_none_swing_tp_long on GBPJPY H4: REJECT at RUNG 0 SANITY -- min_trades: observed 115, required gte 400, short by 285
  gen_sb_range_fresh_cross_none_swing_tp_long on GBPUSD H4: REJECT at RUNG 0 SANITY -- min_trades: observed 146, required gte 400, short by 254
  gen_sb_range_fresh_cross_none_swing_tp_long on UK100 H4: REJECT at RUNG 0 SANITY -- min_trades: observed 89, required gte 400, short by 311
  gen_sb_range_fresh_cross_none_swing_tp_long on USDCHF H4: REJECT at RUNG 0 SANITY -- min_trades: observed 116, required gte 400, short by 284
  gen_sb_range_fresh_cross_none_swing_tp_short on DE40 H4: REJECT at RUNG 0 SANITY -- min_trades: observed 131, required gte 400, short by 269
  gen_sb_range_fresh_cross_none_swing_tp_short on EURGBP H4: REJECT at RUNG 0 SANITY -- min_trades: observed 131, required gte 400, short by 269
  gen_sb_range_fresh_cross_none_swing_tp_short on EURJPY H4: REJECT at RUNG 0 SANITY -- min_trades: observed 141, required gte 400, short by 259
  gen_sb_range_fresh_cross_none_swing_tp_short on EURUSD H4: REJECT at RUNG 0 SANITY -- min_trades: observed 132, required gte 400, short by 268
  gen_sb_range_fresh_cross_none_swing_tp_short on GBPJPY H4: REJECT at RUNG 0 SANITY -- min_trades: observed 44, required gte 400, short by 356
  gen_sb_range_fresh_cross_none_swing_tp_short on GBPUSD H4: REJECT at RUNG 0 SANITY -- min_trades: observed 101, required gte 400, short by 299
  gen_sb_range_fresh_cross_none_swing_tp_short on UK100 H4: REJECT at RUNG 0 SANITY -- min_trades: observed 93, required gte 400, short by 307
  gen_sb_range_fresh_cross_none_swing_tp_short on USDCHF H4: REJECT at RUNG 0 SANITY -- min_trades: observed 90, required gte 400, short by 310
  gen_sb_range_fresh_cross_none_time_exit on DE40 H4: REJECT at RUNG 0 SANITY -- min_trades: observed 306, required gte 400, short by 94
  gen_sb_range_fresh_cross_none_time_exit on EURGBP H4: REJECT at RUNG 0 SANITY -- RUNG 0 SANITY: expectancy -0.476265 at declared defaults is not positive; there is no edge to validate.
  gen_sb_range_fresh_cross_none_time_exit on EURJPY H4: REJECT at RUNG 0 SANITY -- min_trades: observed 365, required gte 400, short by 35
  gen_sb_range_fresh_cross_none_time_exit on EURUSD H4: REJECT at RUNG 0 SANITY -- RUNG 0 SANITY: expectancy -0.0942808 at declared defaults is not positive; there is no edge to validate.
  gen_sb_range_fresh_cross_none_time_exit on GBPJPY H4: REJECT at RUNG 0 SANITY -- min_trades: observed 387, required gte 400, short by 13
  gen_sb_range_fresh_cross_none_time_exit on GBPUSD H4: REJECT at RUNG 0 SANITY -- RUNG 0 SANITY: expectancy -0.7573 at declared defaults is not positive; there is no edge to validate.
  gen_sb_range_fresh_cross_none_time_exit on UK100 H4: REJECT at RUNG 0 SANITY -- min_trades: observed 254, required gte 400, short by 146
  gen_sb_range_fresh_cross_none_time_exit on USDCHF H4: REJECT at RUNG 0 SANITY -- min_trades: observed 377, required gte 400, short by 23
  gen_sb_range_fresh_cross_rvol_gate_tp_r on DE40 H4: REJECT at RUNG 0 SANITY -- min_trades: observed 326, required gte 400, short by 74
  gen_sb_range_fresh_cross_rvol_gate_tp_r on EURGBP H4: REJECT at RUNG 0 SANITY -- min_trades: observed 374, required gte 400, short by 26
  gen_sb_range_fresh_cross_rvol_gate_tp_r on EURJPY H4: REJECT at RUNG 0 SANITY -- min_trades: observed 308, required gte 400, short by 92
  gen_sb_range_fresh_cross_rvol_gate_tp_r on EURUSD H4: REJECT at RUNG 0 SANITY -- min_trades: observed 336, required gte 400, short by 64
  gen_sb_range_fresh_cross_rvol_gate_tp_r on GBPJPY H4: REJECT at RUNG 0 SANITY -- min_trades: observed 354, required gte 400, short by 46
  gen_sb_range_fresh_cross_rvol_gate_tp_r on GBPUSD H4: REJECT at RUNG 0 SANITY -- RUNG 0 SANITY: expectancy -1.41119 at declared defaults is not positive; there is no edge to validate.
  gen_sb_range_fresh_cross_rvol_gate_tp_r on UK100 H4: REJECT at RUNG 0 SANITY -- min_trades: observed 287, required gte 400, short by 113
  gen_sb_range_fresh_cross_rvol_gate_tp_r on USDCHF H4: REJECT at RUNG 0 SANITY -- min_trades: observed 301, required gte 400, short by 99
  gen_sb_range_fresh_cross_session_swing_tp_long on DE40 H4: REJECT at RUNG 0 SANITY -- min_trades: observed 86, required gte 400, short by 314
  gen_sb_range_fresh_cross_session_swing_tp_long on EURGBP H4: REJECT at RUNG 0 SANITY -- min_trades: observed 105, required gte 400, short by 295
  gen_sb_range_fresh_cross_session_swing_tp_long on EURJPY H4: REJECT at RUNG 0 SANITY -- min_trades: observed 84, required gte 400, short by 316
  gen_sb_range_fresh_cross_session_swing_tp_long on EURUSD H4: REJECT at RUNG 0 SANITY -- min_trades: observed 102, required gte 400, short by 298
  gen_sb_range_fresh_cross_session_swing_tp_long on GBPJPY H4: REJECT at RUNG 0 SANITY -- min_trades: observed 99, required gte 400, short by 301
  gen_sb_range_fresh_cross_session_swing_tp_long on GBPUSD H4: REJECT at RUNG 0 SANITY -- min_trades: observed 113, required gte 400, short by 287
  gen_sb_range_fresh_cross_session_swing_tp_long on UK100 H4: REJECT at RUNG 0 SANITY -- min_trades: observed 59, required gte 400, short by 341
  gen_sb_range_fresh_cross_session_swing_tp_long on USDCHF H4: REJECT at RUNG 0 SANITY -- min_trades: observed 89, required gte 400, short by 311
  gen_sb_range_fresh_cross_session_time_exit on DE40 H4: REJECT at RUNG 0 SANITY -- min_trades: observed 215, required gte 400, short by 185
  gen_sb_range_fresh_cross_session_time_exit on EURGBP H4: REJECT at RUNG 0 SANITY -- RUNG 0 SANITY: expectancy -0.793777 at declared defaults is not positive; there is no edge to validate.
  gen_sb_range_fresh_cross_session_time_exit on EURJPY H4: REJECT at RUNG 0 SANITY -- min_trades: observed 270, required gte 400, short by 130
  gen_sb_range_fresh_cross_session_time_exit on EURUSD H4: REJECT at RUNG 0 SANITY -- min_trades: observed 286, required gte 400, short by 114
  gen_sb_range_fresh_cross_session_time_exit on GBPJPY H4: REJECT at RUNG 0 SANITY -- min_trades: observed 296, required gte 400, short by 104
  gen_sb_range_fresh_cross_session_time_exit on GBPUSD H4: REJECT at RUNG 0 SANITY -- min_trades: observed 365, required gte 400, short by 35
  gen_sb_range_fresh_cross_session_time_exit on UK100 H4: REJECT at RUNG 0 SANITY -- min_trades: observed 183, required gte 400, short by 217
  gen_sb_range_fresh_cross_session_time_exit on USDCHF H4: REJECT at RUNG 0 SANITY -- min_trades: observed 257, required gte 400, short by 143
  gen_tp_ema_recross_rvol_gate_trail on AUDUSD H4: REJECT at RUNG 0 SANITY -- RUNG 0 SANITY: expectancy -0.51647 at declared defaults is not positive; there is no edge to validate.
  gen_tp_ema_recross_rvol_gate_trail on AUDUSD D1: REJECT at RUNG 0 SANITY -- min_trades: observed 152, required gte 400, short by 248
  gen_tp_ema_recross_rvol_gate_trail on DE40 H4: REJECT at RUNG 0 SANITY -- RUNG 0 SANITY: expectancy -0.965973 at declared defaults is not positive; there is no edge to validate.
  gen_tp_ema_recross_rvol_gate_trail on DE40 D1: REJECT at RUNG 0 SANITY -- min_trades: observed 127, required gte 400, short by 273
  gen_tp_ema_recross_rvol_gate_trail on EURJPY H4: REJECT at RUNG 0 SANITY -- RUNG 0 SANITY: expectancy -0.419393 at declared defaults is not positive; there is no edge to validate.
  gen_tp_ema_recross_rvol_gate_trail on EURJPY D1: REJECT at RUNG 0 SANITY -- min_trades: observed 154, required gte 400, short by 246
  gen_tp_ema_recross_rvol_gate_trail on EURUSD H4: REJECT at RUNG 0 SANITY -- RUNG 0 SANITY: expectancy -0.630492 at declared defaults is not positive; there is no edge to validate.
  gen_tp_ema_recross_rvol_gate_trail on EURUSD D1: REJECT at RUNG 0 SANITY -- min_trades: observed 149, required gte 400, short by 251
  gen_tp_ema_recross_rvol_gate_trail on GBPJPY H4: REJECT at RUNG 2 WALK_FORWARD -- walk_forward_efficiency: observed -21.59, required gte 50, short by 71.59
  gen_tp_ema_recross_rvol_gate_trail on GBPJPY D1: REJECT at RUNG 0 SANITY -- min_trades: observed 161, required gte 400, short by 239
  gen_tp_ema_recross_rvol_gate_trail on GBPUSD H4: REJECT at RUNG 0 SANITY -- RUNG 0 SANITY: expectancy -2.02846 at declared defaults is not positive; there is no edge to validate.
  gen_tp_ema_recross_rvol_gate_trail on GBPUSD D1: REJECT at RUNG 0 SANITY -- min_trades: observed 154, required gte 400, short by 246
  gen_tp_ema_recross_rvol_gate_trail on NZDUSD H4: REJECT at RUNG 0 SANITY -- RUNG 0 SANITY: expectancy -0.554885 at declared defaults is not positive; there is no edge to validate.
  gen_tp_ema_recross_rvol_gate_trail on NZDUSD D1: REJECT at RUNG 0 SANITY -- min_trades: observed 152, required gte 400, short by 248
  gen_tp_ema_recross_rvol_gate_trail on UK100 H4: REJECT at RUNG 0 SANITY -- RUNG 0 SANITY: expectancy -1.33028 at declared defaults is not positive; there is no edge to validate.
  gen_tp_ema_recross_rvol_gate_trail on UK100 D1: REJECT at RUNG 0 SANITY -- min_trades: observed 39, required gte 400, short by 361
  gen_tp_ema_recross_rvol_gate_trail on US500 H4: REJECT at RUNG 0 SANITY -- RUNG 0 SANITY: expectancy -1.76476 at declared defaults is not positive; there is no edge to validate.
  gen_tp_ema_recross_rvol_gate_trail on US500 D1: REJECT at RUNG 0 SANITY -- min_trades: observed 167, required gte 400, short by 233
  gen_tp_ema_recross_rvol_gate_trail on USDCAD H4: REJECT at RUNG 0 SANITY -- RUNG 0 SANITY: expectancy -0.809403 at declared defaults is not positive; there is no edge to validate.
  gen_tp_ema_recross_rvol_gate_trail on USDCAD D1: REJECT at RUNG 0 SANITY -- min_trades: observed 162, required gte 400, short by 238
  gen_tp_ema_recross_rvol_gate_trail on USDCHF H4: REJECT at RUNG 0 SANITY -- RUNG 0 SANITY: expectancy -1.85482 at declared defaults is not positive; there is no edge to validate.
  gen_tp_ema_recross_rvol_gate_trail on USDCHF D1: REJECT at RUNG 0 SANITY -- min_trades: observed 163, required gte 400, short by 237
  gen_tp_ema_recross_rvol_gate_trail on USDJPY H4: REJECT at RUNG 0 SANITY -- RUNG 0 SANITY: expectancy -0.644948 at declared defaults is not positive; there is no edge to validate.
  gen_tp_ema_recross_rvol_gate_trail on USDJPY D1: REJECT at RUNG 0 SANITY -- min_trades: observed 161, required gte 400, short by 239
  gen_tp_ema_recross_rvol_gate_trail on XAGUSD H4: REJECT at RUNG 0 SANITY -- RUNG 0 SANITY: expectancy -0.492888 at declared defaults is not positive; there is no edge to validate.
  gen_tp_ema_recross_rvol_gate_trail on XAGUSD D1: REJECT at RUNG 0 SANITY -- min_trades: observed 140, required gte 400, short by 260
  gen_tp_ema_recross_rvol_gate_trail on XAUUSD H4: REJECT at RUNG 4 ROBUSTNESS -- parameter_plateau: observed 1.629, required lte 1.25, short by 0.3787
  gen_tp_ema_recross_rvol_gate_trail on XAUUSD D1: REJECT at RUNG 0 SANITY -- min_trades: observed 146, required gte 400, short by 254
  gen_tp_ema_recross_session_trail on AUDUSD H4: REJECT at RUNG 0 SANITY -- RUNG 0 SANITY: expectancy -0.77071 at declared defaults is not positive; there is no edge to validate.
  gen_tp_ema_recross_session_trail on DE40 H4: REJECT at RUNG 0 SANITY -- RUNG 0 SANITY: expectancy -0.938031 at declared defaults is not positive; there is no edge to validate.
  gen_tp_ema_recross_session_trail on EURJPY H4: REJECT at RUNG 0 SANITY -- RUNG 0 SANITY: expectancy -0.200003 at declared defaults is not positive; there is no edge to validate.
  gen_tp_ema_recross_session_trail on EURUSD H4: REJECT at RUNG 0 SANITY -- RUNG 0 SANITY: expectancy -0.932012 at declared defaults is not positive; there is no edge to validate.
  gen_tp_ema_recross_session_trail on GBPJPY H4: REJECT at RUNG 0 SANITY -- RUNG 0 SANITY: expectancy -0.156353 at declared defaults is not positive; there is no edge to validate.
  gen_tp_ema_recross_session_trail on GBPUSD H4: REJECT at RUNG 0 SANITY -- RUNG 0 SANITY: expectancy -2.21929 at declared defaults is not positive; there is no edge to validate.
  gen_tp_ema_recross_session_trail on NZDUSD H4: REJECT at RUNG 0 SANITY -- RUNG 0 SANITY: expectancy -0.362311 at declared defaults is not positive; there is no edge to validate.
  gen_tp_ema_recross_session_trail on UK100 H4: REJECT at RUNG 0 SANITY -- RUNG 0 SANITY: expectancy -1.41159 at declared defaults is not positive; there is no edge to validate.
  gen_tp_ema_recross_session_trail on US500 H4: REJECT at RUNG 0 SANITY -- RUNG 0 SANITY: expectancy -1.71951 at declared defaults is not positive; there is no edge to validate.
  gen_tp_ema_recross_session_trail on USDCAD H4: REJECT at RUNG 0 SANITY -- RUNG 0 SANITY: expectancy -1.20367 at declared defaults is not positive; there is no edge to validate.
  gen_tp_ema_recross_session_trail on USDCHF H4: REJECT at RUNG 0 SANITY -- RUNG 0 SANITY: expectancy -1.58448 at declared defaults is not positive; there is no edge to validate.
  gen_tp_ema_recross_session_trail on USDJPY H4: REJECT at RUNG 0 SANITY -- RUNG 0 SANITY: expectancy -0.963853 at declared defaults is not positive; there is no edge to validate.
  gen_tp_ema_recross_session_trail on XAGUSD H4: REJECT at RUNG 0 SANITY -- RUNG 0 SANITY: expectancy -0.844954 at declared defaults is not positive; there is no edge to validate.
  gen_tp_ema_recross_session_trail on XAUUSD H4: REJECT at RUNG 2 WALK_FORWARD -- walk_forward_efficiency: observed 41.7, required gte 50, short by 8.301
  gen_tp_kc_recross_adx_gate_swing_tp_short on AUDUSD H4: REJECT at RUNG 0 SANITY -- min_trades: observed 143, required gte 400, short by 257
  gen_tp_kc_recross_adx_gate_swing_tp_short on AUDUSD D1: REJECT at RUNG 0 SANITY -- min_trades: observed 25, required gte 400, short by 375
  gen_tp_kc_recross_adx_gate_swing_tp_short on DE40 H4: REJECT at RUNG 0 SANITY -- min_trades: observed 83, required gte 400, short by 317
  gen_tp_kc_recross_adx_gate_swing_tp_short on DE40 D1: REJECT at RUNG 0 SANITY -- min_trades: observed 5, required gte 400, short by 395
  gen_tp_kc_recross_adx_gate_swing_tp_short on EURJPY H4: REJECT at RUNG 0 SANITY -- min_trades: observed 141, required gte 400, short by 259
  gen_tp_kc_recross_adx_gate_swing_tp_short on EURJPY D1: REJECT at RUNG 0 SANITY -- min_trades: observed 25, required gte 400, short by 375
  gen_tp_kc_recross_adx_gate_swing_tp_short on EURUSD H4: REJECT at RUNG 0 SANITY -- min_trades: observed 147, required gte 400, short by 253
  gen_tp_kc_recross_adx_gate_swing_tp_short on EURUSD D1: REJECT at RUNG 0 SANITY -- min_trades: observed 22, required gte 400, short by 378
  gen_tp_kc_recross_adx_gate_swing_tp_short on GBPJPY H4: REJECT at RUNG 0 SANITY -- min_trades: observed 110, required gte 400, short by 290
  gen_tp_kc_recross_adx_gate_swing_tp_short on GBPJPY D1: REJECT at RUNG 0 SANITY -- min_trades: observed 23, required gte 400, short by 377
  gen_tp_kc_recross_adx_gate_swing_tp_short on GBPUSD H4: REJECT at RUNG 0 SANITY -- min_trades: observed 175, required gte 400, short by 225
  gen_tp_kc_recross_adx_gate_swing_tp_short on GBPUSD D1: REJECT at RUNG 0 SANITY -- min_trades: observed 29, required gte 400, short by 371
  gen_tp_kc_recross_adx_gate_swing_tp_short on NZDUSD H4: REJECT at RUNG 0 SANITY -- min_trades: observed 162, required gte 400, short by 238
  gen_tp_kc_recross_adx_gate_swing_tp_short on NZDUSD D1: REJECT at RUNG 0 SANITY -- min_trades: observed 25, required gte 400, short by 375
  gen_tp_kc_recross_adx_gate_swing_tp_short on UK100 H4: REJECT at RUNG 0 SANITY -- min_trades: observed 59, required gte 400, short by 341
  gen_tp_kc_recross_adx_gate_swing_tp_short on UK100 D1: REJECT at RUNG 0 SANITY -- min_trades: observed 5, required gte 400, short by 395
  gen_tp_kc_recross_adx_gate_swing_tp_short on US500 H4: REJECT at RUNG 0 SANITY -- min_trades: observed 106, required gte 400, short by 294
  gen_tp_kc_recross_adx_gate_swing_tp_short on US500 D1: REJECT at RUNG 0 SANITY -- min_trades: observed 9, required gte 400, short by 391
  gen_tp_kc_recross_adx_gate_swing_tp_short on USDCAD H4: REJECT at RUNG 0 SANITY -- min_trades: observed 170, required gte 400, short by 230
  gen_tp_kc_recross_adx_gate_swing_tp_short on USDCAD D1: REJECT at RUNG 0 SANITY -- min_trades: observed 28, required gte 400, short by 372
  gen_tp_kc_recross_adx_gate_swing_tp_short on USDCHF H4: REJECT at RUNG 0 SANITY -- min_trades: observed 162, required gte 400, short by 238
  gen_tp_kc_recross_adx_gate_swing_tp_short on USDCHF D1: REJECT at RUNG 0 SANITY -- min_trades: observed 27, required gte 400, short by 373
  gen_tp_kc_recross_adx_gate_swing_tp_short on USDJPY H4: REJECT at RUNG 0 SANITY -- min_trades: observed 122, required gte 400, short by 278
  gen_tp_kc_recross_adx_gate_swing_tp_short on USDJPY D1: REJECT at RUNG 0 SANITY -- min_trades: observed 19, required gte 400, short by 381
  gen_tp_kc_recross_adx_gate_swing_tp_short on XAGUSD H4: REJECT at RUNG 0 SANITY -- min_trades: observed 71, required gte 400, short by 329
  gen_tp_kc_recross_adx_gate_swing_tp_short on XAGUSD D1: REJECT at RUNG 0 SANITY -- min_trades: observed 18, required gte 400, short by 382
  gen_tp_kc_recross_adx_gate_swing_tp_short on XAUUSD H4: REJECT at RUNG 0 SANITY -- min_trades: observed 156, required gte 400, short by 244
  gen_tp_kc_recross_adx_gate_swing_tp_short on XAUUSD D1: REJECT at RUNG 0 SANITY -- min_trades: observed 12, required gte 400, short by 388
  gen_tp_kc_recross_none_swing_tp_long on AUDUSD H4: REJECT at RUNG 0 SANITY -- min_trades: observed 198, required gte 400, short by 202
  gen_tp_kc_recross_none_swing_tp_long on AUDUSD D1: REJECT at RUNG 0 SANITY -- min_trades: observed 32, required gte 400, short by 368
  gen_tp_kc_recross_none_swing_tp_long on DE40 H4: REJECT at RUNG 0 SANITY -- min_trades: observed 183, required gte 400, short by 217
  gen_tp_kc_recross_none_swing_tp_long on DE40 D1: REJECT at RUNG 0 SANITY -- min_trades: observed 35, required gte 400, short by 365
  gen_tp_kc_recross_none_swing_tp_long on EURJPY H4: REJECT at RUNG 0 SANITY -- min_trades: observed 167, required gte 400, short by 233
  gen_tp_kc_recross_none_swing_tp_long on EURJPY D1: REJECT at RUNG 0 SANITY -- min_trades: observed 30, required gte 400, short by 370
  gen_tp_kc_recross_none_swing_tp_long on EURUSD H4: REJECT at RUNG 0 SANITY -- min_trades: observed 190, required gte 400, short by 210
  gen_tp_kc_recross_none_swing_tp_long on EURUSD D1: REJECT at RUNG 0 SANITY -- min_trades: observed 35, required gte 400, short by 365
  gen_tp_kc_recross_none_swing_tp_long on GBPJPY H4: REJECT at RUNG 0 SANITY -- min_trades: observed 193, required gte 400, short by 207
  gen_tp_kc_recross_none_swing_tp_long on GBPJPY D1: REJECT at RUNG 0 SANITY -- min_trades: observed 33, required gte 400, short by 367
  gen_tp_kc_recross_none_swing_tp_long on GBPUSD H4: REJECT at RUNG 0 SANITY -- min_trades: observed 208, required gte 400, short by 192
  gen_tp_kc_recross_none_swing_tp_long on GBPUSD D1: REJECT at RUNG 0 SANITY -- min_trades: observed 27, required gte 400, short by 373
  gen_tp_kc_recross_none_swing_tp_long on NZDUSD H4: REJECT at RUNG 0 SANITY -- min_trades: observed 168, required gte 400, short by 232
  gen_tp_kc_recross_none_swing_tp_long on NZDUSD D1: REJECT at RUNG 0 SANITY -- min_trades: observed 34, required gte 400, short by 366
  gen_tp_kc_recross_none_swing_tp_long on UK100 H4: REJECT at RUNG 0 SANITY -- min_trades: observed 173, required gte 400, short by 227
  gen_tp_kc_recross_none_swing_tp_long on UK100 D1: REJECT at RUNG 0 SANITY -- min_trades: observed 34, required gte 400, short by 366
  gen_tp_kc_recross_none_swing_tp_long on US500 H4: REJECT at RUNG 0 SANITY -- min_trades: observed 282, required gte 400, short by 118
  gen_tp_kc_recross_none_swing_tp_long on US500 D1: REJECT at RUNG 0 SANITY -- min_trades: observed 55, required gte 400, short by 345
  gen_tp_kc_recross_none_swing_tp_long on USDCAD H4: REJECT at RUNG 0 SANITY -- min_trades: observed 216, required gte 400, short by 184
  gen_tp_kc_recross_none_swing_tp_long on USDCAD D1: REJECT at RUNG 0 SANITY -- min_trades: observed 36, required gte 400, short by 364
  gen_tp_kc_recross_none_swing_tp_long on USDCHF H4: REJECT at RUNG 0 SANITY -- min_trades: observed 43, required gte 400, short by 357
  gen_tp_kc_recross_none_swing_tp_long on USDCHF D1: REJECT at RUNG 0 SANITY -- min_trades: observed 27, required gte 400, short by 373
  gen_tp_kc_recross_none_swing_tp_long on USDJPY H4: REJECT at RUNG 0 SANITY -- min_trades: observed 193, required gte 400, short by 207
  gen_tp_kc_recross_none_swing_tp_long on USDJPY D1: REJECT at RUNG 0 SANITY -- min_trades: observed 17, required gte 400, short by 383
  gen_tp_kc_recross_none_swing_tp_long on XAGUSD H4: REJECT at RUNG 0 SANITY -- min_trades: observed 136, required gte 400, short by 264
  gen_tp_kc_recross_none_swing_tp_long on XAGUSD D1: REJECT at RUNG 0 SANITY -- min_trades: observed 29, required gte 400, short by 371
  gen_tp_kc_recross_none_swing_tp_long on XAUUSD H4: REJECT at RUNG 0 SANITY -- min_trades: observed 203, required gte 400, short by 197
  gen_tp_kc_recross_none_swing_tp_long on XAUUSD D1: REJECT at RUNG 0 SANITY -- min_trades: observed 35, required gte 400, short by 365
  gen_tp_kc_recross_none_time_exit on AUDUSD H4: REJECT at RUNG 0 SANITY -- min_trades: observed 301, required gte 400, short by 99
  gen_tp_kc_recross_none_time_exit on AUDUSD D1: REJECT at RUNG 0 SANITY -- min_trades: observed 54, required gte 400, short by 346
  gen_tp_kc_recross_none_time_exit on DE40 H4: REJECT at RUNG 0 SANITY -- min_trades: observed 239, required gte 400, short by 161
  gen_tp_kc_recross_none_time_exit on DE40 D1: REJECT at RUNG 0 SANITY -- min_trades: observed 45, required gte 400, short by 355
  gen_tp_kc_recross_none_time_exit on EURJPY H4: REJECT at RUNG 0 SANITY -- min_trades: observed 307, required gte 400, short by 93
  gen_tp_kc_recross_none_time_exit on EURJPY D1: REJECT at RUNG 0 SANITY -- min_trades: observed 56, required gte 400, short by 344
  gen_tp_kc_recross_none_time_exit on EURUSD H4: REJECT at RUNG 0 SANITY -- min_trades: observed 312, required gte 400, short by 88
  gen_tp_kc_recross_none_time_exit on EURUSD D1: REJECT at RUNG 0 SANITY -- min_trades: observed 54, required gte 400, short by 346
  gen_tp_kc_recross_none_time_exit on GBPJPY H4: REJECT at RUNG 0 SANITY -- min_trades: observed 310, required gte 400, short by 90
  gen_tp_kc_recross_none_time_exit on GBPJPY D1: REJECT at RUNG 0 SANITY -- min_trades: observed 56, required gte 400, short by 344
  gen_tp_kc_recross_none_time_exit on GBPUSD H4: REJECT at RUNG 0 SANITY -- min_trades: observed 331, required gte 400, short by 69
  gen_tp_kc_recross_none_time_exit on GBPUSD D1: REJECT at RUNG 0 SANITY -- min_trades: observed 49, required gte 400, short by 351
  gen_tp_kc_recross_none_time_exit on NZDUSD H4: REJECT at RUNG 0 SANITY -- min_trades: observed 301, required gte 400, short by 99
  gen_tp_kc_recross_none_time_exit on NZDUSD D1: REJECT at RUNG 0 SANITY -- min_trades: observed 53, required gte 400, short by 347
  gen_tp_kc_recross_none_time_exit on UK100 H4: REJECT at RUNG 0 SANITY -- min_trades: observed 166, required gte 400, short by 234
  gen_tp_kc_recross_none_time_exit on UK100 D1: REJECT at RUNG 0 SANITY -- min_trades: observed 0, required gte 400, short by 400
  gen_tp_kc_recross_none_time_exit on US500 H4: REJECT at RUNG 0 SANITY -- min_trades: observed 324, required gte 400, short by 76
  gen_tp_kc_recross_none_time_exit on US500 D1: REJECT at RUNG 0 SANITY -- min_trades: observed 57, required gte 400, short by 343
  gen_tp_kc_recross_none_time_exit on USDCAD H4: REJECT at RUNG 0 SANITY -- min_trades: observed 310, required gte 400, short by 90
  gen_tp_kc_recross_none_time_exit on USDCAD D1: REJECT at RUNG 0 SANITY -- min_trades: observed 52, required gte 400, short by 348
  gen_tp_kc_recross_none_time_exit on USDCHF H4: REJECT at RUNG 0 SANITY -- min_trades: observed 281, required gte 400, short by 119
  gen_tp_kc_recross_none_time_exit on USDCHF D1: REJECT at RUNG 0 SANITY -- min_trades: observed 42, required gte 400, short by 358
  gen_tp_kc_recross_none_time_exit on USDJPY H4: REJECT at RUNG 0 SANITY -- min_trades: observed 302, required gte 400, short by 98
  gen_tp_kc_recross_none_time_exit on USDJPY D1: REJECT at RUNG 0 SANITY -- min_trades: observed 51, required gte 400, short by 349
  gen_tp_kc_recross_none_time_exit on XAGUSD H4: REJECT at RUNG 0 SANITY -- min_trades: observed 285, required gte 400, short by 115
  gen_tp_kc_recross_none_time_exit on XAGUSD D1: REJECT at RUNG 0 SANITY -- min_trades: observed 45, required gte 400, short by 355
  gen_tp_kc_recross_none_time_exit on XAUUSD H4: REJECT at RUNG 0 SANITY -- min_trades: observed 300, required gte 400, short by 100
  gen_tp_kc_recross_none_time_exit on XAUUSD D1: REJECT at RUNG 0 SANITY -- min_trades: observed 49, required gte 400, short by 351
  gen_tp_kc_recross_none_trail on AUDUSD H4: REJECT at RUNG 0 SANITY -- min_trades: observed 346, required gte 400, short by 54
  gen_tp_kc_recross_none_trail on AUDUSD D1: REJECT at RUNG 0 SANITY -- min_trades: observed 66, required gte 400, short by 334
  gen_tp_kc_recross_none_trail on DE40 H4: REJECT at RUNG 0 SANITY -- min_trades: observed 278, required gte 400, short by 122
  gen_tp_kc_recross_none_trail on DE40 D1: REJECT at RUNG 0 SANITY -- min_trades: observed 56, required gte 400, short by 344
  gen_tp_kc_recross_none_trail on EURJPY H4: REJECT at RUNG 0 SANITY -- min_trades: observed 355, required gte 400, short by 45
  gen_tp_kc_recross_none_trail on EURJPY D1: REJECT at RUNG 0 SANITY -- min_trades: observed 63, required gte 400, short by 337
  gen_tp_kc_recross_none_trail on EURUSD H4: REJECT at RUNG 0 SANITY -- min_trades: observed 355, required gte 400, short by 45
  gen_tp_kc_recross_none_trail on EURUSD D1: REJECT at RUNG 0 SANITY -- min_trades: observed 58, required gte 400, short by 342
  gen_tp_kc_recross_none_trail on GBPJPY H4: REJECT at RUNG 0 SANITY -- min_trades: observed 364, required gte 400, short by 36
  gen_tp_kc_recross_none_trail on GBPJPY D1: REJECT at RUNG 0 SANITY -- min_trades: observed 66, required gte 400, short by 334
  gen_tp_kc_recross_none_trail on GBPUSD H4: REJECT at RUNG 0 SANITY -- min_trades: observed 399, required gte 400, short by 1
  gen_tp_kc_recross_none_trail on GBPUSD D1: REJECT at RUNG 0 SANITY -- min_trades: observed 56, required gte 400, short by 344
  gen_tp_kc_recross_none_trail on NZDUSD H4: REJECT at RUNG 0 SANITY -- min_trades: observed 347, required gte 400, short by 53
  gen_tp_kc_recross_none_trail on NZDUSD D1: REJECT at RUNG 0 SANITY -- min_trades: observed 63, required gte 400, short by 337
  gen_tp_kc_recross_none_trail on UK100 H4: REJECT at RUNG 0 SANITY -- min_trades: observed 231, required gte 400, short by 169
  gen_tp_kc_recross_none_trail on UK100 D1: REJECT at RUNG 0 SANITY -- min_trades: observed 16, required gte 400, short by 384
  gen_tp_kc_recross_none_trail on US500 H4: REJECT at RUNG 0 SANITY -- min_trades: observed 368, required gte 400, short by 32
  gen_tp_kc_recross_none_trail on US500 D1: REJECT at RUNG 0 SANITY -- min_trades: observed 72, required gte 400, short by 328
  gen_tp_kc_recross_none_trail on USDCAD H4: REJECT at RUNG 0 SANITY -- min_trades: observed 365, required gte 400, short by 35
  gen_tp_kc_recross_none_trail on USDCAD D1: REJECT at RUNG 0 SANITY -- min_trades: observed 62, required gte 400, short by 338
  gen_tp_kc_recross_none_trail on USDCHF H4: REJECT at RUNG 0 SANITY -- min_trades: observed 330, required gte 400, short by 70
  gen_tp_kc_recross_none_trail on USDCHF D1: REJECT at RUNG 0 SANITY -- min_trades: observed 49, required gte 400, short by 351
  gen_tp_kc_recross_none_trail on USDJPY H4: REJECT at RUNG 0 SANITY -- min_trades: observed 335, required gte 400, short by 65
  gen_tp_kc_recross_none_trail on USDJPY D1: REJECT at RUNG 0 SANITY -- min_trades: observed 56, required gte 400, short by 344
  gen_tp_kc_recross_none_trail on XAGUSD H4: REJECT at RUNG 0 SANITY -- min_trades: observed 332, required gte 400, short by 68
  gen_tp_kc_recross_none_trail on XAGUSD D1: REJECT at RUNG 0 SANITY -- min_trades: observed 52, required gte 400, short by 348
  gen_tp_kc_recross_none_trail on XAUUSD H4: REJECT at RUNG 0 SANITY -- min_trades: observed 354, required gte 400, short by 46
  gen_tp_kc_recross_none_trail on XAUUSD D1: REJECT at RUNG 0 SANITY -- min_trades: observed 64, required gte 400, short by 336
  gen_tp_kc_recross_rvol_gate_time_exit on AUDUSD H4: REJECT at RUNG 0 SANITY -- min_trades: observed 281, required gte 400, short by 119
  gen_tp_kc_recross_rvol_gate_time_exit on AUDUSD D1: REJECT at RUNG 0 SANITY -- min_trades: observed 54, required gte 400, short by 346
  gen_tp_kc_recross_rvol_gate_time_exit on DE40 H4: REJECT at RUNG 0 SANITY -- min_trades: observed 239, required gte 400, short by 161
  gen_tp_kc_recross_rvol_gate_time_exit on DE40 D1: REJECT at RUNG 0 SANITY -- min_trades: observed 45, required gte 400, short by 355
  gen_tp_kc_recross_rvol_gate_time_exit on EURJPY H4: REJECT at RUNG 0 SANITY -- min_trades: observed 250, required gte 400, short by 150
  gen_tp_kc_recross_rvol_gate_time_exit on EURJPY D1: REJECT at RUNG 0 SANITY -- min_trades: observed 56, required gte 400, short by 344
  gen_tp_kc_recross_rvol_gate_time_exit on EURUSD H4: REJECT at RUNG 0 SANITY -- min_trades: observed 240, required gte 400, short by 160
  gen_tp_kc_recross_rvol_gate_time_exit on EURUSD D1: REJECT at RUNG 0 SANITY -- min_trades: observed 54, required gte 400, short by 346
  gen_tp_kc_recross_rvol_gate_time_exit on GBPJPY H4: REJECT at RUNG 0 SANITY -- min_trades: observed 277, required gte 400, short by 123
  gen_tp_kc_recross_rvol_gate_time_exit on GBPJPY D1: REJECT at RUNG 0 SANITY -- min_trades: observed 56, required gte 400, short by 344
  gen_tp_kc_recross_rvol_gate_time_exit on GBPUSD H4: REJECT at RUNG 0 SANITY -- min_trades: observed 266, required gte 400, short by 134
  gen_tp_kc_recross_rvol_gate_time_exit on GBPUSD D1: REJECT at RUNG 0 SANITY -- min_trades: observed 48, required gte 400, short by 352
  gen_tp_kc_recross_rvol_gate_time_exit on NZDUSD H4: REJECT at RUNG 0 SANITY -- min_trades: observed 291, required gte 400, short by 109
  gen_tp_kc_recross_rvol_gate_time_exit on NZDUSD D1: REJECT at RUNG 0 SANITY -- min_trades: observed 53, required gte 400, short by 347
  gen_tp_kc_recross_rvol_gate_time_exit on UK100 H4: REJECT at RUNG 0 SANITY -- min_trades: observed 164, required gte 400, short by 236
  gen_tp_kc_recross_rvol_gate_time_exit on UK100 D1: REJECT at RUNG 0 SANITY -- min_trades: observed 0, required gte 400, short by 400
  gen_tp_kc_recross_rvol_gate_time_exit on US500 H4: REJECT at RUNG 0 SANITY -- min_trades: observed 315, required gte 400, short by 85
  gen_tp_kc_recross_rvol_gate_time_exit on US500 D1: REJECT at RUNG 0 SANITY -- min_trades: observed 57, required gte 400, short by 343
  gen_tp_kc_recross_rvol_gate_time_exit on USDCAD H4: REJECT at RUNG 0 SANITY -- min_trades: observed 233, required gte 400, short by 167
  gen_tp_kc_recross_rvol_gate_time_exit on USDCAD D1: REJECT at RUNG 0 SANITY -- min_trades: observed 52, required gte 400, short by 348
  gen_tp_kc_recross_rvol_gate_time_exit on USDCHF H4: REJECT at RUNG 0 SANITY -- min_trades: observed 226, required gte 400, short by 174
  gen_tp_kc_recross_rvol_gate_time_exit on USDCHF D1: REJECT at RUNG 0 SANITY -- min_trades: observed 42, required gte 400, short by 358
  gen_tp_kc_recross_rvol_gate_time_exit on USDJPY H4: REJECT at RUNG 0 SANITY -- min_trades: observed 235, required gte 400, short by 165
  gen_tp_kc_recross_rvol_gate_time_exit on USDJPY D1: REJECT at RUNG 0 SANITY -- min_trades: observed 51, required gte 400, short by 349
  gen_tp_kc_recross_rvol_gate_time_exit on XAGUSD H4: REJECT at RUNG 0 SANITY -- min_trades: observed 285, required gte 400, short by 115
  gen_tp_kc_recross_rvol_gate_time_exit on XAGUSD D1: REJECT at RUNG 0 SANITY -- min_trades: observed 45, required gte 400, short by 355
  gen_tp_kc_recross_rvol_gate_time_exit on XAUUSD H4: REJECT at RUNG 0 SANITY -- min_trades: observed 297, required gte 400, short by 103
  gen_tp_kc_recross_rvol_gate_time_exit on XAUUSD D1: REJECT at RUNG 0 SANITY -- min_trades: observed 49, required gte 400, short by 351
  gen_tp_kc_recross_session_trail on AUDUSD H4: REJECT at RUNG 0 SANITY -- min_trades: observed 226, required gte 400, short by 174
  gen_tp_kc_recross_session_trail on DE40 H4: REJECT at RUNG 0 SANITY -- min_trades: observed 216, required gte 400, short by 184
  gen_tp_kc_recross_session_trail on EURJPY H4: REJECT at RUNG 0 SANITY -- min_trades: observed 251, required gte 400, short by 149
  gen_tp_kc_recross_session_trail on EURUSD H4: REJECT at RUNG 0 SANITY -- min_trades: observed 238, required gte 400, short by 162
  gen_tp_kc_recross_session_trail on GBPJPY H4: REJECT at RUNG 0 SANITY -- min_trades: observed 271, required gte 400, short by 129
  gen_tp_kc_recross_session_trail on GBPUSD H4: REJECT at RUNG 0 SANITY -- min_trades: observed 296, required gte 400, short by 104
  gen_tp_kc_recross_session_trail on NZDUSD H4: REJECT at RUNG 0 SANITY -- min_trades: observed 263, required gte 400, short by 137
  gen_tp_kc_recross_session_trail on UK100 H4: REJECT at RUNG 0 SANITY -- min_trades: observed 185, required gte 400, short by 215
  gen_tp_kc_recross_session_trail on US500 H4: REJECT at RUNG 0 SANITY -- min_trades: observed 306, required gte 400, short by 94
  gen_tp_kc_recross_session_trail on USDCAD H4: REJECT at RUNG 0 SANITY -- min_trades: observed 283, required gte 400, short by 117
  gen_tp_kc_recross_session_trail on USDCHF H4: REJECT at RUNG 0 SANITY -- min_trades: observed 243, required gte 400, short by 157
  gen_tp_kc_recross_session_trail on USDJPY H4: REJECT at RUNG 0 SANITY -- min_trades: observed 231, required gte 400, short by 169
  gen_tp_kc_recross_session_trail on XAGUSD H4: REJECT at RUNG 0 SANITY -- min_trades: observed 269, required gte 400, short by 131
  gen_tp_kc_recross_session_trail on XAUUSD H4: REJECT at RUNG 0 SANITY -- min_trades: observed 279, required gte 400, short by 121
  gen_tp_sma_recross_adx_gate_swing_tp_long on AUDUSD H4: REJECT at RUNG 0 SANITY -- min_trades: observed 165, required gte 400, short by 235
  gen_tp_sma_recross_adx_gate_swing_tp_long on AUDUSD D1: REJECT at RUNG 0 SANITY -- min_trades: observed 25, required gte 400, short by 375
  gen_tp_sma_recross_adx_gate_swing_tp_long on DE40 H4: REJECT at RUNG 0 SANITY -- min_trades: observed 107, required gte 400, short by 293
  gen_tp_sma_recross_adx_gate_swing_tp_long on DE40 D1: REJECT at RUNG 0 SANITY -- min_trades: observed 19, required gte 400, short by 381
  gen_tp_sma_recross_adx_gate_swing_tp_long on EURJPY H4: REJECT at RUNG 0 SANITY -- min_trades: observed 127, required gte 400, short by 273
  gen_tp_sma_recross_adx_gate_swing_tp_long on EURJPY D1: REJECT at RUNG 0 SANITY -- min_trades: observed 29, required gte 400, short by 371
  gen_tp_sma_recross_adx_gate_swing_tp_long on EURUSD H4: REJECT at RUNG 0 SANITY -- min_trades: observed 166, required gte 400, short by 234
  gen_tp_sma_recross_adx_gate_swing_tp_long on EURUSD D1: REJECT at RUNG 0 SANITY -- min_trades: observed 20, required gte 400, short by 380
  gen_tp_sma_recross_adx_gate_swing_tp_long on GBPJPY H4: REJECT at RUNG 0 SANITY -- min_trades: observed 185, required gte 400, short by 215
  gen_tp_sma_recross_adx_gate_swing_tp_long on GBPJPY D1: REJECT at RUNG 0 SANITY -- min_trades: observed 31, required gte 400, short by 369
  gen_tp_sma_recross_adx_gate_swing_tp_long on GBPUSD H4: REJECT at RUNG 0 SANITY -- min_trades: observed 189, required gte 400, short by 211
  gen_tp_sma_recross_adx_gate_swing_tp_long on GBPUSD D1: REJECT at RUNG 0 SANITY -- min_trades: observed 28, required gte 400, short by 372
  gen_tp_sma_recross_adx_gate_swing_tp_long on NZDUSD H4: REJECT at RUNG 0 SANITY -- min_trades: observed 152, required gte 400, short by 248
  gen_tp_sma_recross_adx_gate_swing_tp_long on NZDUSD D1: REJECT at RUNG 0 SANITY -- min_trades: observed 32, required gte 400, short by 368
  gen_tp_sma_recross_adx_gate_swing_tp_long on UK100 H4: REJECT at RUNG 0 SANITY -- min_trades: observed 121, required gte 400, short by 279
  gen_tp_sma_recross_adx_gate_swing_tp_long on UK100 D1: REJECT at RUNG 0 SANITY -- min_trades: observed 10, required gte 400, short by 390
  gen_tp_sma_recross_adx_gate_swing_tp_long on US500 H4: REJECT at RUNG 0 SANITY -- min_trades: observed 186, required gte 400, short by 214
  gen_tp_sma_recross_adx_gate_swing_tp_long on US500 D1: REJECT at RUNG 0 SANITY -- min_trades: observed 31, required gte 400, short by 369
  gen_tp_sma_recross_adx_gate_swing_tp_long on USDCAD H4: REJECT at RUNG 0 SANITY -- min_trades: observed 163, required gte 400, short by 237
  gen_tp_sma_recross_adx_gate_swing_tp_long on USDCAD D1: REJECT at RUNG 0 SANITY -- min_trades: observed 36, required gte 400, short by 364
  gen_tp_sma_recross_adx_gate_swing_tp_long on USDCHF H4: REJECT at RUNG 0 SANITY -- min_trades: observed 165, required gte 400, short by 235
  gen_tp_sma_recross_adx_gate_swing_tp_long on USDCHF D1: REJECT at RUNG 0 SANITY -- min_trades: observed 6, required gte 400, short by 394
  gen_tp_sma_recross_adx_gate_swing_tp_long on USDJPY H4: REJECT at RUNG 0 SANITY -- min_trades: observed 150, required gte 400, short by 250
  gen_tp_sma_recross_adx_gate_swing_tp_long on USDJPY D1: REJECT at RUNG 0 SANITY -- min_trades: observed 18, required gte 400, short by 382
  gen_tp_sma_recross_adx_gate_swing_tp_long on XAGUSD H4: REJECT at RUNG 0 SANITY -- min_trades: observed 174, required gte 400, short by 226
  gen_tp_sma_recross_adx_gate_swing_tp_long on XAGUSD D1: REJECT at RUNG 0 SANITY -- min_trades: observed 31, required gte 400, short by 369
  gen_tp_sma_recross_adx_gate_swing_tp_long on XAUUSD H4: REJECT at RUNG 0 SANITY -- min_trades: observed 161, required gte 400, short by 239
  gen_tp_sma_recross_adx_gate_swing_tp_long on XAUUSD D1: REJECT at RUNG 0 SANITY -- min_trades: observed 33, required gte 400, short by 367
  gen_tp_sma_recross_adx_gate_swing_tp_short on AUDUSD H4: REJECT at RUNG 0 SANITY -- min_trades: observed 154, required gte 400, short by 246
  gen_tp_sma_recross_adx_gate_swing_tp_short on AUDUSD D1: REJECT at RUNG 0 SANITY -- min_trades: observed 17, required gte 400, short by 383
  gen_tp_sma_recross_adx_gate_swing_tp_short on DE40 H4: REJECT at RUNG 0 SANITY -- min_trades: observed 86, required gte 400, short by 314
  gen_tp_sma_recross_adx_gate_swing_tp_short on DE40 D1: REJECT at RUNG 0 SANITY -- min_trades: observed 14, required gte 400, short by 386
  gen_tp_sma_recross_adx_gate_swing_tp_short on EURJPY H4: REJECT at RUNG 0 SANITY -- min_trades: observed 141, required gte 400, short by 259
  gen_tp_sma_recross_adx_gate_swing_tp_short on EURJPY D1: REJECT at RUNG 0 SANITY -- min_trades: observed 24, required gte 400, short by 376
  gen_tp_sma_recross_adx_gate_swing_tp_short on EURUSD H4: REJECT at RUNG 0 SANITY -- min_trades: observed 150, required gte 400, short by 250
  gen_tp_sma_recross_adx_gate_swing_tp_short on EURUSD D1: REJECT at RUNG 0 SANITY -- min_trades: observed 13, required gte 400, short by 387
  gen_tp_sma_recross_adx_gate_swing_tp_short on GBPJPY H4: REJECT at RUNG 0 SANITY -- min_trades: observed 153, required gte 400, short by 247
  gen_tp_sma_recross_adx_gate_swing_tp_short on GBPJPY D1: REJECT at RUNG 0 SANITY -- min_trades: observed 16, required gte 400, short by 384
  gen_tp_sma_recross_adx_gate_swing_tp_short on GBPUSD H4: REJECT at RUNG 0 SANITY -- min_trades: observed 178, required gte 400, short by 222
  gen_tp_sma_recross_adx_gate_swing_tp_short on GBPUSD D1: REJECT at RUNG 0 SANITY -- min_trades: observed 20, required gte 400, short by 380
  gen_tp_sma_recross_adx_gate_swing_tp_short on NZDUSD H4: REJECT at RUNG 0 SANITY -- min_trades: observed 156, required gte 400, short by 244
  gen_tp_sma_recross_adx_gate_swing_tp_short on NZDUSD D1: REJECT at RUNG 0 SANITY -- min_trades: observed 20, required gte 400, short by 380
  gen_tp_sma_recross_adx_gate_swing_tp_short on UK100 H4: REJECT at RUNG 0 SANITY -- min_trades: observed 81, required gte 400, short by 319
  gen_tp_sma_recross_adx_gate_swing_tp_short on UK100 D1: REJECT at RUNG 0 SANITY -- min_trades: observed 1, required gte 400, short by 399
  gen_tp_sma_recross_adx_gate_swing_tp_short on US500 H4: REJECT at RUNG 0 SANITY -- min_trades: observed 110, required gte 400, short by 290
  gen_tp_sma_recross_adx_gate_swing_tp_short on US500 D1: REJECT at RUNG 0 SANITY -- min_trades: observed 11, required gte 400, short by 389
  gen_tp_sma_recross_adx_gate_swing_tp_short on USDCAD H4: REJECT at RUNG 0 SANITY -- min_trades: observed 172, required gte 400, short by 228
  gen_tp_sma_recross_adx_gate_swing_tp_short on USDCAD D1: REJECT at RUNG 0 SANITY -- min_trades: observed 16, required gte 400, short by 384
  gen_tp_sma_recross_adx_gate_swing_tp_short on USDCHF H4: REJECT at RUNG 0 SANITY -- min_trades: observed 145, required gte 400, short by 255
  gen_tp_sma_recross_adx_gate_swing_tp_short on USDCHF D1: REJECT at RUNG 0 SANITY -- min_trades: observed 23, required gte 400, short by 377
  gen_tp_sma_recross_adx_gate_swing_tp_short on USDJPY H4: REJECT at RUNG 0 SANITY -- min_trades: observed 146, required gte 400, short by 254
  gen_tp_sma_recross_adx_gate_swing_tp_short on USDJPY D1: REJECT at RUNG 0 SANITY -- min_trades: observed 15, required gte 400, short by 385
  gen_tp_sma_recross_adx_gate_swing_tp_short on XAGUSD H4: REJECT at RUNG 0 SANITY -- min_trades: observed 70, required gte 400, short by 330
  gen_tp_sma_recross_adx_gate_swing_tp_short on XAGUSD D1: REJECT at RUNG 0 SANITY -- min_trades: observed 22, required gte 400, short by 378
  gen_tp_sma_recross_adx_gate_swing_tp_short on XAUUSD H4: REJECT at RUNG 0 SANITY -- min_trades: observed 160, required gte 400, short by 240
  gen_tp_sma_recross_adx_gate_swing_tp_short on XAUUSD D1: REJECT at RUNG 0 SANITY -- min_trades: observed 26, required gte 400, short by 374
  gen_tp_sma_recross_adx_gate_time_exit on AUDUSD H4: REJECT at RUNG 0 SANITY -- RUNG 0 SANITY: expectancy -0.333129 at declared defaults is not positive; there is no edge to validate.
  gen_tp_sma_recross_adx_gate_time_exit on AUDUSD D1: REJECT at RUNG 0 SANITY -- min_trades: observed 77, required gte 400, short by 323
  gen_tp_sma_recross_adx_gate_time_exit on DE40 H4: REJECT at RUNG 0 SANITY -- min_trades: observed 338, required gte 400, short by 62
  gen_tp_sma_recross_adx_gate_time_exit on DE40 D1: REJECT at RUNG 0 SANITY -- min_trades: observed 57, required gte 400, short by 343
  gen_tp_sma_recross_adx_gate_time_exit on EURJPY H4: REJECT at RUNG 0 SANITY -- RUNG 0 SANITY: expectancy -0.745996 at declared defaults is not positive; there is no edge to validate.
  gen_tp_sma_recross_adx_gate_time_exit on EURJPY D1: REJECT at RUNG 0 SANITY -- min_trades: observed 89, required gte 400, short by 311
  gen_tp_sma_recross_adx_gate_time_exit on EURUSD H4: REJECT at RUNG 0 SANITY -- RUNG 0 SANITY: expectancy -0.0511852 at declared defaults is not positive; there is no edge to validate.
  gen_tp_sma_recross_adx_gate_time_exit on EURUSD D1: REJECT at RUNG 0 SANITY -- min_trades: observed 74, required gte 400, short by 326
  gen_tp_sma_recross_adx_gate_time_exit on GBPJPY H4: REJECT at RUNG 0 SANITY -- RUNG 0 SANITY: expectancy -0.116591 at declared defaults is not positive; there is no edge to validate.
  gen_tp_sma_recross_adx_gate_time_exit on GBPJPY D1: REJECT at RUNG 0 SANITY -- min_trades: observed 86, required gte 400, short by 314
  gen_tp_sma_recross_adx_gate_time_exit on GBPUSD H4: REJECT at RUNG 0 SANITY -- RUNG 0 SANITY: expectancy -1.19934 at declared defaults is not positive; there is no edge to validate.
  gen_tp_sma_recross_adx_gate_time_exit on GBPUSD D1: REJECT at RUNG 0 SANITY -- min_trades: observed 68, required gte 400, short by 332
  gen_tp_sma_recross_adx_gate_time_exit on NZDUSD H4: REJECT at RUNG 1 IN_SAMPLE_SCREEN -- RUNG 1 IN_SAMPLE_SCREEN: no parameterisation inside the domains the document declares is positive in sample on sharpe; there is not
  gen_tp_sma_recross_adx_gate_time_exit on NZDUSD D1: REJECT at RUNG 0 SANITY -- min_trades: observed 69, required gte 400, short by 331
  gen_tp_sma_recross_adx_gate_time_exit on UK100 H4: REJECT at RUNG 0 SANITY -- min_trades: observed 248, required gte 400, short by 152
  gen_tp_sma_recross_adx_gate_time_exit on UK100 D1: REJECT at RUNG 0 SANITY -- min_trades: observed 1, required gte 400, short by 399
  gen_tp_sma_recross_adx_gate_time_exit on US500 H4: REJECT at RUNG 0 SANITY -- RUNG 0 SANITY: expectancy -0.292945 at declared defaults is not positive; there is no edge to validate.
  gen_tp_sma_recross_adx_gate_time_exit on US500 D1: REJECT at RUNG 0 SANITY -- min_trades: observed 75, required gte 400, short by 325
  gen_tp_sma_recross_adx_gate_time_exit on USDCAD H4: REJECT at RUNG 0 SANITY -- RUNG 0 SANITY: expectancy -1.01521 at declared defaults is not positive; there is no edge to validate.
  gen_tp_sma_recross_adx_gate_time_exit on USDCAD D1: REJECT at RUNG 0 SANITY -- min_trades: observed 75, required gte 400, short by 325
  gen_tp_sma_recross_adx_gate_time_exit on USDCHF H4: REJECT at RUNG 0 SANITY -- RUNG 0 SANITY: expectancy -1.5422 at declared defaults is not positive; there is no edge to validate.
  gen_tp_sma_recross_adx_gate_time_exit on USDCHF D1: REJECT at RUNG 0 SANITY -- min_trades: observed 71, required gte 400, short by 329
  gen_tp_sma_recross_adx_gate_time_exit on USDJPY H4: REJECT at RUNG 0 SANITY -- RUNG 0 SANITY: expectancy -1.17538 at declared defaults is not positive; there is no edge to validate.
  gen_tp_sma_recross_adx_gate_time_exit on USDJPY D1: REJECT at RUNG 0 SANITY -- min_trades: observed 90, required gte 400, short by 310
  gen_tp_sma_recross_adx_gate_time_exit on XAGUSD H4: REJECT at RUNG 0 SANITY -- RUNG 0 SANITY: expectancy -0.579442 at declared defaults is not positive; there is no edge to validate.
  gen_tp_sma_recross_adx_gate_time_exit on XAGUSD D1: REJECT at RUNG 0 SANITY -- min_trades: observed 88, required gte 400, short by 312
  gen_tp_sma_recross_adx_gate_time_exit on XAUUSD H4: REJECT at RUNG 0 SANITY -- RUNG 0 SANITY: expectancy -0.414085 at declared defaults is not positive; there is no edge to validate.
  gen_tp_sma_recross_adx_gate_time_exit on XAUUSD D1: REJECT at RUNG 0 SANITY -- min_trades: observed 80, required gte 400, short by 320
  gen_tp_sma_recross_adx_gate_tp_r on AUDUSD H4: REJECT at RUNG 0 SANITY -- RUNG 0 SANITY: expectancy -0.861466 at declared defaults is not positive; there is no edge to validate.
  gen_tp_sma_recross_adx_gate_tp_r on AUDUSD D1: REJECT at RUNG 0 SANITY -- min_trades: observed 76, required gte 400, short by 324
  gen_tp_sma_recross_adx_gate_tp_r on DE40 H4: REJECT at RUNG 0 SANITY -- min_trades: observed 332, required gte 400, short by 68
  gen_tp_sma_recross_adx_gate_tp_r on DE40 D1: REJECT at RUNG 0 SANITY -- min_trades: observed 58, required gte 400, short by 342
  gen_tp_sma_recross_adx_gate_tp_r on EURJPY H4: REJECT at RUNG 0 SANITY -- RUNG 0 SANITY: expectancy -1.18335 at declared defaults is not positive; there is no edge to validate.
  gen_tp_sma_recross_adx_gate_tp_r on EURJPY D1: REJECT at RUNG 0 SANITY -- min_trades: observed 84, required gte 400, short by 316
  gen_tp_sma_recross_adx_gate_tp_r on EURUSD H4: REJECT at RUNG 0 SANITY -- RUNG 0 SANITY: expectancy -0.573098 at declared defaults is not positive; there is no edge to validate.
  gen_tp_sma_recross_adx_gate_tp_r on EURUSD D1: REJECT at RUNG 0 SANITY -- min_trades: observed 73, required gte 400, short by 327
  gen_tp_sma_recross_adx_gate_tp_r on GBPJPY H4: REJECT at RUNG 0 SANITY -- RUNG 0 SANITY: expectancy -0.957583 at declared defaults is not positive; there is no edge to validate.
  gen_tp_sma_recross_adx_gate_tp_r on GBPJPY D1: REJECT at RUNG 0 SANITY -- min_trades: observed 79, required gte 400, short by 321
  gen_tp_sma_recross_adx_gate_tp_r on GBPUSD H4: REJECT at RUNG 0 SANITY -- RUNG 0 SANITY: expectancy -1.24188 at declared defaults is not positive; there is no edge to validate.
  gen_tp_sma_recross_adx_gate_tp_r on GBPUSD D1: REJECT at RUNG 0 SANITY -- min_trades: observed 73, required gte 400, short by 327
  gen_tp_sma_recross_adx_gate_tp_r on NZDUSD H4: REJECT at RUNG 0 SANITY -- RUNG 0 SANITY: expectancy -0.626771 at declared defaults is not positive; there is no edge to validate.
  gen_tp_sma_recross_adx_gate_tp_r on NZDUSD D1: REJECT at RUNG 0 SANITY -- min_trades: observed 69, required gte 400, short by 331
  gen_tp_sma_recross_adx_gate_tp_r on UK100 H4: REJECT at RUNG 0 SANITY -- min_trades: observed 262, required gte 400, short by 138
  gen_tp_sma_recross_adx_gate_tp_r on UK100 D1: REJECT at RUNG 0 SANITY -- min_trades: observed 17, required gte 400, short by 383
  gen_tp_sma_recross_adx_gate_tp_r on US500 H4: REJECT at RUNG 0 SANITY -- RUNG 0 SANITY: expectancy -0.376979 at declared defaults is not positive; there is no edge to validate.
  gen_tp_sma_recross_adx_gate_tp_r on US500 D1: REJECT at RUNG 0 SANITY -- min_trades: observed 73, required gte 400, short by 327
  gen_tp_sma_recross_adx_gate_tp_r on USDCAD H4: REJECT at RUNG 0 SANITY -- RUNG 0 SANITY: expectancy -1.91518 at declared defaults is not positive; there is no edge to validate.
  gen_tp_sma_recross_adx_gate_tp_r on USDCAD D1: REJECT at RUNG 0 SANITY -- min_trades: observed 78, required gte 400, short by 322
  gen_tp_sma_recross_adx_gate_tp_r on USDCHF H4: REJECT at RUNG 0 SANITY -- RUNG 0 SANITY: expectancy -1.56054 at declared defaults is not positive; there is no edge to validate.
  gen_tp_sma_recross_adx_gate_tp_r on USDCHF D1: REJECT at RUNG 0 SANITY -- min_trades: observed 75, required gte 400, short by 325
  gen_tp_sma_recross_adx_gate_tp_r on USDJPY H4: REJECT at RUNG 0 SANITY -- RUNG 0 SANITY: expectancy -2.16284 at declared defaults is not positive; there is no edge to validate.
  gen_tp_sma_recross_adx_gate_tp_r on USDJPY D1: REJECT at RUNG 0 SANITY -- min_trades: observed 83, required gte 400, short by 317
  gen_tp_sma_recross_adx_gate_tp_r on XAGUSD H4: REJECT at RUNG 0 SANITY -- RUNG 0 SANITY: expectancy -1.35875 at declared defaults is not positive; there is no edge to validate.
  gen_tp_sma_recross_adx_gate_tp_r on XAGUSD D1: REJECT at RUNG 0 SANITY -- min_trades: observed 92, required gte 400, short by 308
  gen_tp_sma_recross_adx_gate_tp_r on XAUUSD H4: REJECT at RUNG 0 SANITY -- RUNG 0 SANITY: expectancy -0.872641 at declared defaults is not positive; there is no edge to validate.
  gen_tp_sma_recross_adx_gate_tp_r on XAUUSD D1: REJECT at RUNG 0 SANITY -- min_trades: observed 81, required gte 400, short by 319
  gen_tp_sma_recross_none_swing_tp_long on AUDUSD H4: REJECT at RUNG 0 SANITY -- min_trades: observed 204, required gte 400, short by 196
  gen_tp_sma_recross_none_swing_tp_long on AUDUSD D1: REJECT at RUNG 0 SANITY -- min_trades: observed 37, required gte 400, short by 363
  gen_tp_sma_recross_none_swing_tp_long on DE40 H4: REJECT at RUNG 0 SANITY -- min_trades: observed 138, required gte 400, short by 262
  gen_tp_sma_recross_none_swing_tp_long on DE40 D1: REJECT at RUNG 0 SANITY -- min_trades: observed 26, required gte 400, short by 374
  gen_tp_sma_recross_none_swing_tp_long on EURJPY H4: REJECT at RUNG 0 SANITY -- min_trades: observed 155, required gte 400, short by 245
  gen_tp_sma_recross_none_swing_tp_long on EURJPY D1: REJECT at RUNG 0 SANITY -- min_trades: observed 39, required gte 400, short by 361
  gen_tp_sma_recross_none_swing_tp_long on EURUSD H4: REJECT at RUNG 0 SANITY -- min_trades: observed 211, required gte 400, short by 189
  gen_tp_sma_recross_none_swing_tp_long on EURUSD D1: REJECT at RUNG 0 SANITY -- min_trades: observed 27, required gte 400, short by 373
  gen_tp_sma_recross_none_swing_tp_long on GBPJPY H4: REJECT at RUNG 0 SANITY -- min_trades: observed 218, required gte 400, short by 182
  gen_tp_sma_recross_none_swing_tp_long on GBPJPY D1: REJECT at RUNG 0 SANITY -- min_trades: observed 40, required gte 400, short by 360
  gen_tp_sma_recross_none_swing_tp_long on GBPUSD H4: REJECT at RUNG 0 SANITY -- min_trades: observed 224, required gte 400, short by 176
  gen_tp_sma_recross_none_swing_tp_long on GBPUSD D1: REJECT at RUNG 0 SANITY -- min_trades: observed 46, required gte 400, short by 354
  gen_tp_sma_recross_none_swing_tp_long on NZDUSD H4: REJECT at RUNG 0 SANITY -- min_trades: observed 200, required gte 400, short by 200
  gen_tp_sma_recross_none_swing_tp_long on NZDUSD D1: REJECT at RUNG 0 SANITY -- min_trades: observed 53, required gte 400, short by 347
  gen_tp_sma_recross_none_swing_tp_long on UK100 H4: REJECT at RUNG 0 SANITY -- min_trades: observed 199, required gte 400, short by 201
  gen_tp_sma_recross_none_swing_tp_long on UK100 D1: REJECT at RUNG 0 SANITY -- min_trades: observed 30, required gte 400, short by 370
  gen_tp_sma_recross_none_swing_tp_long on US500 H4: REJECT at RUNG 0 SANITY -- min_trades: observed 231, required gte 400, short by 169
  gen_tp_sma_recross_none_swing_tp_long on US500 D1: REJECT at RUNG 0 SANITY -- min_trades: observed 46, required gte 400, short by 354
  gen_tp_sma_recross_none_swing_tp_long on USDCAD H4: REJECT at RUNG 0 SANITY -- min_trades: observed 203, required gte 400, short by 197
  gen_tp_sma_recross_none_swing_tp_long on USDCAD D1: REJECT at RUNG 0 SANITY -- min_trades: observed 43, required gte 400, short by 357
  gen_tp_sma_recross_none_swing_tp_long on USDCHF H4: REJECT at RUNG 0 SANITY -- min_trades: observed 225, required gte 400, short by 175
  gen_tp_sma_recross_none_swing_tp_long on USDCHF D1: REJECT at RUNG 0 SANITY -- min_trades: observed 8, required gte 400, short by 392
  gen_tp_sma_recross_none_swing_tp_long on USDJPY H4: REJECT at RUNG 0 SANITY -- min_trades: observed 201, required gte 400, short by 199
  gen_tp_sma_recross_none_swing_tp_long on USDJPY D1: REJECT at RUNG 0 SANITY -- min_trades: observed 24, required gte 400, short by 376
  gen_tp_sma_recross_none_swing_tp_long on XAGUSD H4: REJECT at RUNG 0 SANITY -- min_trades: observed 211, required gte 400, short by 189
  gen_tp_sma_recross_none_swing_tp_long on XAGUSD D1: REJECT at RUNG 0 SANITY -- min_trades: observed 38, required gte 400, short by 362
  gen_tp_sma_recross_none_swing_tp_long on XAUUSD H4: REJECT at RUNG 0 SANITY -- min_trades: observed 204, required gte 400, short by 196
  gen_tp_sma_recross_none_swing_tp_long on XAUUSD D1: REJECT at RUNG 0 SANITY -- min_trades: observed 58, required gte 400, short by 342
  gen_tp_sma_recross_none_swing_tp_short on AUDUSD H4: REJECT at RUNG 0 SANITY -- min_trades: observed 196, required gte 400, short by 204
  gen_tp_sma_recross_none_swing_tp_short on AUDUSD D1: REJECT at RUNG 0 SANITY -- min_trades: observed 21, required gte 400, short by 379
  gen_tp_sma_recross_none_swing_tp_short on DE40 H4: REJECT at RUNG 0 SANITY -- min_trades: observed 124, required gte 400, short by 276
  gen_tp_sma_recross_none_swing_tp_short on DE40 D1: REJECT at RUNG 0 SANITY -- min_trades: observed 20, required gte 400, short by 380
  gen_tp_sma_recross_none_swing_tp_short on EURJPY H4: REJECT at RUNG 0 SANITY -- min_trades: observed 167, required gte 400, short by 233
  gen_tp_sma_recross_none_swing_tp_short on EURJPY D1: REJECT at RUNG 0 SANITY -- min_trades: observed 27, required gte 400, short by 373
  gen_tp_sma_recross_none_swing_tp_short on EURUSD H4: REJECT at RUNG 0 SANITY -- min_trades: observed 181, required gte 400, short by 219
  gen_tp_sma_recross_none_swing_tp_short on EURUSD D1: REJECT at RUNG 0 SANITY -- min_trades: observed 17, required gte 400, short by 383
  gen_tp_sma_recross_none_swing_tp_short on GBPJPY H4: REJECT at RUNG 0 SANITY -- min_trades: observed 195, required gte 400, short by 205
  gen_tp_sma_recross_none_swing_tp_short on GBPJPY D1: REJECT at RUNG 0 SANITY -- min_trades: observed 22, required gte 400, short by 378
  gen_tp_sma_recross_none_swing_tp_short on GBPUSD H4: REJECT at RUNG 0 SANITY -- min_trades: observed 216, required gte 400, short by 184
  gen_tp_sma_recross_none_swing_tp_short on GBPUSD D1: REJECT at RUNG 0 SANITY -- min_trades: observed 41, required gte 400, short by 359
  gen_tp_sma_recross_none_swing_tp_short on NZDUSD H4: REJECT at RUNG 0 SANITY -- min_trades: observed 205, required gte 400, short by 195
  gen_tp_sma_recross_none_swing_tp_short on NZDUSD D1: REJECT at RUNG 0 SANITY -- min_trades: observed 30, required gte 400, short by 370
  gen_tp_sma_recross_none_swing_tp_short on UK100 H4: REJECT at RUNG 0 SANITY -- min_trades: observed 168, required gte 400, short by 232
  gen_tp_sma_recross_none_swing_tp_short on UK100 D1: REJECT at RUNG 0 SANITY -- min_trades: observed 9, required gte 400, short by 391
  gen_tp_sma_recross_none_swing_tp_short on US500 H4: REJECT at RUNG 0 SANITY -- min_trades: observed 141, required gte 400, short by 259
  gen_tp_sma_recross_none_swing_tp_short on US500 D1: REJECT at RUNG 0 SANITY -- min_trades: observed 22, required gte 400, short by 378
  gen_tp_sma_recross_none_swing_tp_short on USDCAD H4: REJECT at RUNG 0 SANITY -- min_trades: observed 208, required gte 400, short by 192
  gen_tp_sma_recross_none_swing_tp_short on USDCAD D1: REJECT at RUNG 0 SANITY -- min_trades: observed 40, required gte 400, short by 360
  gen_tp_sma_recross_none_swing_tp_short on USDCHF H4: REJECT at RUNG 0 SANITY -- min_trades: observed 192, required gte 400, short by 208
  gen_tp_sma_recross_none_swing_tp_short on USDCHF D1: REJECT at RUNG 0 SANITY -- min_trades: observed 37, required gte 400, short by 363
  gen_tp_sma_recross_none_swing_tp_short on USDJPY H4: REJECT at RUNG 0 SANITY -- min_trades: observed 173, required gte 400, short by 227
  gen_tp_sma_recross_none_swing_tp_short on USDJPY D1: REJECT at RUNG 0 SANITY -- min_trades: observed 35, required gte 400, short by 365
  gen_tp_sma_recross_none_swing_tp_short on XAGUSD H4: REJECT at RUNG 0 SANITY -- min_trades: observed 83, required gte 400, short by 317
  gen_tp_sma_recross_none_swing_tp_short on XAGUSD D1: REJECT at RUNG 0 SANITY -- min_trades: observed 25, required gte 400, short by 375
  gen_tp_sma_recross_none_swing_tp_short on XAUUSD H4: REJECT at RUNG 0 SANITY -- min_trades: observed 193, required gte 400, short by 207
  gen_tp_sma_recross_none_swing_tp_short on XAUUSD D1: REJECT at RUNG 0 SANITY -- min_trades: observed 41, required gte 400, short by 359
  gen_tp_sma_recross_rvol_gate_tp_r on AUDUSD H4: REJECT at RUNG 0 SANITY -- RUNG 0 SANITY: expectancy -1.14683 at declared defaults is not positive; there is no edge to validate.
  gen_tp_sma_recross_rvol_gate_tp_r on AUDUSD D1: REJECT at RUNG 0 SANITY -- min_trades: observed 124, required gte 400, short by 276
  gen_tp_sma_recross_rvol_gate_tp_r on DE40 H4: REJECT at RUNG 0 SANITY -- RUNG 0 SANITY: expectancy -0.957013 at declared defaults is not positive; there is no edge to validate.
  gen_tp_sma_recross_rvol_gate_tp_r on DE40 D1: REJECT at RUNG 0 SANITY -- min_trades: observed 98, required gte 400, short by 302
  gen_tp_sma_recross_rvol_gate_tp_r on EURJPY H4: REJECT at RUNG 0 SANITY -- RUNG 0 SANITY: expectancy -1.0706 at declared defaults is not positive; there is no edge to validate.
  gen_tp_sma_recross_rvol_gate_tp_r on EURJPY D1: REJECT at RUNG 0 SANITY -- min_trades: observed 113, required gte 400, short by 287
  gen_tp_sma_recross_rvol_gate_tp_r on EURUSD H4: REJECT at RUNG 0 SANITY -- RUNG 0 SANITY: expectancy -1.15375 at declared defaults is not positive; there is no edge to validate.
  gen_tp_sma_recross_rvol_gate_tp_r on EURUSD D1: REJECT at RUNG 0 SANITY -- min_trades: observed 127, required gte 400, short by 273
  gen_tp_sma_recross_rvol_gate_tp_r on GBPJPY H4: REJECT at RUNG 0 SANITY -- RUNG 0 SANITY: expectancy -1.11197 at declared defaults is not positive; there is no edge to validate.
  gen_tp_sma_recross_rvol_gate_tp_r on GBPJPY D1: REJECT at RUNG 0 SANITY -- min_trades: observed 114, required gte 400, short by 286
  gen_tp_sma_recross_rvol_gate_tp_r on GBPUSD H4: REJECT at RUNG 0 SANITY -- RUNG 0 SANITY: expectancy -0.98757 at declared defaults is not positive; there is no edge to validate.
  gen_tp_sma_recross_rvol_gate_tp_r on GBPUSD D1: REJECT at RUNG 0 SANITY -- min_trades: observed 137, required gte 400, short by 263
  gen_tp_sma_recross_rvol_gate_tp_r on NZDUSD H4: REJECT at RUNG 0 SANITY -- RUNG 0 SANITY: expectancy -0.761205 at declared defaults is not positive; there is no edge to validate.
  gen_tp_sma_recross_rvol_gate_tp_r on NZDUSD D1: REJECT at RUNG 0 SANITY -- min_trades: observed 116, required gte 400, short by 284
  gen_tp_sma_recross_rvol_gate_tp_r on UK100 H4: REJECT at RUNG 0 SANITY -- min_trades: observed 396, required gte 400, short by 4
  gen_tp_sma_recross_rvol_gate_tp_r on UK100 D1: REJECT at RUNG 0 SANITY -- min_trades: observed 32, required gte 400, short by 368
  gen_tp_sma_recross_rvol_gate_tp_r on US500 H4: REJECT at RUNG 0 SANITY -- RUNG 0 SANITY: expectancy -0.104845 at declared defaults is not positive; there is no edge to validate.
  gen_tp_sma_recross_rvol_gate_tp_r on US500 D1: REJECT at RUNG 0 SANITY -- min_trades: observed 119, required gte 400, short by 281
  gen_tp_sma_recross_rvol_gate_tp_r on USDCAD H4: REJECT at RUNG 0 SANITY -- RUNG 0 SANITY: expectancy -1.95444 at declared defaults is not positive; there is no edge to validate.
  gen_tp_sma_recross_rvol_gate_tp_r on USDCAD D1: REJECT at RUNG 0 SANITY -- min_trades: observed 122, required gte 400, short by 278
  gen_tp_sma_recross_rvol_gate_tp_r on USDCHF H4: REJECT at RUNG 0 SANITY -- RUNG 0 SANITY: expectancy -1.35703 at declared defaults is not positive; there is no edge to validate.
  gen_tp_sma_recross_rvol_gate_tp_r on USDCHF D1: REJECT at RUNG 0 SANITY -- min_trades: observed 122, required gte 400, short by 278
  gen_tp_sma_recross_rvol_gate_tp_r on USDJPY H4: REJECT at RUNG 0 SANITY -- RUNG 0 SANITY: expectancy -1.63351 at declared defaults is not positive; there is no edge to validate.
  gen_tp_sma_recross_rvol_gate_tp_r on USDJPY D1: REJECT at RUNG 0 SANITY -- min_trades: observed 116, required gte 400, short by 284
  gen_tp_sma_recross_rvol_gate_tp_r on XAGUSD H4: REJECT at RUNG 0 SANITY -- RUNG 0 SANITY: expectancy -1.1412 at declared defaults is not positive; there is no edge to validate.
  gen_tp_sma_recross_rvol_gate_tp_r on XAGUSD D1: REJECT at RUNG 0 SANITY -- min_trades: observed 120, required gte 400, short by 280
  gen_tp_sma_recross_rvol_gate_tp_r on XAUUSD H4: REJECT at RUNG 0 SANITY -- RUNG 0 SANITY: expectancy -0.937721 at declared defaults is not positive; there is no edge to validate.
  gen_tp_sma_recross_rvol_gate_tp_r on XAUUSD D1: REJECT at RUNG 0 SANITY -- min_trades: observed 121, required gte 400, short by 279
  gen_tp_sma_recross_rvol_gate_trail on AUDUSD H4: REJECT at RUNG 0 SANITY -- RUNG 0 SANITY: expectancy -0.761525 at declared defaults is not positive; there is no edge to validate.
  gen_tp_sma_recross_rvol_gate_trail on AUDUSD D1: REJECT at RUNG 0 SANITY -- min_trades: observed 155, required gte 400, short by 245
  gen_tp_sma_recross_rvol_gate_trail on DE40 H4: REJECT at RUNG 0 SANITY -- RUNG 0 SANITY: expectancy -0.813871 at declared defaults is not positive; there is no edge to validate.
  gen_tp_sma_recross_rvol_gate_trail on DE40 D1: REJECT at RUNG 0 SANITY -- min_trades: observed 125, required gte 400, short by 275
  gen_tp_sma_recross_rvol_gate_trail on EURJPY H4: REJECT at RUNG 0 SANITY -- RUNG 0 SANITY: expectancy -0.793623 at declared defaults is not positive; there is no edge to validate.
  gen_tp_sma_recross_rvol_gate_trail on EURJPY D1: REJECT at RUNG 0 SANITY -- min_trades: observed 161, required gte 400, short by 239
  gen_tp_sma_recross_rvol_gate_trail on EURUSD H4: REJECT at RUNG 0 SANITY -- RUNG 0 SANITY: expectancy -0.830709 at declared defaults is not positive; there is no edge to validate.
  gen_tp_sma_recross_rvol_gate_trail on EURUSD D1: REJECT at RUNG 0 SANITY -- min_trades: observed 165, required gte 400, short by 235
  gen_tp_sma_recross_rvol_gate_trail on GBPJPY H4: REJECT at RUNG 0 SANITY -- RUNG 0 SANITY: expectancy -0.123944 at declared defaults is not positive; there is no edge to validate.
  gen_tp_sma_recross_rvol_gate_trail on GBPJPY D1: REJECT at RUNG 0 SANITY -- min_trades: observed 159, required gte 400, short by 241
  gen_tp_sma_recross_rvol_gate_trail on GBPUSD H4: REJECT at RUNG 0 SANITY -- RUNG 0 SANITY: expectancy -1.24915 at declared defaults is not positive; there is no edge to validate.
  gen_tp_sma_recross_rvol_gate_trail on GBPUSD D1: REJECT at RUNG 0 SANITY -- min_trades: observed 162, required gte 400, short by 238
  gen_tp_sma_recross_rvol_gate_trail on NZDUSD H4: REJECT at RUNG 0 SANITY -- RUNG 0 SANITY: expectancy -0.613675 at declared defaults is not positive; there is no edge to validate.
  gen_tp_sma_recross_rvol_gate_trail on NZDUSD D1: REJECT at RUNG 0 SANITY -- min_trades: observed 157, required gte 400, short by 243
  gen_tp_sma_recross_rvol_gate_trail on UK100 H4: REJECT at RUNG 0 SANITY -- RUNG 0 SANITY: expectancy -1.53116 at declared defaults is not positive; there is no edge to validate.
  gen_tp_sma_recross_rvol_gate_trail on UK100 D1: REJECT at RUNG 0 SANITY -- min_trades: observed 44, required gte 400, short by 356
  gen_tp_sma_recross_rvol_gate_trail on US500 H4: REJECT at RUNG 0 SANITY -- RUNG 0 SANITY: expectancy -1.67128 at declared defaults is not positive; there is no edge to validate.
  gen_tp_sma_recross_rvol_gate_trail on US500 D1: REJECT at RUNG 0 SANITY -- min_trades: observed 164, required gte 400, short by 236
  gen_tp_sma_recross_rvol_gate_trail on USDCAD H4: REJECT at RUNG 0 SANITY -- RUNG 0 SANITY: expectancy -0.645777 at declared defaults is not positive; there is no edge to validate.
  gen_tp_sma_recross_rvol_gate_trail on USDCAD D1: REJECT at RUNG 0 SANITY -- min_trades: observed 174, required gte 400, short by 226
  gen_tp_sma_recross_rvol_gate_trail on USDCHF H4: REJECT at RUNG 0 SANITY -- RUNG 0 SANITY: expectancy -1.62412 at declared defaults is not positive; there is no edge to validate.
  gen_tp_sma_recross_rvol_gate_trail on USDCHF D1: REJECT at RUNG 0 SANITY -- min_trades: observed 163, required gte 400, short by 237
  gen_tp_sma_recross_rvol_gate_trail on USDJPY H4: REJECT at RUNG 0 SANITY -- RUNG 0 SANITY: expectancy -0.857977 at declared defaults is not positive; there is no edge to validate.
  gen_tp_sma_recross_rvol_gate_trail on USDJPY D1: REJECT at RUNG 0 SANITY -- min_trades: observed 166, required gte 400, short by 234
  gen_tp_sma_recross_rvol_gate_trail on XAGUSD H4: REJECT at RUNG 0 SANITY -- RUNG 0 SANITY: expectancy -0.410662 at declared defaults is not positive; there is no edge to validate.
  gen_tp_sma_recross_rvol_gate_trail on XAGUSD D1: REJECT at RUNG 0 SANITY -- min_trades: observed 152, required gte 400, short by 248
  gen_tp_sma_recross_rvol_gate_trail on XAUUSD H4: REJECT at RUNG 2 WALK_FORWARD -- walk_forward_efficiency: observed -29.86, required gte 50, short by 79.86
  gen_tp_sma_recross_rvol_gate_trail on XAUUSD D1: REJECT at RUNG 0 SANITY -- min_trades: observed 152, required gte 400, short by 248
  gen_tp_sma_recross_session_swing_tp_short on AUDUSD H4: REJECT at RUNG 0 SANITY -- min_trades: observed 178, required gte 400, short by 222
  gen_tp_sma_recross_session_swing_tp_short on DE40 H4: REJECT at RUNG 0 SANITY -- min_trades: observed 120, required gte 400, short by 280
  gen_tp_sma_recross_session_swing_tp_short on EURJPY H4: REJECT at RUNG 0 SANITY -- min_trades: observed 160, required gte 400, short by 240
  gen_tp_sma_recross_session_swing_tp_short on EURUSD H4: REJECT at RUNG 0 SANITY -- min_trades: observed 180, required gte 400, short by 220
  gen_tp_sma_recross_session_swing_tp_short on GBPJPY H4: REJECT at RUNG 0 SANITY -- min_trades: observed 173, required gte 400, short by 227
  gen_tp_sma_recross_session_swing_tp_short on GBPUSD H4: REJECT at RUNG 0 SANITY -- min_trades: observed 201, required gte 400, short by 199
  gen_tp_sma_recross_session_swing_tp_short on NZDUSD H4: REJECT at RUNG 0 SANITY -- min_trades: observed 172, required gte 400, short by 228
  gen_tp_sma_recross_session_swing_tp_short on UK100 H4: REJECT at RUNG 0 SANITY -- min_trades: observed 135, required gte 400, short by 265
  gen_tp_sma_recross_session_swing_tp_short on US500 H4: REJECT at RUNG 0 SANITY -- min_trades: observed 126, required gte 400, short by 274
  gen_tp_sma_recross_session_swing_tp_short on USDCAD H4: REJECT at RUNG 0 SANITY -- min_trades: observed 194, required gte 400, short by 206
  gen_tp_sma_recross_session_swing_tp_short on USDCHF H4: REJECT at RUNG 0 SANITY -- min_trades: observed 178, required gte 400, short by 222
  gen_tp_sma_recross_session_swing_tp_short on USDJPY H4: REJECT at RUNG 0 SANITY -- min_trades: observed 161, required gte 400, short by 239
  gen_tp_sma_recross_session_swing_tp_short on XAGUSD H4: REJECT at RUNG 0 SANITY -- min_trades: observed 73, required gte 400, short by 327
  gen_tp_sma_recross_session_swing_tp_short on XAUUSD H4: REJECT at RUNG 0 SANITY -- min_trades: observed 188, required gte 400, short by 212
  gen_tp_sma_recross_session_time_exit on AUDUSD H4: REJECT at RUNG 0 SANITY -- RUNG 0 SANITY: expectancy -0.818714 at declared defaults is not positive; there is no edge to validate.
  gen_tp_sma_recross_session_time_exit on DE40 H4: REJECT at RUNG 0 SANITY -- RUNG 0 SANITY: expectancy -0.0528953 at declared defaults is not positive; there is no edge to validate.
  gen_tp_sma_recross_session_time_exit on EURJPY H4: REJECT at RUNG 0 SANITY -- RUNG 0 SANITY: expectancy -0.588893 at declared defaults is not positive; there is no edge to validate.
  gen_tp_sma_recross_session_time_exit on EURUSD H4: REJECT at RUNG 0 SANITY -- RUNG 0 SANITY: expectancy -0.846578 at declared defaults is not positive; there is no edge to validate.
  gen_tp_sma_recross_session_time_exit on GBPJPY H4: REJECT at RUNG 2 WALK_FORWARD -- walk_forward_efficiency: observed -48.59, required gte 50, short by 98.59
  gen_tp_sma_recross_session_time_exit on GBPUSD H4: REJECT at RUNG 0 SANITY -- RUNG 0 SANITY: expectancy -1.10175 at declared defaults is not positive; there is no edge to validate.
  gen_tp_sma_recross_session_time_exit on NZDUSD H4: REJECT at RUNG 0 SANITY -- RUNG 0 SANITY: expectancy -0.463809 at declared defaults is not positive; there is no edge to validate.
  gen_tp_sma_recross_session_time_exit on UK100 H4: REJECT at RUNG 0 SANITY -- min_trades: observed 234, required gte 400, short by 166
  gen_tp_sma_recross_session_time_exit on US500 H4: REJECT at RUNG 0 SANITY -- RUNG 0 SANITY: expectancy -0.800474 at declared defaults is not positive; there is no edge to validate.
  gen_tp_sma_recross_session_time_exit on USDCAD H4: REJECT at RUNG 0 SANITY -- RUNG 0 SANITY: expectancy -1.32231 at declared defaults is not positive; there is no edge to validate.
  gen_tp_sma_recross_session_time_exit on USDCHF H4: REJECT at RUNG 0 SANITY -- RUNG 0 SANITY: expectancy -1.22145 at declared defaults is not positive; there is no edge to validate.
  gen_tp_sma_recross_session_time_exit on USDJPY H4: REJECT at RUNG 0 SANITY -- RUNG 0 SANITY: expectancy -0.723559 at declared defaults is not positive; there is no edge to validate.
  gen_tp_sma_recross_session_time_exit on XAGUSD H4: REJECT at RUNG 0 SANITY -- RUNG 0 SANITY: expectancy -0.591942 at declared defaults is not positive; there is no edge to validate.
  gen_tp_sma_recross_session_time_exit on XAUUSD H4: REJECT at RUNG 0 SANITY -- RUNG 0 SANITY: expectancy -0.232266 at declared defaults is not positive; there is no edge to validate.

{
  "campaign_id": "k5_generated_families_oanda_mid",
  "engine_version": "engine_v3_realism",
  "gate_set": "v2.0.0-audit",
  "datasets": {
    "AUDJPY_H4": "ds_e1707823ba88b2ad1e4e9f06",
    "AUDJPY_D1": "ds_39129edf7c2109880bbecf8a",
    "AUDUSD_H4": "ds_955952a677f3dcde348a547a",
    "AUDUSD_D1": "ds_febd942f45e3738497481e26",
    "DE40_H4": "ds_e8b257e41285cc6df6b308d5",
    "DE40_D1": "ds_b4f9c19467618ab630422a6b",
    "EURGBP_H4": "ds_4fda205dc95ef6d3050a338b",
    "EURGBP_D1": "ds_dc307b45fa2d2ec9ba010a06",
    "EURJPY_H4": "ds_8a25ca7e3af8bf059992523d",
    "EURJPY_D1": "ds_d52afb357acfafd05c778e99",
    "EURUSD_H4": "ds_7e580f69920fc10ab3fe3d07",
    "EURUSD_D1": "ds_a919ff4d7be2b3b803731bbd",
    "GBPJPY_H4": "ds_f995d56522470f8a41815f40",
    "GBPJPY_D1": "ds_e349d738b2104e6b155a2ec1",
    "GBPUSD_H4": "ds_f588002bfece4d20a887adb2",
    "GBPUSD_D1": "ds_12849393c960a8aae970127a",
    "NZDUSD_H4": "ds_b1ff1299fb5de3de52f931cc",
    "NZDUSD_D1": "ds_f14dfdebdb567d463aedc3cf",
    "UK100_H4": "ds_60d1f72c36bb1f79ddd7207b",
    "UK100_D1": "ds_902024ed7fe1c90da6160989",
    "US500_H4": "ds_611275defc76fd40bfbafc41",
    "US500_D1": "ds_50533d5c8bd73aae95f4f792",
    "USDCAD_H4": "ds_75c14e97ca44f2c63d86e7bc",
    "USDCAD_D1": "ds_1f556ebf7564ba9dd4b2d28c",
    "USDCHF_H4": "ds_432d9d9d63b2031014462b15",
    "USDCHF_D1": "ds_0de0ec59ebfd379cd2ed3978",
    "USDJPY_H4": "ds_eb2a6796b8847e9cc6686e3b",
    "USDJPY_D1": "ds_f68583a7243d71629e19871b",
    "XAGUSD_H4": "ds_4e9eb06628c281bdc80af975",
    "XAGUSD_D1": "ds_25e55ba40ea1502328b13ccc",
    "XAUUSD_H4": "ds_4b34c3447a6ca9669e49580f",
    "XAUUSD_D1": "ds_148eb2c812d52bbe45f8e0d6"
  },
  "planned_trials": 12408,
  "prior_trials": 8496,
  "trial_accounting": {
    "planned_in_this_campaign": 12408,
    "prior_from_ledger": 0,
    "prior_declared_externally": 8496,
    "external_reason": "K5 pre-registration: K4 true N 8496 (contains K3 7376 and the 4026 before); same sixteen markets, OANDA MID versions are new dataset ids; see RESEARCH_LEDGER.md K5",
    "true_trial_count": 20904
  },
  "true_trial_count": 20904,
  "ladder_evaluations": 2951,
  "engine_backtests_run": 2947,
  "cells_attempted": 1955,
  "cells_skipped": 1437,
  "skips_by_kind": {
    "out_of_universe": 1437
  },
  "rejections_by_rung": {
    "RUNG 0 SANITY": 1920,
    "RUNG 1 IN_SAMPLE_SCREEN": 6,
    "RUNG 2 WALK_FORWARD": 25,
    "RUNG 4 ROBUSTNESS": 4
  },
  "mutations_refused": 0,
  "survivors": [],
  "campaign_deflation_threshold": 0.03076195139417353,
  "deflation_variance_used": 5.805534241981484e-05,
  "holdout_unconsumed": true,
  "wall_clock_seconds": 7922.7
}

This campaign carried 1955 candidate cell(s) through the validation ladder over 16 instrument(s) (AUDJPY, AUDUSD, DE40, EURGBP, EURJPY, EURUSD, GBPJPY, GBPUSD, NZDUSD, UK100, US500, USDCAD, USDCHF, USDJPY, XAGUSD, XAUUSD) on 2 timeframe(s) (D1, H4), against gate set v2.0.0-audit. The true trial count for the whole search is 20904 (12408 planned in this campaign plus 8496 already spent on the same bars before it began), and that is the number the deflation used -- not the size of any one strategy's own parameter sweep. NOTHING SURVIVED. That is the expected outcome and it is a real result: it says these rule families, on this data, under these costs, do not clear a bar set for a search of this size. It does NOT say the underlying effects do not exist, that another instrument would behave the same way, or that a different cost model would give the same answer.

  -> research/reports/campaign_k5/campaign_k5_generated_families_oanda_mid.json
